subset,batch,adjustment,feature,n,pearson_r,spearman_rho,pearson_p_exploratory
all_labeled,ALL,none,dq100_10_log_variance,129,-0.850608694839654,-0.8920744865772992,2.899420566867446e-37
all_labeled,ALL,within_batch_mean_centered,dq100_10_log_variance,129,-0.7730897025494536,-0.8018794880605729,7.077133404782305e-27
all_labeled,ALL,none,dq100_10_abs_min_log,129,-0.8532779837010538,-0.8833981820563573,1.008140152042811e-37
all_labeled,ALL,within_batch_mean_centered,dq100_10_abs_min_log,129,-0.7791937952020997,-0.7946203708382926,1.5462445018207626e-27
all_labeled,ALL,none,dq100_10_mean,129,0.7973774367332498,0.8692740303990383,1.2299339950133296e-29
all_labeled,ALL,within_batch_mean_centered,dq100_10_mean,129,0.6825263077889372,0.7479881595871178,5.227624844847262e-19
all_labeled,ALL,none,dq100_10_min,129,0.8272875785170511,0.8833981820563573,1.332824387951881e-33
all_labeled,ALL,within_batch_mean_centered,dq100_10_min,129,0.7203759888227093,0.7727619585632709,6.42863696751764e-22
all_labeled,ALL,none,dq5_2_log_variance,129,-0.12644656811822896,-0.16666107627468668,0.1533159144342142
all_labeled,ALL,within_batch_mean_centered,dq5_2_log_variance,129,-0.16304885982463235,-0.20765212141932077,0.06485896271183883
all_labeled,ALL,none,qd2,129,-0.5248605385040861,-0.5328044812998647,1.7137322260054877e-10
all_labeled,ALL,within_batch_mean_centered,qd2,129,-0.012825590467840955,0.05246018946005212,0.8852961409476663
all_labeled,ALL,none,qd100,129,-0.4713955778251572,-0.483754290664077,1.7152902668748142e-08
all_labeled,ALL,within_batch_mean_centered,qd100,129,0.055980638573671145,0.12986747988616165,0.5286137365867957
all_labeled,ALL,none,qd_early_mean,129,-0.5002519530253491,-0.5122653428913982,1.5759767366085054e-09
all_labeled,ALL,within_batch_mean_centered,qd_early_mean,129,0.018247509074213342,0.09101708702036537,0.8373754912998066
all_labeled,ALL,none,qd_early_std,129,-0.07122245586008064,-0.5364074956450624,0.4225082830570793
all_labeled,ALL,within_batch_mean_centered,qd_early_std,129,-0.025488759999908826,-0.10010146552341147,0.7743225353346846
all_labeled,ALL,none,qd_delta_100_2,129,0.010568102389204803,-0.09107883586029772,0.9053818533070058
all_labeled,ALL,within_batch_mean_centered,qd_delta_100_2,129,0.13142287878028955,0.06403788046301119,0.13765104519743845
all_labeled,ALL,none,qd_early_slope,129,-0.09493823243197241,-0.18296828006823496,0.28452252986163246
all_labeled,ALL,within_batch_mean_centered,qd_early_slope,129,0.02036467912061378,0.05982552403098335,0.8188139444876215
all_labeled,ALL,none,ir_early_mean,123,-0.3355803184657725,-0.3581349830374751,0.00014799846262459528
all_labeled,ALL,within_batch_mean_centered,ir_early_mean,123,-0.03696165113462411,0.012846577873928285,0.684832407579326
all_labeled,ALL,none,ir_change_100_2,123,0.1861395787091045,0.02649292775073962,0.039268599129574755
all_labeled,ALL,within_batch_mean_centered,ir_change_100_2,123,0.06444837939957845,0.10502012921083595,0.4788174847690588
all_labeled,ALL,none,ir_early_slope,123,0.05311033489409089,-0.09648830052158977,0.5596106454529863
all_labeled,ALL,within_batch_mean_centered,ir_early_slope,123,0.02903242923962133,-0.02460648487850069,0.7499048605575545
all_labeled,ALL,none,tavg_early_mean,129,0.23871651476162684,0.1896599917380592,0.00644159661713217
all_labeled,ALL,within_batch_mean_centered,tavg_early_mean,129,0.002038241822303055,0.008796473584334186,0.9817103606516533
all_labeled,ALL,none,tmax_early_mean,129,-0.016765056384014154,-0.011477096122096195,0.8504264725383373
all_labeled,ALL,within_batch_mean_centered,tmax_early_mean,129,-0.1404949065357308,-0.10905167474395105,0.11227028332023907
all_labeled,ALL,none,chargetime_early_mean,129,-0.1941395725456267,-0.13269938170978926,0.027485068024234574
all_labeled,ALL,within_batch_mean_centered,chargetime_early_mean,129,0.07536641140002771,0.20471996355787603,0.395951250823327
all_labeled,ALL,none,chargetime_early_median,129,0.3153355953304912,-0.02772424183688205,0.0002726536442753342
all_labeled,ALL,within_batch_mean_centered,chargetime_early_median,129,0.44183189277154394,0.30393437995579364,1.5909475367777616e-07
all_labeled,ALL,none,chargetime_early_mean_qc,129,0.31102250636136963,-0.04778116929155196,0.00033379288376793103
all_labeled,ALL,within_batch_mean_centered,chargetime_early_mean_qc,129,0.4390565864508225,0.29262879553350685,1.9402123896552053e-07
all_labeled,ALL,none,qd_early_std_qc,129,-0.11169694162708801,-0.538067845157124,0.20758535005851314
all_labeled,ALL,within_batch_mean_centered,qd_early_std_qc,129,0.10171996850553579,-0.08680193539495197,0.25136112034791536
all_labeled,ALL,none,qd_early_slope_qc,129,-0.12070725290574455,-0.18424848221726564,0.17300403531075073
all_labeled,ALL,within_batch_mean_centered,qd_early_slope_qc,129,-0.0003930577703188387,0.036963637330548235,0.9964727031641685
all_labeled,ALL,none,c1,129,-0.07825177234916186,-0.02745209236655038,0.37806284703735527
all_labeled,ALL,within_batch_mean_centered,c1,129,-0.20392823194620033,-0.24597454943840857,0.02044659745870595
all_labeled,ALL,none,c2,129,-0.12481384857087102,-0.1458114796287822,0.15873698243529002
all_labeled,ALL,within_batch_mean_centered,c2,129,-0.07712004008891087,-0.016738517252164978,0.38501982297043663
all_labeled,ALL,none,switch_soc_pct,129,0.22158424331438925,0.16046877826173975,0.011613655448274663
all_labeled,ALL,within_batch_mean_centered,switch_soc_pct,129,0.33462815261195406,0.2895245230540255,0.00010618614411858031
all_labeled,ALL,none,c_max,129,-0.2595436861893796,-0.23349649355145863,0.002975757821279581
all_labeled,ALL,within_batch_mean_centered,c_max,129,-0.39487247732746467,-0.45945065721007095,3.641685155291402e-06
all_labeled,ALL,none,c_eff_0_80,129,-0.2233462025439555,-0.14554557685070574,0.010950990803687471
all_labeled,ALL,within_batch_mean_centered,c_eff_0_80,129,-0.3288433950073041,-0.20570277198550946,0.00014182076823316967
all_labeled,ALL,none,c_eff_soc60_80,129,-0.09815693810278264,-0.13169559263922007,0.2684357220766583
all_labeled,ALL,within_batch_mean_centered,c_eff_soc60_80,129,-0.07723434125450808,-0.024014849407438664,0.3843137013895293
all_labeled,ALL,none,cycle10_mean_c_timeweighted,129,-0.26421546980106747,-0.1347762162004657,0.0024809148172857246
all_labeled,ALL,within_batch_mean_centered,cycle10_mean_c_timeweighted,129,-0.23275487865912303,-0.2630444687408176,0.007944586779371158
all_labeled,ALL,none,cycle10_rms_c_timeweighted,129,-0.43166408055944083,-0.32294636569958746,3.2638620765827383e-07
all_labeled,ALL,within_batch_mean_centered,cycle10_rms_c_timeweighted,129,-0.46065443552203544,-0.46949745219773625,3.948361922016665e-08
all_labeled,ALL,none,cycle10_variance_c2_timeweighted,129,-0.5045589585141075,-0.4446857635090506,1.082397501719207e-09
all_labeled,ALL,within_batch_mean_centered,cycle10_variance_c2_timeweighted,129,-0.5947815782036184,-0.6199375554015654,1.0682336102177755e-13
all_labeled,ALL,none,cycle10_active_charge_duration_min,129,0.20319442679476063,0.131391227548771,0.020914180250937966
all_labeled,ALL,within_batch_mean_centered,cycle10_active_charge_duration_min,129,0.2633809258007105,0.26753634451140074,0.002563445063590237
all_labeled,ALL,none,cycle10_time_fraction_above_5c,129,-0.2673181392467065,-0.1908947582538032,0.002194727472671512
all_labeled,ALL,within_batch_mean_centered,cycle10_time_fraction_above_5c,129,-0.35297440594497675,-0.2514696500147603,4.0807329105039916e-05
all_labeled,B1,none,dq100_10_log_variance,46,-0.8861231036774866,-0.8711607269559923,2.7028986227212133e-16
all_labeled,B1,none,dq100_10_abs_min_log,46,-0.8734595787260442,-0.8500061691261938,2.4034484706545983e-15
all_labeled,B1,none,dq100_10_mean,46,0.8538097844630057,0.8281115101478308,4.662049720731829e-14
all_labeled,B1,none,dq100_10_min,46,0.8816450170696561,0.8500061691261938,6.021710550310929e-16
all_labeled,B1,none,dq5_2_log_variance,46,0.11171683195580659,-0.035463180035376685,0.4598058126276218
all_labeled,B1,none,qd2,46,0.08582220614767816,0.08005427423638074,0.5706438554326818
all_labeled,B1,none,qd100,46,0.295097964369578,0.3242876532626271,0.04648597040505474
all_labeled,B1,none,qd_early_mean,46,0.19339315214469416,0.18502528714109573,0.1978310206368536
all_labeled,B1,none,qd_early_std,46,-0.058477597420288054,0.052793881930925976,0.6994744794627566
all_labeled,B1,none,qd_delta_100_2,46,0.539507531603529,0.5656223027903297,0.00010924881715289039
all_labeled,B1,none,qd_early_slope,46,0.1837776162704347,0.4808807212797078,0.2214871980096122
all_labeled,B1,none,ir_early_mean,46,0.21796829272687473,0.18903416836248615,0.14561093150010587
all_labeled,B1,none,ir_change_100_2,46,0.1417220484913791,-0.225484149929282,0.3474707473506432
all_labeled,B1,none,ir_early_slope,46,0.10308933818039444,-0.32342420192263527,0.4953883152461926
all_labeled,B1,none,tavg_early_mean,46,-0.4817746366763403,-0.37146910148360657,0.0006988839225022428
all_labeled,B1,none,tmax_early_mean,46,-0.403595851944804,-0.32299247625263944,0.005412764186551646
all_labeled,B1,none,chargetime_early_mean,46,0.5770368723870705,0.6130504513941638,2.6943718079207877e-05
all_labeled,B1,none,chargetime_early_median,46,0.7439641856619084,0.6405575440824733,3.1283444160597523e-09
all_labeled,B1,none,chargetime_early_mean_qc,46,0.7394290405177046,0.6192796360612474,4.37173600892249e-09
all_labeled,B1,none,qd_early_std_qc,46,0.2581739340257214,0.05489083518519173,0.08321387722854573
all_labeled,B1,none,qd_early_slope_qc,46,0.15045157328713224,0.47878376802544204,0.3182670370830022
all_labeled,B1,none,c1,46,-0.5797191371008248,-0.48271400298540956,2.4216765973613692e-05
all_labeled,B1,none,c2,46,-0.09588674869190955,0.04741433338534666,0.5261452944131032
all_labeled,B1,none,switch_soc_pct,46,0.23455103060246418,0.18515925395200944,0.1166480711513576
all_labeled,B1,none,c_max,46,-0.5797191371008248,-0.48271400298540956,2.4216765973613692e-05
all_labeled,B1,none,c_eff_0_80,46,-0.7373768815234789,-0.6340127144645034,5.075114820835257e-09
all_labeled,B1,none,c_eff_soc60_80,46,-0.13570632404610253,-0.03167046100317046,0.36852226724936205
all_labeled,B1,none,cycle10_mean_c_timeweighted,46,-0.7855417920611814,-0.7170963378631734,1.0124528067983821e-10
all_labeled,B1,none,cycle10_rms_c_timeweighted,46,-0.8907023123490944,-0.8558036281232814,1.1501054660230148e-16
all_labeled,B1,none,cycle10_variance_c2_timeweighted,46,-0.9066142483120074,-0.8834340710030184,4.268320632200713e-18
all_labeled,B1,none,cycle10_active_charge_duration_min,46,0.7947172243665794,0.7111755286746583,4.284018243964995e-11
all_labeled,B1,none,cycle10_time_fraction_above_5c,46,-0.5003203079424774,-0.33184004740289114,0.00039896386626871454
all_labeled,B2,none,dq100_10_log_variance,39,-0.9018830736836404,-0.7089786451951733,4.670872120880439e-15
all_labeled,B2,none,dq100_10_abs_min_log,39,-0.8850112299470314,-0.6608968552940159,7.592030044445059e-14
all_labeled,B2,none,dq100_10_mean,39,0.767085207236818,0.6972365659772065,1.230232186326338e-08
all_labeled,B2,none,dq100_10_min,39,0.8185183255033293,0.6608968552940159,1.9486299290832401e-10
all_labeled,B2,none,dq5_2_log_variance,39,-0.32138266333248,-0.3278671947154721,0.04604166085947926
all_labeled,B2,none,qd2,39,-0.2843299440200719,0.08492762468857089,0.07938274134244888
all_labeled,B2,none,qd100,39,-0.333603319983239,0.07723453830438569,0.03794560060417252
all_labeled,B2,none,qd_early_mean,39,-0.3325695460441221,0.11711711771713532,0.0385820624555662
all_labeled,B2,none,qd_early_std,39,0.17290351138287338,-0.10051624709863038,0.29252234194436894
all_labeled,B2,none,qd_delta_100_2,39,-0.1992761181428123,-0.09666970390653778,0.22389621854470074
all_labeled,B2,none,qd_early_slope,39,-0.4452554580958957,-0.27108007022168396,0.004505675482950929
all_labeled,B2,none,ir_early_mean,33,-0.6255133874742116,-0.1992145072552431,9.920802832832366e-05
all_labeled,B2,none,ir_change_100_2,33,0.32985269607463075,0.30901646301589303,0.06084114813514257
all_labeled,B2,none,ir_early_slope,33,0.1911583402870009,0.2109133457685544,0.2865841227587095
all_labeled,B2,none,tavg_early_mean,39,0.42531202704892823,0.16550258208082647,0.0069515264830570375
all_labeled,B2,none,tmax_early_mean,39,0.018802285438894888,-0.13594493439422012,0.9095470935345
all_labeled,B2,none,chargetime_early_mean,39,0.08706750328012969,-0.39325842898104635,0.5981600160289364
all_labeled,B2,none,chargetime_early_median,39,-0.9183990085140908,-0.8115193887106946,1.7805968927382542e-16
all_labeled,B2,none,chargetime_early_mean_qc,39,-0.9174099479141917,-0.7562506365295747,2.2062767564933392e-16
all_labeled,B2,none,qd_early_std_qc,39,0.17290351138287338,-0.10051624709863038,0.29252234194436894
all_labeled,B2,none,qd_early_slope_qc,39,-0.4452554580958957,-0.27108007022168396,0.004505675482950929
all_labeled,B2,none,c1,39,0.19074658847387693,0.05509278655119761,0.2447592682571221
all_labeled,B2,none,c2,39,-0.11630518850837052,-0.11884016238051073,0.48075249647490165
all_labeled,B2,none,switch_soc_pct,39,0.11611987845984809,0.28781347990487877,0.48145664397821836
all_labeled,B2,none,c_max,39,-0.16109258689961564,-0.35908307144841967,0.3272294557175888
all_labeled,B2,none,c_eff_0_80,39,0.3336386287176393,0.32079048769847657,0.037924014245049716
all_labeled,B2,none,c_eff_soc60_80,39,-0.09762424892873792,-0.12166784835052745,0.5543578375653906
all_labeled,B2,none,cycle10_mean_c_timeweighted,39,-0.16258960932231975,-0.27857070696418007,0.3226940703693625
all_labeled,B2,none,cycle10_rms_c_timeweighted,39,-0.20703279865431684,-0.3815163497630794,0.20601194590580066
all_labeled,B2,none,cycle10_variance_c2_timeweighted,39,-0.30672732458550195,-0.5940884735366181,0.057531029612375696
all_labeled,B2,none,cycle10_active_charge_duration_min,39,0.12552052580228415,0.3031683384294038,0.4464238747496528
all_labeled,B2,none,cycle10_time_fraction_above_5c,39,-0.09999816713472534,-0.15746807507964763,0.5447195413306073
all_labeled,B3,none,dq100_10_log_variance,44,-0.7018620670132867,-0.7972372984772357,1.1066185992756973e-07
all_labeled,B3,none,dq100_10_abs_min_log,44,-0.6989814680678021,-0.7760236822430022,1.3118389563025398e-07
all_labeled,B3,none,dq100_10_mean,44,0.6391153658731696,0.7561491314853485,3.022533174394245e-06
all_labeled,B3,none,dq100_10_min,44,0.692115851544607,0.7760236822430022,1.952320462752641e-07
all_labeled,B3,none,dq5_2_log_variance,44,-0.20531189086638113,-0.2439213481285107,0.18123161700923723
all_labeled,B3,none,qd2,44,0.15505722081590834,0.1282683772302483,0.31488795507383704
all_labeled,B3,none,qd100,44,0.27181284496965685,0.1775318913423052,0.07428236592064172
all_labeled,B3,none,qd_early_mean,44,0.21780526120673896,0.16223835405716025,0.15552595884648693
all_labeled,B3,none,qd_early_std,44,-0.3434450423392429,-0.2764817823484968,0.022460347923775062
all_labeled,B3,none,qd_delta_100_2,44,0.2773310031955158,-0.14335048312435444,0.06836677435202404
all_labeled,B3,none,qd_early_slope,44,0.3382724993897104,0.08823736719355543,0.024709411852667
all_labeled,B3,none,ir_early_mean,44,0.1898513637128531,0.16865177291867264,0.21707605202412136
all_labeled,B3,none,ir_change_100_2,44,-0.3848847067294655,-0.16280217109993056,0.009886727315432298
all_labeled,B3,none,ir_early_slope,44,-0.3580029530003344,-0.2031150896580086,0.01703090950309946
all_labeled,B3,none,tavg_early_mean,44,-0.021766797465161858,0.025371766924664505,0.8884667991507859
all_labeled,B3,none,tmax_early_mean,44,-0.10649428050434656,-0.03509761091245256,0.49143549291492705
all_labeled,B3,none,chargetime_early_mean,44,0.6374731672218195,0.19197970306329473,3.263210072091498e-06
all_labeled,B3,none,chargetime_early_median,44,0.6383671096727547,0.26102124976562596,3.1300862599082714e-06
all_labeled,B3,none,chargetime_early_mean_qc,44,0.6374731672218195,0.19197970306329473,3.263210072091498e-06
all_labeled,B3,none,qd_early_std_qc,44,-0.3434450423392429,-0.2764817823484968,0.022460347923775062
all_labeled,B3,none,qd_early_slope_qc,44,0.3382724993897104,0.08823736719355543,0.024709411852667
all_labeled,B3,none,c1,44,-0.08289859421256335,-0.22887519748075072,0.5926643618733121
all_labeled,B3,none,c2,44,-0.042746376392717,0.015736317835818345,0.7829241112282228
all_labeled,B3,none,switch_soc_pct,44,0.5413599075607185,0.44332485175807257,0.00014786037370863076
all_labeled,B3,none,c_max,44,-0.6571319945941887,-0.6070241729582949,1.264946079034573e-06
all_labeled,B3,none,c_eff_0_80,44,-0.018138894979129502,-0.13205193371079488,0.9069666148879446
all_labeled,B3,none,c_eff_soc60_80,44,-0.03139356111005046,0.03424493567582358,0.8396851979023461
all_labeled,B3,none,cycle10_mean_c_timeweighted,44,-0.17329409582487051,0.02699274092262918,0.26061120863361675
all_labeled,B3,none,cycle10_rms_c_timeweighted,44,-0.5065306622765802,-0.24103178578431275,0.00045085602964209235
all_labeled,B3,none,cycle10_variance_c2_timeweighted,44,-0.6751371624207954,-0.438720136405657,4.988747135874727e-07
all_labeled,B3,none,cycle10_active_charge_duration_min,44,0.10805144817322429,-0.03601381360695433,0.4850853703261595
all_labeled,B3,none,cycle10_time_fraction_above_5c,44,-0.4643518917893413,-0.3021559399057169,0.001497175943592514
eol_compatible,ALL,none,dq100_10_log_variance,119,-0.8565113562611864,-0.8876924611705306,2.1159545062730524e-35
eol_compatible,ALL,within_batch_mean_centered,dq100_10_log_variance,119,-0.7618256843548051,-0.7886140359448236,8.310900180622026e-24
eol_compatible,ALL,none,dq100_10_abs_min_log,119,-0.853562949346365,-0.8764937544508828,6.358366538577582e-35
eol_compatible,ALL,within_batch_mean_centered,dq100_10_abs_min_log,119,-0.76343968450105,-0.7863529378700106,5.878493687819992e-24
eol_compatible,ALL,none,dq100_10_mean,119,0.7861149603314246,0.8614849948886203,3.3224566946569715e-26
eol_compatible,ALL,within_batch_mean_centered,dq100_10_mean,119,0.6496429621520903,0.7289708977509398,1.3200103735821026e-15
eol_compatible,ALL,none,dq100_10_min,119,0.8177874356339319,0.8764937544508828,7.578656662938778e-30
eol_compatible,ALL,within_batch_mean_centered,dq100_10_min,119,0.689067421384604,0.7495344274864431,4.602903463970703e-18
eol_compatible,ALL,none,dq5_2_log_variance,119,-0.13286749506808948,-0.17844934411928445,0.14972335072346832
eol_compatible,ALL,within_batch_mean_centered,dq5_2_log_variance,119,-0.19636567434845803,-0.24961454510623496,0.03232482180858424
eol_compatible,ALL,none,qd2,119,-0.5411323305188692,-0.5721987210197406,2.1016255310923847e-10
eol_compatible,ALL,within_batch_mean_centered,qd2,119,-0.007566007370584972,0.0571861969787326,0.9349128158361468
eol_compatible,ALL,none,qd100,119,-0.4983174157402495,-0.5414512385001353,8.070580704604839e-09
eol_compatible,ALL,within_batch_mean_centered,qd100,119,0.04471887833394429,0.11149528018667966,0.629154015272907
eol_compatible,ALL,none,qd_early_mean,119,-0.5296911990742535,-0.5651305388771329,5.857608663247093e-10
eol_compatible,ALL,within_batch_mean_centered,qd_early_mean,119,0.008171964977677536,0.07531058942093365,0.9297128537924478
eol_compatible,ALL,none,qd_early_std,119,-0.0922082664521221,-0.604249455259343,0.3185787057025357
eol_compatible,ALL,within_batch_mean_centered,qd_early_std,119,-0.03949587041199891,-0.16293081040821092,0.6697670036165769
eol_compatible,ALL,none,qd_delta_100_2,119,-0.02684733590942525,-0.17559358488584806,0.771945703761846
eol_compatible,ALL,within_batch_mean_centered,qd_delta_100_2,119,0.10037408952103873,-0.016849631637818344,0.2774169976775321
eol_compatible,ALL,none,qd_early_slope,119,-0.0897473690431017,-0.2180454073060837,0.3317202347413741
eol_compatible,ALL,within_batch_mean_centered,qd_early_slope,119,0.03192872285974587,0.0064628236311581365,0.7303103476816002
eol_compatible,ALL,none,ir_early_mean,113,-0.3939691714901986,-0.4582415823458419,1.579290503706415e-05
eol_compatible,ALL,within_batch_mean_centered,ir_early_mean,113,-0.05279280711556772,-0.0005239924062970984,0.5786600733051521
eol_compatible,ALL,none,ir_change_100_2,113,0.17394290092441939,0.02703562539663958,0.06539442776957044
eol_compatible,ALL,within_batch_mean_centered,ir_change_100_2,113,0.049799332791178236,0.11620155410121843,0.6004083126138378
eol_compatible,ALL,none,ir_early_slope,113,0.0454860482714664,-0.08954901117764037,0.6323691402302014
eol_compatible,ALL,within_batch_mean_centered,ir_early_slope,113,0.018845081961888242,0.03533205939603292,0.8429541515201227
eol_compatible,ALL,none,tavg_early_mean,119,0.3506793948608288,0.3250722842130643,9.229610111200298e-05
eol_compatible,ALL,within_batch_mean_centered,tavg_early_mean,119,0.09635348729007523,0.10265741338087551,0.29721443148010374
eol_compatible,ALL,none,tmax_early_mean,119,0.05364043694814331,0.07147231837099227,0.5623267055892698
eol_compatible,ALL,within_batch_mean_centered,tmax_early_mean,119,-0.07413023455653178,-0.04544629091155443,0.42299682248259735
eol_compatible,ALL,none,chargetime_early_mean,119,-0.1940301193073933,-0.2686122862013837,0.03447983144512818
eol_compatible,ALL,within_batch_mean_centered,chargetime_early_mean,119,0.06863048492112114,0.1602566613465031,0.4583037684583058
eol_compatible,ALL,none,chargetime_early_median,119,0.22704141794518568,-0.1945249087250101,0.013024295157045403
eol_compatible,ALL,within_batch_mean_centered,chargetime_early_median,119,0.3518469099158956,0.26373886586300127,8.71211707736712e-05
eol_compatible,ALL,none,chargetime_early_mean_qc,119,0.22196614136938161,-0.21658904131297213,0.015259854235911911
eol_compatible,ALL,within_batch_mean_centered,chargetime_early_mean_qc,119,0.34973798544197154,0.25472427067687514,9.667601463968282e-05
eol_compatible,ALL,none,qd_early_std_qc,119,-0.32154913543616837,-0.6071621872455663,0.00036268418202240935
eol_compatible,ALL,within_batch_mean_centered,qd_early_std_qc,119,-0.016386796607870822,-0.03166249461612019,0.8595996172254261
eol_compatible,ALL,none,qd_early_slope_qc,119,-0.11543482765407034,-0.21894984975657356,0.21124938303307358
eol_compatible,ALL,within_batch_mean_centered,qd_early_slope_qc,119,0.019357987165442056,-0.020759372875841283,0.8344784422513543
eol_compatible,ALL,none,c1,119,0.005404463907635923,0.0773026195568086,0.9534826925619775
eol_compatible,ALL,within_batch_mean_centered,c1,119,-0.04177431253654371,-0.1501120841736662,0.6519240714275928
eol_compatible,ALL,none,c2,119,-0.09634452433346218,-0.12083952262755489,0.29725958128672464
eol_compatible,ALL,within_batch_mean_centered,c2,119,-0.10019348960657597,-0.09254743663921738,0.27828678389111183
eol_compatible,ALL,none,switch_soc_pct,119,0.1669768212398909,0.08486937252637128,0.06951770903930096
eol_compatible,ALL,within_batch_mean_centered,switch_soc_pct,119,0.27640470778886805,0.26056797326017855,0.0023430630611079497
eol_compatible,ALL,none,c_max,119,-0.17960118777940398,-0.14447804284925206,0.05064676449916409
eol_compatible,ALL,within_batch_mean_centered,c_max,119,-0.27455659516633324,-0.37047260237699103,0.002513286457297879
eol_compatible,ALL,none,c_eff_0_80,119,-0.09616801542581009,-0.02917119789826124,0.29814964570776364
eol_compatible,ALL,within_batch_mean_centered,c_eff_0_80,119,-0.1924176373203268,-0.15123467926584255,0.03603733759612829
eol_compatible,ALL,none,c_eff_soc60_80,119,-0.0649703479361141,-0.09816750855508305,0.4826766587699398
eol_compatible,ALL,within_batch_mean_centered,c_eff_soc60_80,119,-0.09565247877041744,-0.08068147484890095,0.30075934425145034
eol_compatible,ALL,none,cycle10_mean_c_timeweighted,119,-0.2050128865102949,-0.022329758295361324,0.02531030182074859
eol_compatible,ALL,within_batch_mean_centered,cycle10_mean_c_timeweighted,119,-0.17246095451343477,-0.17036572817232012,0.06071740804465483
eol_compatible,ALL,none,cycle10_rms_c_timeweighted,119,-0.3766278429888792,-0.2264097195745901,2.4247486464135874e-05
eol_compatible,ALL,within_batch_mean_centered,cycle10_rms_c_timeweighted,119,-0.37169170126723516,-0.3914477081234751,3.154723832779676e-05
eol_compatible,ALL,none,cycle10_variance_c2_timeweighted,119,-0.4879952324906621,-0.35859006683692596,1.808142939004852e-08
eol_compatible,ALL,within_batch_mean_centered,cycle10_variance_c2_timeweighted,119,-0.5621528784232901,-0.5650466285035592,2.8819300189352557e-11
eol_compatible,ALL,none,cycle10_active_charge_duration_min,119,0.11757973494252158,0.022358244671754707,0.20283098111014933
eol_compatible,ALL,within_batch_mean_centered,cycle10_active_charge_duration_min,119,0.17712542989793395,0.17271228507200787,0.05396948274626928
eol_compatible,ALL,none,cycle10_time_fraction_above_5c,119,-0.21660062013371076,-0.11659332851966078,0.017978813306096762
eol_compatible,ALL,within_batch_mean_centered,cycle10_time_fraction_above_5c,119,-0.2894243933198485,-0.1903727396449659,0.0014102829587508121
eol_compatible,B1,none,dq100_10_log_variance,36,-0.8265843267936159,-0.8262324691948716,5.280374834293284e-10
eol_compatible,B1,none,dq100_10_abs_min_log,36,-0.8022578475264776,-0.7867164436390489,4.025452463485301e-09
eol_compatible,B1,none,dq100_10_mean,36,0.7675501139262229,0.7580126205154383,4.707154903727684e-08
eol_compatible,B1,none,dq100_10_min,36,0.8050607400473202,0.7867164436390489,3.232183573583952e-09
eol_compatible,B1,none,dq5_2_log_variance,36,-0.006228238092381627,-0.10014158919358311,0.9712417799908717
eol_compatible,B1,none,qd2,36,0.16054410943752817,0.16102458622258672,0.3496048513930463
eol_compatible,B1,none,qd100,36,0.3392489026123476,0.36954563312953354,0.04295698100418612
eol_compatible,B1,none,qd_early_mean,36,0.21453363882303644,0.2148281649924039,0.208947504260744
eol_compatible,B1,none,qd_early_std,36,-0.12051389877641043,-0.17904492360960683,0.48385067066138787
eol_compatible,B1,none,qd_delta_100_2,36,0.4727626958701707,0.41691337711827214,0.0035948340027134235
eol_compatible,B1,none,qd_early_slope,36,0.35812995267033626,0.4681426219756578,0.03198072957327132
eol_compatible,B1,none,ir_early_mean,36,0.22400166343887562,0.19552066064916804,0.1890685417038
eol_compatible,B1,none,ir_change_100_2,36,0.13701986425039642,-0.22512550064212966,0.4255240997588169
eol_compatible,B1,none,ir_early_slope,36,0.10968660041107917,-0.2517698566357951,0.5242424911827372
eol_compatible,B1,none,tavg_early_mean,36,-0.17270810876504025,-0.11635989284190121,0.31380380651557593
eol_compatible,B1,none,tmax_early_mean,36,-0.1633037864184322,-0.10245848971477142,0.3412733713376358
eol_compatible,B1,none,chargetime_early_mean,36,0.4897119425376296,0.47741022406041106,0.002433735782337766
eol_compatible,B1,none,chargetime_early_median,36,0.5709260353652215,0.46132063710771454,0.0002766272979378872
eol_compatible,B1,none,chargetime_early_mean_qc,36,0.5697695328050203,0.4255373957249175,0.0002864777264623944
eol_compatible,B1,none,qd_early_std_qc,36,-0.39418574046957183,-0.1834212912607403,0.01736596863380458
eol_compatible,B1,none,qd_early_slope_qc,36,0.5078411411814422,0.4725189896267913,0.0015679378965045066
eol_compatible,B1,none,c1,36,-0.2352243558586028,-0.23741033250727675,0.16727772665845503
eol_compatible,B1,none,c2,36,-0.23466244128456962,-0.16124117981690955,0.16832390806540912
eol_compatible,B1,none,switch_soc_pct,36,-0.17462388443306306,-0.058889962696132864,0.3083833796376952
eol_compatible,B1,none,c_max,36,-0.2352243558586028,-0.23741033250727675,0.16727772665845503
eol_compatible,B1,none,c_eff_0_80,36,-0.5798264409316723,-0.43486105531239155,0.00021039610617467437
eol_compatible,B1,none,c_eff_soc60_80,36,-0.264805751079462,-0.2174649069426784,0.11857769024100895
eol_compatible,B1,none,cycle10_mean_c_timeweighted,36,-0.6448034544747914,-0.5857896817737747,2.187100351271654e-05
eol_compatible,B1,none,cycle10_rms_c_timeweighted,36,-0.8174574568723452,-0.7657356222527325,1.171703699250131e-09
eol_compatible,B1,none,cycle10_variance_c2_timeweighted,36,-0.84295594669717,-0.8061526646779062,1.1182346517498291e-10
eol_compatible,B1,none,cycle10_active_charge_duration_min,36,0.6622721292967984,0.5802548638620472,1.0844841182917433e-05
eol_compatible,B1,none,cycle10_time_fraction_above_5c,36,-0.27249502488671,-0.10789236602878362,0.10786513589881182
eol_compatible,B2,none,dq100_10_log_variance,39,-0.9018830736836404,-0.7089786451951733,4.670872120880439e-15
eol_compatible,B2,none,dq100_10_abs_min_log,39,-0.8850112299470314,-0.6608968552940159,7.592030044445059e-14
eol_compatible,B2,none,dq100_10_mean,39,0.767085207236818,0.6972365659772065,1.230232186326338e-08
eol_compatible,B2,none,dq100_10_min,39,0.8185183255033293,0.6608968552940159,1.9486299290832401e-10
eol_compatible,B2,none,dq5_2_log_variance,39,-0.32138266333248,-0.3278671947154721,0.04604166085947926
eol_compatible,B2,none,qd2,39,-0.2843299440200719,0.08492762468857089,0.07938274134244888
eol_compatible,B2,none,qd100,39,-0.333603319983239,0.07723453830438569,0.03794560060417252
eol_compatible,B2,none,qd_early_mean,39,-0.3325695460441221,0.11711711771713532,0.0385820624555662
eol_compatible,B2,none,qd_early_std,39,0.17290351138287338,-0.10051624709863038,0.29252234194436894
eol_compatible,B2,none,qd_delta_100_2,39,-0.1992761181428123,-0.09666970390653778,0.22389621854470074
eol_compatible,B2,none,qd_early_slope,39,-0.4452554580958957,-0.27108007022168396,0.004505675482950929
eol_compatible,B2,none,ir_early_mean,33,-0.6255133874742116,-0.1992145072552431,9.920802832832366e-05
eol_compatible,B2,none,ir_change_100_2,33,0.32985269607463075,0.30901646301589303,0.06084114813514257
eol_compatible,B2,none,ir_early_slope,33,0.1911583402870009,0.2109133457685544,0.2865841227587095
eol_compatible,B2,none,tavg_early_mean,39,0.42531202704892823,0.16550258208082647,0.0069515264830570375
eol_compatible,B2,none,tmax_early_mean,39,0.018802285438894888,-0.13594493439422012,0.9095470935345
eol_compatible,B2,none,chargetime_early_mean,39,0.08706750328012969,-0.39325842898104635,0.5981600160289364
eol_compatible,B2,none,chargetime_early_median,39,-0.9183990085140908,-0.8115193887106946,1.7805968927382542e-16
eol_compatible,B2,none,chargetime_early_mean_qc,39,-0.9174099479141917,-0.7562506365295747,2.2062767564933392e-16
eol_compatible,B2,none,qd_early_std_qc,39,0.17290351138287338,-0.10051624709863038,0.29252234194436894
eol_compatible,B2,none,qd_early_slope_qc,39,-0.4452554580958957,-0.27108007022168396,0.004505675482950929
eol_compatible,B2,none,c1,39,0.19074658847387693,0.05509278655119761,0.2447592682571221
eol_compatible,B2,none,c2,39,-0.11630518850837052,-0.11884016238051073,0.48075249647490165
eol_compatible,B2,none,switch_soc_pct,39,0.11611987845984809,0.28781347990487877,0.48145664397821836
eol_compatible,B2,none,c_max,39,-0.16109258689961564,-0.35908307144841967,0.3272294557175888
eol_compatible,B2,none,c_eff_0_80,39,0.3336386287176393,0.32079048769847657,0.037924014245049716
eol_compatible,B2,none,c_eff_soc60_80,39,-0.09762424892873792,-0.12166784835052745,0.5543578375653906
eol_compatible,B2,none,cycle10_mean_c_timeweighted,39,-0.16258960932231975,-0.27857070696418007,0.3226940703693625
eol_compatible,B2,none,cycle10_rms_c_timeweighted,39,-0.20703279865431684,-0.3815163497630794,0.20601194590580066
eol_compatible,B2,none,cycle10_variance_c2_timeweighted,39,-0.30672732458550195,-0.5940884735366181,0.057531029612375696
eol_compatible,B2,none,cycle10_active_charge_duration_min,39,0.12552052580228415,0.3031683384294038,0.4464238747496528
eol_compatible,B2,none,cycle10_time_fraction_above_5c,39,-0.09999816713472534,-0.15746807507964763,0.5447195413306073
eol_compatible,B3,none,dq100_10_log_variance,44,-0.7018620670132867,-0.7972372984772357,1.1066185992756973e-07
eol_compatible,B3,none,dq100_10_abs_min_log,44,-0.6989814680678021,-0.7760236822430022,1.3118389563025398e-07
eol_compatible,B3,none,dq100_10_mean,44,0.6391153658731696,0.7561491314853485,3.022533174394245e-06
eol_compatible,B3,none,dq100_10_min,44,0.692115851544607,0.7760236822430022,1.952320462752641e-07
eol_compatible,B3,none,dq5_2_log_variance,44,-0.20531189086638113,-0.2439213481285107,0.18123161700923723
eol_compatible,B3,none,qd2,44,0.15505722081590834,0.1282683772302483,0.31488795507383704
eol_compatible,B3,none,qd100,44,0.27181284496965685,0.1775318913423052,0.07428236592064172
eol_compatible,B3,none,qd_early_mean,44,0.21780526120673896,0.16223835405716025,0.15552595884648693
eol_compatible,B3,none,qd_early_std,44,-0.3434450423392429,-0.2764817823484968,0.022460347923775062
eol_compatible,B3,none,qd_delta_100_2,44,0.2773310031955158,-0.14335048312435444,0.06836677435202404
eol_compatible,B3,none,qd_early_slope,44,0.3382724993897104,0.08823736719355543,0.024709411852667
eol_compatible,B3,none,ir_early_mean,44,0.1898513637128531,0.16865177291867264,0.21707605202412136
eol_compatible,B3,none,ir_change_100_2,44,-0.3848847067294655,-0.16280217109993056,0.009886727315432298
eol_compatible,B3,none,ir_early_slope,44,-0.3580029530003344,-0.2031150896580086,0.01703090950309946
eol_compatible,B3,none,tavg_early_mean,44,-0.021766797465161858,0.025371766924664505,0.8884667991507859
eol_compatible,B3,none,tmax_early_mean,44,-0.10649428050434656,-0.03509761091245256,0.49143549291492705
eol_compatible,B3,none,chargetime_early_mean,44,0.6374731672218195,0.19197970306329473,3.263210072091498e-06
eol_compatible,B3,none,chargetime_early_median,44,0.6383671096727547,0.26102124976562596,3.1300862599082714e-06
eol_compatible,B3,none,chargetime_early_mean_qc,44,0.6374731672218195,0.19197970306329473,3.263210072091498e-06
eol_compatible,B3,none,qd_early_std_qc,44,-0.3434450423392429,-0.2764817823484968,0.022460347923775062
eol_compatible,B3,none,qd_early_slope_qc,44,0.3382724993897104,0.08823736719355543,0.024709411852667
eol_compatible,B3,none,c1,44,-0.08289859421256335,-0.22887519748075072,0.5926643618733121
eol_compatible,B3,none,c2,44,-0.042746376392717,0.015736317835818345,0.7829241112282228
eol_compatible,B3,none,switch_soc_pct,44,0.5413599075607185,0.44332485175807257,0.00014786037370863076
eol_compatible,B3,none,c_max,44,-0.6571319945941887,-0.6070241729582949,1.264946079034573e-06
eol_compatible,B3,none,c_eff_0_80,44,-0.018138894979129502,-0.13205193371079488,0.9069666148879446
eol_compatible,B3,none,c_eff_soc60_80,44,-0.03139356111005046,0.03424493567582358,0.8396851979023461
eol_compatible,B3,none,cycle10_mean_c_timeweighted,44,-0.17329409582487051,0.02699274092262918,0.26061120863361675
eol_compatible,B3,none,cycle10_rms_c_timeweighted,44,-0.5065306622765802,-0.24103178578431275,0.00045085602964209235
eol_compatible,B3,none,cycle10_variance_c2_timeweighted,44,-0.6751371624207954,-0.438720136405657,4.988747135874727e-07
eol_compatible,B3,none,cycle10_active_charge_duration_min,44,0.10805144817322429,-0.03601381360695433,0.4850853703261595
eol_compatible,B3,none,cycle10_time_fraction_above_5c,44,-0.4643518917893413,-0.3021559399057169,0.001497175943592514
eol_compatible_no_qd_high,ALL,none,dq100_10_log_variance,118,-0.8563460197685403,-0.8854007268625481,4.379654849302537e-35
eol_compatible_no_qd_high,ALL,within_batch_mean_centered,dq100_10_log_variance,118,-0.7614548046473036,-0.791195547422367,1.3936351980408824e-23
eol_compatible_no_qd_high,ALL,none,dq100_10_abs_min_log,118,-0.8533627266894751,-0.8740171284463452,1.3187328935799252e-34
eol_compatible_no_qd_high,ALL,within_batch_mean_centered,dq100_10_abs_min_log,118,-0.7631651698034388,-0.7867801735944221,9.69154579194089e-24
eol_compatible_no_qd_high,ALL,none,dq100_10_mean,118,0.785916443667207,0.8588828224351984,5.661441061274282e-26
eol_compatible_no_qd_high,ALL,within_batch_mean_centered,dq100_10_mean,118,0.6492311455998959,0.7306256756800458,1.8408101510358647e-15
eol_compatible_no_qd_high,ALL,none,dq100_10_min,118,0.8176061161302769,0.8740171284463452,1.393178760449635e-29
eol_compatible_no_qd_high,ALL,within_batch_mean_centered,dq100_10_min,118,0.6887644517127375,0.7520086481884142,6.681844381201492e-18
eol_compatible_no_qd_high,ALL,none,dq5_2_log_variance,118,-0.1478537075812958,-0.1880904990796538,0.11008752307092244
eol_compatible_no_qd_high,ALL,within_batch_mean_centered,dq5_2_log_variance,118,-0.21227231474646457,-0.25688418501556426,0.02101661585907189
eol_compatible_no_qd_high,ALL,none,qd2,118,-0.5454275530278749,-0.5800558772052203,1.6964425306424302e-10
eol_compatible_no_qd_high,ALL,within_batch_mean_centered,qd2,118,-0.01256480103706161,0.050658106176529265,0.8925794205726307
eol_compatible_no_qd_high,ALL,none,qd100,118,-0.5032358551287659,-0.5496557895515557,6.324624909285942e-09
eol_compatible_no_qd_high,ALL,within_batch_mean_centered,qd100,118,0.03976733274950066,0.10467978497136891,0.6689755354361469
eol_compatible_no_qd_high,ALL,none,qd_early_mean,118,-0.5290379815784856,-0.5632087358853796,7.340400526070679e-10
eol_compatible_no_qd_high,ALL,within_batch_mean_centered,qd_early_mean,118,0.010053921589159725,0.07708461156859657,0.9139531225175249
eol_compatible_no_qd_high,ALL,none,qd_early_std,118,-0.3223520142343572,-0.6033708891683384,0.00037102499868198055
eol_compatible_no_qd_high,ALL,within_batch_mean_centered,qd_early_std,118,-0.015425672567479017,-0.028782101851144624,0.8683208159776208
eol_compatible_no_qd_high,ALL,none,qd_delta_100_2,118,-0.02886591695892628,-0.18730894949317087,0.7563397993784723
eol_compatible_no_qd_high,ALL,within_batch_mean_centered,qd_delta_100_2,118,0.09814243019677499,-0.024023431795055113,0.29037207631513995
eol_compatible_no_qd_high,ALL,none,qd_early_slope,118,-0.1182635633525039,-0.2289209868220819,0.20214053957856573
eol_compatible_no_qd_high,ALL,within_batch_mean_centered,qd_early_slope,118,0.01687916632603296,-0.025166535193025964,0.856041260511058
eol_compatible_no_qd_high,ALL,none,ir_early_mean,112,-0.39506218228028456,-0.4564210436908167,1.627060271600526e-05
eol_compatible_no_qd_high,ALL,within_batch_mean_centered,ir_early_mean,112,-0.0456987294869712,0.017460124246351082,0.6323268154409961
eol_compatible_no_qd_high,ALL,none,ir_change_100_2,112,0.23206981848411443,0.01807950626449966,0.013810458213105569
eol_compatible_no_qd_high,ALL,within_batch_mean_centered,ir_change_100_2,112,0.030904448663762407,0.0597565064409731,0.7463392493318962
eol_compatible_no_qd_high,ALL,none,ir_early_slope,112,0.027213640829334203,-0.09991351052337362,0.7757790422585203
eol_compatible_no_qd_high,ALL,within_batch_mean_centered,ir_early_slope,112,-0.05865961420635859,-0.028863874671438514,0.5389774508879804
eol_compatible_no_qd_high,ALL,none,tavg_early_mean,118,0.34904123334099263,0.3214652229037569,0.00010716949397719478
eol_compatible_no_qd_high,ALL,within_batch_mean_centered,tavg_early_mean,118,0.09363527500380625,0.10171063780667146,0.31320030740154975
eol_compatible_no_qd_high,ALL,none,tmax_early_mean,118,0.05190814178503392,0.0690429669741147,0.576679944935916
eol_compatible_no_qd_high,ALL,within_batch_mean_centered,tmax_early_mean,118,-0.07564812781665226,-0.045797177669503066,0.41554823580199696
eol_compatible_no_qd_high,ALL,none,chargetime_early_mean,118,-0.19543265698621318,-0.2793309351502334,0.03393538945876787
eol_compatible_no_qd_high,ALL,within_batch_mean_centered,chargetime_early_mean,118,0.06827600753226125,0.15761314168123955,0.462564898490159
eol_compatible_no_qd_high,ALL,none,chargetime_early_median,118,0.2253555606093876,-0.20414733333905474,0.014144328770640478
eol_compatible_no_qd_high,ALL,within_batch_mean_centered,chargetime_early_median,118,0.35033653784278207,0.2570033471550483,0.0001006097197527712
eol_compatible_no_qd_high,ALL,none,chargetime_early_mean_qc,118,0.22014078655942837,-0.22645581873387624,0.016604609848297903
eol_compatible_no_qd_high,ALL,within_batch_mean_centered,chargetime_early_mean_qc,118,0.3483531512702534,0.2478525725453345,0.00011081402348192205
eol_compatible_no_qd_high,ALL,none,qd_early_std_qc,118,-0.3223520142343572,-0.6033708891683384,0.00037102499868198055
eol_compatible_no_qd_high,ALL,within_batch_mean_centered,qd_early_std_qc,118,-0.015425672567479017,-0.028782101851144624,0.8683208159776208
eol_compatible_no_qd_high,ALL,none,qd_early_slope_qc,118,-0.1182635633525039,-0.2289209868220819,0.20214053957856573
eol_compatible_no_qd_high,ALL,within_batch_mean_centered,qd_early_slope_qc,118,0.01687916632603296,-0.025166535193025964,0.856041260511058
eol_compatible_no_qd_high,ALL,none,c1,118,0.00515320090196348,0.07576762968811718,0.9558336937281154
eol_compatible_no_qd_high,ALL,within_batch_mean_centered,c1,118,-0.045977502804536635,-0.18076789320978856,0.621031889144738
eol_compatible_no_qd_high,ALL,none,c2,118,-0.10287949271536238,-0.12709932008851657,0.26760050397129004
eol_compatible_no_qd_high,ALL,within_batch_mean_centered,c2,118,-0.10388163908332443,-0.09825213338488177,0.2629427886007334
eol_compatible_no_qd_high,ALL,none,switch_soc_pct,118,0.1713721476914241,0.0911839050429082,0.0635230317655725
eol_compatible_no_qd_high,ALL,within_batch_mean_centered,switch_soc_pct,118,0.28157210124911947,0.2631093968205104,0.002009376221908048
eol_compatible_no_qd_high,ALL,none,c_max,118,-0.18073190341616524,-0.14784337259487154,0.05017001724754404
eol_compatible_no_qd_high,ALL,within_batch_mean_centered,c_max,118,-0.28122231797816355,-0.3782954283583995,0.0020365955161973062
eol_compatible_no_qd_high,ALL,none,c_eff_0_80,118,-0.09374725779302552,-0.02142997232544816,0.3126193742092038
eol_compatible_no_qd_high,ALL,within_batch_mean_centered,c_eff_0_80,118,-0.1888731685688319,-0.14802063423151432,0.04052850633595862
eol_compatible_no_qd_high,ALL,none,c_eff_soc60_80,118,-0.06679867233932257,-0.10082161889938819,0.472326876295752
eol_compatible_no_qd_high,ALL,within_batch_mean_centered,c_eff_soc60_80,118,-0.09437062385251606,-0.07922623911025171,0.3093983497437478
eol_compatible_no_qd_high,ALL,none,cycle10_mean_c_timeweighted,118,-0.2044815462283032,-0.018658583352063055,0.026343055697166787
eol_compatible_no_qd_high,ALL,within_batch_mean_centered,cycle10_mean_c_timeweighted,118,-0.17057193861438744,-0.16391299267644627,0.06478786959197637
eol_compatible_no_qd_high,ALL,none,cycle10_rms_c_timeweighted,118,-0.3753580202959077,-0.22071106406313926,2.8114162577091857e-05
eol_compatible_no_qd_high,ALL,within_batch_mean_centered,cycle10_rms_c_timeweighted,118,-0.3701000042971142,-0.3882497735938757,3.707741332362364e-05
eol_compatible_no_qd_high,ALL,none,cycle10_variance_c2_timeweighted,118,-0.48736398173932066,-0.3562989610153203,2.1824173331497458e-08
eol_compatible_no_qd_high,ALL,within_batch_mean_centered,cycle10_variance_c2_timeweighted,118,-0.5614039119509644,-0.5616143688068989,3.762497122174393e-11
eol_compatible_no_qd_high,ALL,none,cycle10_active_charge_duration_min,118,0.11574197148714242,0.01946934974551735,0.21199629630671538
eol_compatible_no_qd_high,ALL,within_batch_mean_centered,cycle10_active_charge_duration_min,118,0.17424025009730443,0.16539939230256173,0.059154038082364156
eol_compatible_no_qd_high,ALL,none,cycle10_time_fraction_above_5c,118,-0.21370025868633635,-0.11137620194138864,0.020148175167214847
eol_compatible_no_qd_high,ALL,within_batch_mean_centered,cycle10_time_fraction_above_5c,118,-0.2872249361616574,-0.18592571505543826,0.0016128401119683952
eol_compatible_no_qd_high,B1,none,dq100_10_log_variance,35,-0.8245724999441283,-0.8211234146952927,1.133097009350107e-09
eol_compatible_no_qd_high,B1,none,dq100_10_abs_min_log,35,-0.8006044795451744,-0.7820423105158342,7.744169697568654e-09
eol_compatible_no_qd_high,B1,none,dq100_10_mean,35,0.7660885601777112,0.7495447615207286,8.162321171519822e-08
eol_compatible_no_qd_high,B1,none,dq100_10_min,35,0.8045294648378902,0.7820423105158342,5.756617823678519e-09
eol_compatible_no_qd_high,B1,none,dq5_2_log_variance,35,-0.10863198209886657,-0.14679927304685547,0.5344825917861644
eol_compatible_no_qd_high,B1,none,qd2,35,0.13823790926750051,0.13307186010926783,0.42839658394446745
eol_compatible_no_qd_high,B1,none,qd100,35,0.3221924371060544,0.34794789527518033,0.05908301167332134
eol_compatible_no_qd_high,B1,none,qd_early_mean,35,0.22874829523145002,0.2372881379211576,0.18625145134892182
eol_compatible_no_qd_high,B1,none,qd_early_std,35,-0.38285768947603815,-0.1432973819913484,0.023206000419095853
eol_compatible_no_qd_high,B1,none,qd_delta_100_2,35,0.46252096094913964,0.3889900584457229,0.005149389249145645
eol_compatible_no_qd_high,B1,none,qd_early_slope,35,0.49845401520710014,0.44642107175603857,0.0023074312952972103
eol_compatible_no_qd_high,B1,none,ir_early_mean,35,0.3231426070360786,0.24667320594991649,0.05829664483149082
eol_compatible_no_qd_high,B1,none,ir_change_100_2,35,0.12616944666847382,-0.27748984723837855,0.4701628639270519
eol_compatible_no_qd_high,B1,none,ir_early_slope,35,-0.01515010422193784,-0.3064855051779769,0.9311651719698394
eol_compatible_no_qd_high,B1,none,tavg_early_mean,35,-0.20172277297372476,-0.15548396286451296,0.24521090291610445
eol_compatible_no_qd_high,B1,none,tmax_early_mean,35,-0.17455978933085903,-0.1256478510715929,0.31589384772205126
eol_compatible_no_qd_high,B1,none,chargetime_early_mean,35,0.48186536034150473,0.45762712313366116,0.0033782460282313544
eol_compatible_no_qd_high,B1,none,chargetime_early_median,35,0.5637182124648569,0.4409581217094476,0.00042123493469162844
eol_compatible_no_qd_high,B1,none,chargetime_early_mean_qc,35,0.5623427092543919,0.4028575470255309,0.0004382125535267969
eol_compatible_no_qd_high,B1,none,qd_early_std_qc,35,-0.38285768947603815,-0.1432973819913484,0.023206000419095853
eol_compatible_no_qd_high,B1,none,qd_early_slope_qc,35,0.49845401520710014,0.44642107175603857,0.0023074312952972103
eol_compatible_no_qd_high,B1,none,c1,35,-0.2545483094684356,-0.26989458832367696,0.14003282884154974
eol_compatible_no_qd_high,B1,none,c2,35,-0.2562545913843592,-0.18703157187390781,0.13730457618429562
eol_compatible_no_qd_high,B1,none,switch_soc_pct,35,-0.15650734114558756,-0.028562133048405835,0.36927412245058505
eol_compatible_no_qd_high,B1,none,c_max,35,-0.2545483094684356,-0.26989458832367696,0.14003282884154974
eol_compatible_no_qd_high,B1,none,c_eff_0_80,35,-0.572568019071497,-0.4148717830351876,0.0003253128960462407
eol_compatible_no_qd_high,B1,none,c_eff_soc60_80,35,-0.25977701966329303,-0.18522389553587273,0.1317963825252632
eol_compatible_no_qd_high,B1,none,cycle10_mean_c_timeweighted,35,-0.6397558755720174,-0.5716486959009707,3.504702111547663e-05
eol_compatible_no_qd_high,B1,none,cycle10_rms_c_timeweighted,35,-0.8152469834881072,-0.7582294513383862,2.4730993804360017e-09
eol_compatible_no_qd_high,B1,none,cycle10_variance_c2_timeweighted,35,-0.84094106110274,-0.8019330517111141,2.5614843971089073e-10
eol_compatible_no_qd_high,B1,none,cycle10_active_charge_duration_min,35,0.6601819840375971,0.5673063509921419,1.595902739510481e-05
eol_compatible_no_qd_high,B1,none,cycle10_time_fraction_above_5c,35,-0.25322121628615923,-0.07510158403550865,0.14218211714610568
eol_compatible_no_qd_high,B2,none,dq100_10_log_variance,39,-0.9018830736836404,-0.7089786451951733,4.670872120880439e-15
eol_compatible_no_qd_high,B2,none,dq100_10_abs_min_log,39,-0.8850112299470314,-0.6608968552940159,7.592030044445059e-14
eol_compatible_no_qd_high,B2,none,dq100_10_mean,39,0.767085207236818,0.6972365659772065,1.230232186326338e-08
eol_compatible_no_qd_high,B2,none,dq100_10_min,39,0.8185183255033293,0.6608968552940159,1.9486299290832401e-10
eol_compatible_no_qd_high,B2,none,dq5_2_log_variance,39,-0.32138266333248,-0.3278671947154721,0.04604166085947926
eol_compatible_no_qd_high,B2,none,qd2,39,-0.2843299440200719,0.08492762468857089,0.07938274134244888
eol_compatible_no_qd_high,B2,none,qd100,39,-0.333603319983239,0.07723453830438569,0.03794560060417252
eol_compatible_no_qd_high,B2,none,qd_early_mean,39,-0.3325695460441221,0.11711711771713532,0.0385820624555662
eol_compatible_no_qd_high,B2,none,qd_early_std,39,0.17290351138287338,-0.10051624709863038,0.29252234194436894
eol_compatible_no_qd_high,B2,none,qd_delta_100_2,39,-0.1992761181428123,-0.09666970390653778,0.22389621854470074
eol_compatible_no_qd_high,B2,none,qd_early_slope,39,-0.4452554580958957,-0.27108007022168396,0.004505675482950929
eol_compatible_no_qd_high,B2,none,ir_early_mean,33,-0.6255133874742116,-0.1992145072552431,9.920802832832366e-05
eol_compatible_no_qd_high,B2,none,ir_change_100_2,33,0.32985269607463075,0.30901646301589303,0.06084114813514257
eol_compatible_no_qd_high,B2,none,ir_early_slope,33,0.1911583402870009,0.2109133457685544,0.2865841227587095
eol_compatible_no_qd_high,B2,none,tavg_early_mean,39,0.42531202704892823,0.16550258208082647,0.0069515264830570375
eol_compatible_no_qd_high,B2,none,tmax_early_mean,39,0.018802285438894888,-0.13594493439422012,0.9095470935345
eol_compatible_no_qd_high,B2,none,chargetime_early_mean,39,0.08706750328012969,-0.39325842898104635,0.5981600160289364
eol_compatible_no_qd_high,B2,none,chargetime_early_median,39,-0.9183990085140908,-0.8115193887106946,1.7805968927382542e-16
eol_compatible_no_qd_high,B2,none,chargetime_early_mean_qc,39,-0.9174099479141917,-0.7562506365295747,2.2062767564933392e-16
eol_compatible_no_qd_high,B2,none,qd_early_std_qc,39,0.17290351138287338,-0.10051624709863038,0.29252234194436894
eol_compatible_no_qd_high,B2,none,qd_early_slope_qc,39,-0.4452554580958957,-0.27108007022168396,0.004505675482950929
eol_compatible_no_qd_high,B2,none,c1,39,0.19074658847387693,0.05509278655119761,0.2447592682571221
eol_compatible_no_qd_high,B2,none,c2,39,-0.11630518850837052,-0.11884016238051073,0.48075249647490165
eol_compatible_no_qd_high,B2,none,switch_soc_pct,39,0.11611987845984809,0.28781347990487877,0.48145664397821836
eol_compatible_no_qd_high,B2,none,c_max,39,-0.16109258689961564,-0.35908307144841967,0.3272294557175888
eol_compatible_no_qd_high,B2,none,c_eff_0_80,39,0.3336386287176393,0.32079048769847657,0.037924014245049716
eol_compatible_no_qd_high,B2,none,c_eff_soc60_80,39,-0.09762424892873792,-0.12166784835052745,0.5543578375653906
eol_compatible_no_qd_high,B2,none,cycle10_mean_c_timeweighted,39,-0.16258960932231975,-0.27857070696418007,0.3226940703693625
eol_compatible_no_qd_high,B2,none,cycle10_rms_c_timeweighted,39,-0.20703279865431684,-0.3815163497630794,0.20601194590580066
eol_compatible_no_qd_high,B2,none,cycle10_variance_c2_timeweighted,39,-0.30672732458550195,-0.5940884735366181,0.057531029612375696
eol_compatible_no_qd_high,B2,none,cycle10_active_charge_duration_min,39,0.12552052580228415,0.3031683384294038,0.4464238747496528
eol_compatible_no_qd_high,B2,none,cycle10_time_fraction_above_5c,39,-0.09999816713472534,-0.15746807507964763,0.5447195413306073
eol_compatible_no_qd_high,B3,none,dq100_10_log_variance,44,-0.7018620670132867,-0.7972372984772357,1.1066185992756973e-07
eol_compatible_no_qd_high,B3,none,dq100_10_abs_min_log,44,-0.6989814680678021,-0.7760236822430022,1.3118389563025398e-07
eol_compatible_no_qd_high,B3,none,dq100_10_mean,44,0.6391153658731696,0.7561491314853485,3.022533174394245e-06
eol_compatible_no_qd_high,B3,none,dq100_10_min,44,0.692115851544607,0.7760236822430022,1.952320462752641e-07
eol_compatible_no_qd_high,B3,none,dq5_2_log_variance,44,-0.20531189086638113,-0.2439213481285107,0.18123161700923723
eol_compatible_no_qd_high,B3,none,qd2,44,0.15505722081590834,0.1282683772302483,0.31488795507383704
eol_compatible_no_qd_high,B3,none,qd100,44,0.27181284496965685,0.1775318913423052,0.07428236592064172
eol_compatible_no_qd_high,B3,none,qd_early_mean,44,0.21780526120673896,0.16223835405716025,0.15552595884648693
eol_compatible_no_qd_high,B3,none,qd_early_std,44,-0.3434450423392429,-0.2764817823484968,0.022460347923775062
eol_compatible_no_qd_high,B3,none,qd_delta_100_2,44,0.2773310031955158,-0.14335048312435444,0.06836677435202404
eol_compatible_no_qd_high,B3,none,qd_early_slope,44,0.3382724993897104,0.08823736719355543,0.024709411852667
eol_compatible_no_qd_high,B3,none,ir_early_mean,44,0.1898513637128531,0.16865177291867264,0.21707605202412136
eol_compatible_no_qd_high,B3,none,ir_change_100_2,44,-0.3848847067294655,-0.16280217109993056,0.009886727315432298
eol_compatible_no_qd_high,B3,none,ir_early_slope,44,-0.3580029530003344,-0.2031150896580086,0.01703090950309946
eol_compatible_no_qd_high,B3,none,tavg_early_mean,44,-0.021766797465161858,0.025371766924664505,0.8884667991507859
eol_compatible_no_qd_high,B3,none,tmax_early_mean,44,-0.10649428050434656,-0.03509761091245256,0.49143549291492705
eol_compatible_no_qd_high,B3,none,chargetime_early_mean,44,0.6374731672218195,0.19197970306329473,3.263210072091498e-06
eol_compatible_no_qd_high,B3,none,chargetime_early_median,44,0.6383671096727547,0.26102124976562596,3.1300862599082714e-06
eol_compatible_no_qd_high,B3,none,chargetime_early_mean_qc,44,0.6374731672218195,0.19197970306329473,3.263210072091498e-06
eol_compatible_no_qd_high,B3,none,qd_early_std_qc,44,-0.3434450423392429,-0.2764817823484968,0.022460347923775062
eol_compatible_no_qd_high,B3,none,qd_early_slope_qc,44,0.3382724993897104,0.08823736719355543,0.024709411852667
eol_compatible_no_qd_high,B3,none,c1,44,-0.08289859421256335,-0.22887519748075072,0.5926643618733121
eol_compatible_no_qd_high,B3,none,c2,44,-0.042746376392717,0.015736317835818345,0.7829241112282228
eol_compatible_no_qd_high,B3,none,switch_soc_pct,44,0.5413599075607185,0.44332485175807257,0.00014786037370863076
eol_compatible_no_qd_high,B3,none,c_max,44,-0.6571319945941887,-0.6070241729582949,1.264946079034573e-06
eol_compatible_no_qd_high,B3,none,c_eff_0_80,44,-0.018138894979129502,-0.13205193371079488,0.9069666148879446
eol_compatible_no_qd_high,B3,none,c_eff_soc60_80,44,-0.03139356111005046,0.03424493567582358,0.8396851979023461
eol_compatible_no_qd_high,B3,none,cycle10_mean_c_timeweighted,44,-0.17329409582487051,0.02699274092262918,0.26061120863361675
eol_compatible_no_qd_high,B3,none,cycle10_rms_c_timeweighted,44,-0.5065306622765802,-0.24103178578431275,0.00045085602964209235
eol_compatible_no_qd_high,B3,none,cycle10_variance_c2_timeweighted,44,-0.6751371624207954,-0.438720136405657,4.988747135874727e-07
eol_compatible_no_qd_high,B3,none,cycle10_active_charge_duration_min,44,0.10805144817322429,-0.03601381360695433,0.4850853703261595
eol_compatible_no_qd_high,B3,none,cycle10_time_fraction_above_5c,44,-0.4643518917893413,-0.3021559399057169,0.001497175943592514
exclude_documented_collection_issue,ALL,none,dq100_10_log_variance,128,-0.8482384545982009,-0.8898340486991936,1.3804032287472663e-36
exclude_documented_collection_issue,ALL,within_batch_mean_centered,dq100_10_log_variance,128,-0.7713969549294215,-0.7913654038477407,1.6881211547444246e-26
exclude_documented_collection_issue,ALL,none,dq100_10_abs_min_log,128,-0.8503371602375406,-0.8808783977687074,6.151734767312031e-37
exclude_documented_collection_issue,ALL,within_batch_mean_centered,dq100_10_abs_min_log,128,-0.7766830360245948,-0.7893081851272606,4.63383315119994e-27
exclude_documented_collection_issue,ALL,none,dq100_10_mean,128,0.7926975543253086,0.8664549356790645,7.359065434543791e-29
exclude_documented_collection_issue,ALL,within_batch_mean_centered,dq100_10_mean,128,0.6781866415222184,0.7428791334204048,1.4442370424352735e-18
exclude_documented_collection_issue,ALL,none,dq100_10_min,128,0.8234289506531934,0.8808783977687074,8.425504510973725e-33
exclude_documented_collection_issue,ALL,within_batch_mean_centered,dq100_10_min,128,0.7168799566318971,0.7691194016895595,1.7991119170783707e-21
exclude_documented_collection_issue,ALL,none,dq5_2_log_variance,128,-0.132584697991109,-0.17608583692140364,0.1357242220310403
exclude_documented_collection_issue,ALL,within_batch_mean_centered,dq5_2_log_variance,128,-0.166224142983118,-0.21389638370921404,0.06076095371549933
exclude_documented_collection_issue,ALL,none,qd2,128,-0.5105610090619679,-0.5230042918797467,7.420239253257723e-10
exclude_documented_collection_issue,ALL,within_batch_mean_centered,qd2,128,0.009766894833494084,0.07247761809246092,0.912870619880721
exclude_documented_collection_issue,ALL,none,qd100,128,-0.45687053875768757,-0.47352789702672093,5.9360045025007345e-08
exclude_documented_collection_issue,ALL,within_batch_mean_centered,qd100,128,0.07436783463244717,0.14630001059191156,0.4041241362738711
exclude_documented_collection_issue,ALL,none,qd_early_mean,128,-0.4853773438689176,-0.5021630901616436,6.36703898598444e-09
exclude_documented_collection_issue,ALL,within_batch_mean_centered,qd_early_mean,128,0.039542240783175635,0.10718424268136587,0.6576542180865671
exclude_documented_collection_issue,ALL,none,qd_early_std,128,-0.07045940838474668,-0.5482203147712409,0.42934080330155117
exclude_documented_collection_issue,ALL,within_batch_mean_centered,qd_early_std,128,-0.026253864419017132,-0.10535306051014581,0.7686314446938958
exclude_documented_collection_issue,ALL,none,qd_delta_100_2,128,0.010252629899017839,-0.08852646638634151,0.9085557812283169
exclude_documented_collection_issue,ALL,within_batch_mean_centered,qd_delta_100_2,128,0.12902282005592006,0.0618252880558168,0.14664592510744576
exclude_documented_collection_issue,ALL,none,qd_early_slope,128,-0.09812847082832304,-0.18876394851021683,0.27047555348593677
exclude_documented_collection_issue,ALL,within_batch_mean_centered,qd_early_slope,128,0.017267320037496495,0.05361644172889444,0.8466023089586572
exclude_documented_collection_issue,ALL,none,ir_early_mean,122,-0.320066562471425,-0.34515518767746733,0.0003257947453205572
exclude_documented_collection_issue,ALL,within_batch_mean_centered,ir_early_mean,122,-0.026291905995021236,0.027423967801979043,0.7737572724091853
exclude_documented_collection_issue,ALL,none,ir_change_100_2,122,0.18758946506207996,0.03316067312918511,0.0385396326191022
exclude_documented_collection_issue,ALL,within_batch_mean_centered,ir_change_100_2,122,0.06610747655847947,0.10628563686984623,0.4693997808587601
exclude_documented_collection_issue,ALL,none,ir_early_slope,122,0.05120155541740416,-0.0988045965682745,0.5754212742765049
exclude_documented_collection_issue,ALL,within_batch_mean_centered,ir_early_slope,122,0.02758005918532596,-0.035833896474835605,0.762992806985646
exclude_documented_collection_issue,ALL,none,tavg_early_mean,128,0.22415024522817867,0.1744749642460478,0.010973398620666345
exclude_documented_collection_issue,ALL,within_batch_mean_centered,tavg_early_mean,128,-0.006220458184429043,-0.003665225564582623,0.9444429939181944
exclude_documented_collection_issue,ALL,none,tmax_early_mean,128,-0.02861783349863882,-0.026486409157671732,0.7484655115655018
exclude_documented_collection_issue,ALL,within_batch_mean_centered,tmax_early_mean,128,-0.14751583503520652,-0.11910123290500882,0.09657634694871824
exclude_documented_collection_issue,ALL,none,chargetime_early_mean,128,-0.1931523929893425,-0.14740200287088412,0.02892942873100025
exclude_documented_collection_issue,ALL,within_batch_mean_centered,chargetime_early_mean,128,0.0749525760250904,0.1882798618671311,0.40042826814803945
exclude_documented_collection_issue,ALL,none,chargetime_early_median,128,0.30905473481480794,-0.046236117650555415,0.0003858735650059049
exclude_documented_collection_issue,ALL,within_batch_mean_centered,chargetime_early_median,128,0.43349366871374073,0.28788943078071166,3.199901320100538e-07
exclude_documented_collection_issue,ALL,none,chargetime_early_mean_qc,128,0.30490476754289136,-0.0667095851259713,0.00046617505006803277
exclude_documented_collection_issue,ALL,within_batch_mean_centered,chargetime_early_mean_qc,128,0.430695701732977,0.27635972430281536,3.882310168566183e-07
exclude_documented_collection_issue,ALL,none,qd_early_std_qc,128,-0.11149960732511476,-0.5503891273607964,0.21020192197027968
exclude_documented_collection_issue,ALL,within_batch_mean_centered,qd_early_std_qc,128,0.10043094761476071,-0.093129919517252,0.25933909035309305
exclude_documented_collection_issue,ALL,none,qd_early_slope_qc,128,-0.12392310245514929,-0.19007439200100365,0.1634219773987547
exclude_documented_collection_issue,ALL,within_batch_mean_centered,qd_early_slope_qc,128,-0.003985841183436631,0.03014297527156748,0.9643843344806505
exclude_documented_collection_issue,ALL,none,c1,128,-0.0701316891050278,-0.01430716323813124,0.43149547235765595
exclude_documented_collection_issue,ALL,within_batch_mean_centered,c1,128,-0.200014549836318,-0.2387242201456922,0.023596738123512918
exclude_documented_collection_issue,ALL,none,c2,128,-0.1390147471262819,-0.1621963046725143,0.1175940503656577
exclude_documented_collection_issue,ALL,within_batch_mean_centered,c2,128,-0.08528436001188061,-0.03270598482722534,0.33848531105824997
exclude_documented_collection_issue,ALL,none,switch_soc_pct,128,0.20550952986034648,0.1439282779206343,0.019956541094609412
exclude_documented_collection_issue,ALL,within_batch_mean_centered,switch_soc_pct,128,0.323045050373042,0.2761795464760586,0.0001998439658173793
exclude_documented_collection_issue,ALL,none,c_max,128,-0.25083743386327056,-0.21830547289023983,0.0042919312073888705
exclude_documented_collection_issue,ALL,within_batch_mean_centered,c_max,128,-0.3904288471336642,-0.4491651575751897,5.212921705483373e-06
exclude_documented_collection_issue,ALL,none,c_eff_0_80,128,-0.23233159191994485,-0.1497986227995514,0.008316097702112713
exclude_documented_collection_issue,ALL,within_batch_mean_centered,c_eff_0_80,128,-0.33123637835011444,-0.2093170875840977,0.00013391646262050517
exclude_documented_collection_issue,ALL,none,c_eff_soc60_80,128,-0.1122089002975747,-0.14783144239574364,0.20729736262259998
exclude_documented_collection_issue,ALL,within_batch_mean_centered,c_eff_soc60_80,128,-0.08487719847989149,-0.041576326729063785,0.34080489082071247
exclude_documented_collection_issue,ALL,none,cycle10_mean_c_timeweighted,128,-0.2703096585896197,-0.14992274679093479,0.0020296307068508527
exclude_documented_collection_issue,ALL,within_batch_mean_centered,cycle10_mean_c_timeweighted,128,-0.23555360758460098,-0.2701995130299454,0.007437015595727883
exclude_documented_collection_issue,ALL,none,cycle10_rms_c_timeweighted,128,-0.4302493994625613,-0.31025751074993346,4.003243812684894e-07
exclude_documented_collection_issue,ALL,within_batch_mean_centered,cycle10_rms_c_timeweighted,128,-0.4580694195437688,-0.46440496595425884,5.4259487944108266e-08
exclude_documented_collection_issue,ALL,none,cycle10_variance_c2_timeweighted,128,-0.49500126255571264,-0.43227753937022834,2.8582190082407155e-09
exclude_documented_collection_issue,ALL,within_batch_mean_centered,cycle10_variance_c2_timeweighted,128,-0.5886324284401228,-0.6097951079048455,2.7279418600276476e-13
exclude_documented_collection_issue,ALL,none,cycle10_active_charge_duration_min,128,0.2182762859552704,0.149725321898218,0.013315726044953222
exclude_documented_collection_issue,ALL,within_batch_mean_centered,cycle10_active_charge_duration_min,128,0.2723790254167975,0.280665863627325,0.001868234037212745
exclude_documented_collection_issue,ALL,none,cycle10_time_fraction_above_5c,128,-0.25164921961026476,-0.17471438357211921,0.004164572030300672
exclude_documented_collection_issue,ALL,within_batch_mean_centered,cycle10_time_fraction_above_5c,128,-0.3422243930371981,-0.23917523928898143,7.688241826155529e-05
exclude_documented_collection_issue,B1,none,dq100_10_log_variance,46,-0.8861231036774866,-0.8711607269559923,2.7028986227212133e-16
exclude_documented_collection_issue,B1,none,dq100_10_abs_min_log,46,-0.8734595787260442,-0.8500061691261938,2.4034484706545983e-15
exclude_documented_collection_issue,B1,none,dq100_10_mean,46,0.8538097844630057,0.8281115101478308,4.662049720731829e-14
exclude_documented_collection_issue,B1,none,dq100_10_min,46,0.8816450170696561,0.8500061691261938,6.021710550310929e-16
exclude_documented_collection_issue,B1,none,dq5_2_log_variance,46,0.11171683195580659,-0.035463180035376685,0.4598058126276218
exclude_documented_collection_issue,B1,none,qd2,46,0.08582220614767816,0.08005427423638074,0.5706438554326818
exclude_documented_collection_issue,B1,none,qd100,46,0.295097964369578,0.3242876532626271,0.04648597040505474
exclude_documented_collection_issue,B1,none,qd_early_mean,46,0.19339315214469416,0.18502528714109573,0.1978310206368536
exclude_documented_collection_issue,B1,none,qd_early_std,46,-0.058477597420288054,0.052793881930925976,0.6994744794627566
exclude_documented_collection_issue,B1,none,qd_delta_100_2,46,0.539507531603529,0.5656223027903297,0.00010924881715289039
exclude_documented_collection_issue,B1,none,qd_early_slope,46,0.1837776162704347,0.4808807212797078,0.2214871980096122
exclude_documented_collection_issue,B1,none,ir_early_mean,46,0.21796829272687473,0.18903416836248615,0.14561093150010587
exclude_documented_collection_issue,B1,none,ir_change_100_2,46,0.1417220484913791,-0.225484149929282,0.3474707473506432
exclude_documented_collection_issue,B1,none,ir_early_slope,46,0.10308933818039444,-0.32342420192263527,0.4953883152461926
exclude_documented_collection_issue,B1,none,tavg_early_mean,46,-0.4817746366763403,-0.37146910148360657,0.0006988839225022428
exclude_documented_collection_issue,B1,none,tmax_early_mean,46,-0.403595851944804,-0.32299247625263944,0.005412764186551646
exclude_documented_collection_issue,B1,none,chargetime_early_mean,46,0.5770368723870705,0.6130504513941638,2.6943718079207877e-05
exclude_documented_collection_issue,B1,none,chargetime_early_median,46,0.7439641856619084,0.6405575440824733,3.1283444160597523e-09
exclude_documented_collection_issue,B1,none,chargetime_early_mean_qc,46,0.7394290405177046,0.6192796360612474,4.37173600892249e-09
exclude_documented_collection_issue,B1,none,qd_early_std_qc,46,0.2581739340257214,0.05489083518519173,0.08321387722854573
exclude_documented_collection_issue,B1,none,qd_early_slope_qc,46,0.15045157328713224,0.47878376802544204,0.3182670370830022
exclude_documented_collection_issue,B1,none,c1,46,-0.5797191371008248,-0.48271400298540956,2.4216765973613692e-05
exclude_documented_collection_issue,B1,none,c2,46,-0.09588674869190955,0.04741433338534666,0.5261452944131032
exclude_documented_collection_issue,B1,none,switch_soc_pct,46,0.23455103060246418,0.18515925395200944,0.1166480711513576
exclude_documented_collection_issue,B1,none,c_max,46,-0.5797191371008248,-0.48271400298540956,2.4216765973613692e-05
exclude_documented_collection_issue,B1,none,c_eff_0_80,46,-0.7373768815234789,-0.6340127144645034,5.075114820835257e-09
exclude_documented_collection_issue,B1,none,c_eff_soc60_80,46,-0.13570632404610253,-0.03167046100317046,0.36852226724936205
exclude_documented_collection_issue,B1,none,cycle10_mean_c_timeweighted,46,-0.7855417920611814,-0.7170963378631734,1.0124528067983821e-10
exclude_documented_collection_issue,B1,none,cycle10_rms_c_timeweighted,46,-0.8907023123490944,-0.8558036281232814,1.1501054660230148e-16
exclude_documented_collection_issue,B1,none,cycle10_variance_c2_timeweighted,46,-0.9066142483120074,-0.8834340710030184,4.268320632200713e-18
exclude_documented_collection_issue,B1,none,cycle10_active_charge_duration_min,46,0.7947172243665794,0.7111755286746583,4.284018243964995e-11
exclude_documented_collection_issue,B1,none,cycle10_time_fraction_above_5c,46,-0.5003203079424774,-0.33184004740289114,0.00039896386626871454
exclude_documented_collection_issue,B2,none,dq100_10_log_variance,39,-0.9018830736836404,-0.7089786451951733,4.670872120880439e-15
exclude_documented_collection_issue,B2,none,dq100_10_abs_min_log,39,-0.8850112299470314,-0.6608968552940159,7.592030044445059e-14
exclude_documented_collection_issue,B2,none,dq100_10_mean,39,0.767085207236818,0.6972365659772065,1.230232186326338e-08
exclude_documented_collection_issue,B2,none,dq100_10_min,39,0.8185183255033293,0.6608968552940159,1.9486299290832401e-10
exclude_documented_collection_issue,B2,none,dq5_2_log_variance,39,-0.32138266333248,-0.3278671947154721,0.04604166085947926
exclude_documented_collection_issue,B2,none,qd2,39,-0.2843299440200719,0.08492762468857089,0.07938274134244888
exclude_documented_collection_issue,B2,none,qd100,39,-0.333603319983239,0.07723453830438569,0.03794560060417252
exclude_documented_collection_issue,B2,none,qd_early_mean,39,-0.3325695460441221,0.11711711771713532,0.0385820624555662
exclude_documented_collection_issue,B2,none,qd_early_std,39,0.17290351138287338,-0.10051624709863038,0.29252234194436894
exclude_documented_collection_issue,B2,none,qd_delta_100_2,39,-0.1992761181428123,-0.09666970390653778,0.22389621854470074
exclude_documented_collection_issue,B2,none,qd_early_slope,39,-0.4452554580958957,-0.27108007022168396,0.004505675482950929
exclude_documented_collection_issue,B2,none,ir_early_mean,33,-0.6255133874742116,-0.1992145072552431,9.920802832832366e-05
exclude_documented_collection_issue,B2,none,ir_change_100_2,33,0.32985269607463075,0.30901646301589303,0.06084114813514257
exclude_documented_collection_issue,B2,none,ir_early_slope,33,0.1911583402870009,0.2109133457685544,0.2865841227587095
exclude_documented_collection_issue,B2,none,tavg_early_mean,39,0.42531202704892823,0.16550258208082647,0.0069515264830570375
exclude_documented_collection_issue,B2,none,tmax_early_mean,39,0.018802285438894888,-0.13594493439422012,0.9095470935345
exclude_documented_collection_issue,B2,none,chargetime_early_mean,39,0.08706750328012969,-0.39325842898104635,0.5981600160289364
exclude_documented_collection_issue,B2,none,chargetime_early_median,39,-0.9183990085140908,-0.8115193887106946,1.7805968927382542e-16
exclude_documented_collection_issue,B2,none,chargetime_early_mean_qc,39,-0.9174099479141917,-0.7562506365295747,2.2062767564933392e-16
exclude_documented_collection_issue,B2,none,qd_early_std_qc,39,0.17290351138287338,-0.10051624709863038,0.29252234194436894
exclude_documented_collection_issue,B2,none,qd_early_slope_qc,39,-0.4452554580958957,-0.27108007022168396,0.004505675482950929
exclude_documented_collection_issue,B2,none,c1,39,0.19074658847387693,0.05509278655119761,0.2447592682571221
exclude_documented_collection_issue,B2,none,c2,39,-0.11630518850837052,-0.11884016238051073,0.48075249647490165
exclude_documented_collection_issue,B2,none,switch_soc_pct,39,0.11611987845984809,0.28781347990487877,0.48145664397821836
exclude_documented_collection_issue,B2,none,c_max,39,-0.16109258689961564,-0.35908307144841967,0.3272294557175888
exclude_documented_collection_issue,B2,none,c_eff_0_80,39,0.3336386287176393,0.32079048769847657,0.037924014245049716
exclude_documented_collection_issue,B2,none,c_eff_soc60_80,39,-0.09762424892873792,-0.12166784835052745,0.5543578375653906
exclude_documented_collection_issue,B2,none,cycle10_mean_c_timeweighted,39,-0.16258960932231975,-0.27857070696418007,0.3226940703693625
exclude_documented_collection_issue,B2,none,cycle10_rms_c_timeweighted,39,-0.20703279865431684,-0.3815163497630794,0.20601194590580066
exclude_documented_collection_issue,B2,none,cycle10_variance_c2_timeweighted,39,-0.30672732458550195,-0.5940884735366181,0.057531029612375696
exclude_documented_collection_issue,B2,none,cycle10_active_charge_duration_min,39,0.12552052580228415,0.3031683384294038,0.4464238747496528
exclude_documented_collection_issue,B2,none,cycle10_time_fraction_above_5c,39,-0.09999816713472534,-0.15746807507964763,0.5447195413306073
exclude_documented_collection_issue,B3,none,dq100_10_log_variance,43,-0.7201036937311636,-0.7869818039502473,5.2345339668247376e-08
exclude_documented_collection_issue,B3,none,dq100_10_abs_min_log,43,-0.6960523809179858,-0.7637997454381836,2.1926013503325492e-07
exclude_documented_collection_issue,B3,none,dq100_10_mean,43,0.626492060014759,0.7428075230722109,6.987452260522369e-06
exclude_documented_collection_issue,B3,none,dq100_10_min,43,0.6821206135621114,0.7637997454381836,4.726510101862561e-07
exclude_documented_collection_issue,B3,none,dq5_2_log_variance,43,-0.21735838420206083,-0.2676885909617757,0.1614779088879862
exclude_documented_collection_issue,B3,none,qd2,43,0.23246260661465515,0.18394623627161794,0.13359466986394677
exclude_documented_collection_issue,B3,none,qd100,43,0.3300864369595921,0.22902665624458834,0.030638617587492416
exclude_documented_collection_issue,B3,none,qd_early_mean,43,0.28691818657971413,0.21898361460906896,0.06211934527383398
exclude_documented_collection_issue,B3,none,qd_early_std,43,-0.3684143495081934,-0.3250774003076007,0.015063440038190393
exclude_documented_collection_issue,B3,none,qd_delta_100_2,43,0.2732599249923786,-0.16121724730702147,0.07622866857679707
exclude_documented_collection_issue,B3,none,qd_early_slope,43,0.3339085790739317,0.06327871346289649,0.028647845164949347
exclude_documented_collection_issue,B3,none,ir_early_mean,43,0.21708203036835633,0.2112059207108848,0.16202469876463002
exclude_documented_collection_issue,B3,none,ir_change_100_2,43,-0.38329977555533057,-0.15396813454754885,0.011176663635753191
exclude_documented_collection_issue,B3,none,ir_early_slope,43,-0.38054227290972076,-0.24495960199717925,0.011823826776714225
exclude_documented_collection_issue,B3,none,tavg_early_mean,43,-0.03899265338711483,0.005059276613381938,0.803939607734663
exclude_documented_collection_issue,B3,none,tmax_early_mean,43,-0.12070757164074673,-0.053688741374844154,0.4406868252699939
exclude_documented_collection_issue,B3,none,chargetime_early_mean,43,0.6311718469473272,0.13803518879495794,5.685134798742928e-06
exclude_documented_collection_issue,B3,none,chargetime_early_median,43,0.6321892007646007,0.21185576756652988,5.433395424375139e-06
exclude_documented_collection_issue,B3,none,chargetime_early_mean_qc,43,0.6311718469473272,0.13803518879495794,5.685134798742928e-06
exclude_documented_collection_issue,B3,none,qd_early_std_qc,43,-0.3684143495081934,-0.3250774003076007,0.015063440038190393
exclude_documented_collection_issue,B3,none,qd_early_slope_qc,43,0.3339085790739317,0.06327871346289649,0.028647845164949347
exclude_documented_collection_issue,B3,none,c1,43,-0.06388778269349496,-0.194590987506685,0.6839995299609767
exclude_documented_collection_issue,B3,none,c2,43,-0.062029223324259114,-0.030696018941071528,0.6927337391382556
exclude_documented_collection_issue,B3,none,switch_soc_pct,43,0.5246272984961338,0.4060054924746962,0.00030450077695922946
exclude_documented_collection_issue,B3,none,c_max,43,-0.6453222707103834,-0.5808938691573045,2.9831115726318467e-06
exclude_documented_collection_issue,B3,none,c_eff_0_80,43,-0.014357126072990875,-0.12294505588265499,0.9271935214406422
exclude_documented_collection_issue,B3,none,c_eff_soc60_80,43,-0.04894341370939794,-0.011929995322777184,0.7552890446639882
exclude_documented_collection_issue,B3,none,cycle10_mean_c_timeweighted,43,-0.18192443126900998,0.02688212648304433,0.24297631252421395
exclude_documented_collection_issue,B3,none,cycle10_rms_c_timeweighted,43,-0.4923639639137859,-0.19255455767349167,0.0007970696621931543
exclude_documented_collection_issue,B3,none,cycle10_variance_c2_timeweighted,43,-0.666092093144398,-0.4028543392894424,1.0880677307104115e-06
exclude_documented_collection_issue,B3,none,cycle10_active_charge_duration_min,43,0.13429927139369102,-0.009967530044274864,0.3905568362823709
exclude_documented_collection_issue,B3,none,cycle10_time_fraction_above_5c,43,-0.4433802968638097,-0.25632893406654644,0.0029028893636318318
