batch,feature,n_cells,n_valid,n_missing,count,mean,std,min,25%,50%,75%,max
ALL,dq100_10_log_variance,139,139,0,139.0,-3.922908054142551,0.4530170670188067,-5.0984213376234795,-4.225134333273179,-4.00024991015545,-3.5121290180236895,-2.68448329757314
ALL,dq100_10_abs_min_log,139,139,0,139.0,-1.486766171825734,0.2409887570768498,-2.2510534698891034,-1.6174085811891739,-1.523552178470511,-1.279031173589723,-0.8663789128629468
ALL,dq100_10_mean,139,139,0,139.0,-0.01743188743668508,0.01157014151860772,-0.0844287653143593,-0.02407396091013395,-0.0133431157573995,-0.01012301582618575,0.0007845194706261
ALL,dq100_10_min,139,139,0,139.0,-0.03755279000668731,0.01998623652177392,-0.1360257368450053,-0.05259796305583895,-0.0299535169317572,-0.024131940702052053,-0.0056097890463586
ALL,dq5_2_log_variance,139,139,0,139.0,-5.447674409027187,0.3850068733144364,-6.669284927965456,-5.610567185365571,-5.4531640002725315,-5.278459844752012,-4.12790235045704
ALL,qd2,139,139,0,139.0,1.0778718553956834,0.014222364756481322,1.0462732,1.0680458,1.0758358,1.0901077,1.1092782
ALL,qd100,139,139,0,139.0,1.109370658273381,0.18141614729198072,1.0034419,1.0683870500000001,1.0792426,1.0928021,2.1673884
ALL,qd_early_mean,139,139,0,139.0,1.0804688078533538,0.015025230425356719,1.0431138077777775,1.0700092555555556,1.0809117848484848,1.093479302020202,1.1111783965656563
ALL,qd_early_std,139,139,0,139.0,0.0097357512032228,0.028896102585166224,0.0004595824842337,0.00070426912282925,0.0009821231393733,0.00288228039293635,0.1825211816014715
ALL,qd_delta_100_2,139,139,0,139.0,0.03149880287769783,0.18024596056380526,-0.0687932999999998,0.00049894999999995,0.0020241,0.00374855000000005,1.0839698000000002
ALL,qd_early_slope,139,139,0,139.0,1.6195911908987826e-05,0.00013945364384210782,-0.0002945415905998,-1.5599612863327095e-05,-5.212719851577204e-06,1.804530859616605e-05,0.0006596153919604
ALL,ir_early_mean,139,132,7,132.0,0.01624460790794927,0.0011981915759641506,0.0134208849696969,0.01539486368686865,0.0162725639393939,0.016716281666666624,0.021770682
ALL,ir_change_100_2,139,132,7,132.0,5.284689393940756e-05,0.0014428317315837303,-0.003994543,-0.000146495499999925,-5.014049999999947e-05,1.8815000000001886e-05,0.0099986089999999
ALL,ir_early_slope,139,132,7,132.0,-1.6949072799651564e-07,5.628649229078362e-06,-5.991890807668523e-05,-2.5148851231344193e-07,3.0288168212739623e-07,1.5632471181199741e-06,7.006382634508345e-06
ALL,tavg_early_mean,139,139,0,139.0,33.35038190123199,1.41705616809161,29.88150861827619,32.44323823399971,33.147720104395674,33.94900823531995,38.56623803155033
ALL,tmax_early_mean,139,139,0,139.0,39.02193725290568,30.89676702175271,30.662263141414144,35.32877713442646,36.77304266866142,37.70225821212121,400.0
ALL,chargetime_early_mean,139,139,0,139.0,14.196569123973548,10.917181555068533,8.987271380471347,10.043468771043772,10.1748585521886,11.460801969696984,54.54489562289566
ALL,chargetime_early_median,139,139,0,139.0,10.551459964028775,1.4528053201290207,6.78008000000021,10.043129166666281,10.17314000000042,10.841237500000474,24.21724166666585
ALL,chargetime_early_mean_qc,139,139,0,139.0,10.559581364701762,1.4554913704971622,6.762870340136079,10.043201018518477,10.173053501683547,10.879823644523508,24.214001377550943
ALL,qd_early_std_qc,139,139,0,139.0,0.0029151459468798454,0.005450854565422906,0.0004595824842337,0.00070426912282925,0.0009821231393733,0.0024936154994433,0.0465623705364551
ALL,qd_early_slope_qc,139,139,0,139.0,-1.8722840143056014e-05,9.1290965212189e-05,-0.0007772913502851,-1.8606552257266323e-05,-6.428188002473638e-06,9.691416821273927e-06,0.0001200828880643
ALL,c1,139,131,8,131.0,5.394656488549619,0.9183440763845825,3.6,4.8,5.4,5.6,8.0
ALL,c2,139,131,8,131.0,4.165267175572519,0.7408647008672987,3.0,3.6,4.0,4.6,6.0
ALL,switch_soc_pct,139,131,8,131.0,49.98473282442748,21.027083170493178,9.0,31.0,50.0,67.0,80.0
ALL,c_max,139,131,8,131.0,5.529007633587786,0.8152855610736194,3.6,5.0,5.4,5.9,8.0
ALL,c_eff_0_80,139,131,8,131.0,4.67531293030145,0.29411217137285145,3.6,4.754716981132075,4.8,4.803695150115473,5.4
ALL,c_eff_soc60_80,139,131,8,131.0,4.183856656573491,0.7048980643311273,3.0,3.6,4.3,4.6,6.0
ALL,cycle10_mean_c_timeweighted,139,139,0,139.0,2.4405054502883865,0.28847466969897123,1.7047741328219466,2.347573884541443,2.3910784720422784,2.450876100221337,4.51321755270442
ALL,cycle10_rms_c_timeweighted,139,139,0,139.0,3.1708215751197577,0.3299241657875032,1.8194327604476856,3.100177183358754,3.1417719062926297,3.228178889553137,5.559960868945536
ALL,cycle10_variance_c2_timeweighted,139,139,0,139.0,4.123490523289604,0.8836732069163237,0.4040807258514651,4.04165596794014,4.148078964992838,4.303742972292335,10.544032186166326
ALL,cycle10_active_charge_duration_min,139,139,0,139.0,24.29857555155875,2.082743858768732,12.932996666666684,23.685024166666757,24.598693333333117,25.048919999999935,34.88759166666666
ALL,cycle10_time_fraction_above_5c,139,139,0,139.0,0.155597437131184,0.11672904903710496,0.0,0.0678920852242174,0.1544201342101972,0.24353953188667138,0.5959940261456078
B1,dq100_10_log_variance,46,46,0,46.0,-3.922995934264681,0.378272676678649,-5.0144265311867695,-4.052976631502708,-3.8507251667583704,-3.6677751276010784,-3.34990353982557
B1,dq100_10_abs_min_log,46,46,0,46.0,-1.4769128869559958,0.18324418118691446,-2.0726479673332374,-1.544231432651826,-1.4395363110754222,-1.3507566254148382,-1.1889597281466224
B1,dq100_10_mean,46,46,0,46.0,-0.0160239113762524,0.006854333397256312,-0.0327959830071476,-0.0199389122750564,-0.01573962169746545,-0.012049305808312375,-0.0028734152246919
B1,dq100_10_min,46,46,0,46.0,-0.03596863205773156,0.012944745622555882,-0.0647202627657549,-0.0445906138538855,-0.0363502847641322,-0.028560837443323973,-0.0084596429342688
B1,dq5_2_log_variance,46,46,0,46.0,-5.559252568732893,0.25799725686717795,-6.602491791127932,-5.661682072278295,-5.519173742117755,-5.4360796440030805,-5.1436632971148235
B1,qd2,46,46,0,46.0,1.0780834586956518,0.007651965932449473,1.0537786,1.074923175,1.07868905,1.081624575,1.0946392
B1,qd100,46,46,0,46.0,1.0806830304347828,0.007750307858569769,1.0599719,1.077140075,1.08152395,1.084759625,1.0957625
B1,qd_early_mean,46,46,0,46.0,1.0823068907992972,0.00710587075890638,1.060083885858586,1.0801343525252525,1.0823437777777778,1.086247286868687,1.097068405050505
B1,qd_early_std,46,46,0,46.0,0.005950647849570656,0.02745257784000344,0.0005808473697885,0.0007280692822342749,0.0008670478570712,0.00112343055616475,0.1825211816014715
B1,qd_delta_100_2,46,46,0,46.0,0.002599571739130413,0.0030219994700832454,-0.0113821999999998,0.0019103749999999499,0.0028053,0.004317574999999925,0.0066261
B1,qd_early_slope,46,46,0,46.0,-1.582488177246809e-05,5.844055916572281e-05,-0.0002945415905998,-1.2271903834260787e-05,-5.010683364254894e-06,9.105542053184963e-06,2.904936054421799e-05
B1,ir_early_mean,46,46,0,46.0,0.016562129316003822,0.0004645059297087338,0.0150902362346938,0.01631440182122235,0.01665610410183465,0.016762956577793225,0.0180047544141414
B1,ir_change_100_2,46,46,0,46.0,-0.00010786134782608685,0.000600640161002693,-0.003994543,-4.8538500000000484e-05,-7.0030000000002165e-06,5.665699999999989e-05,0.000152771
B1,ir_early_slope,46,46,0,46.0,-8.922526265075283e-08,9.089742034229291e-06,-5.991890807668523e-05,8.422254706481603e-07,1.3846958750773005e-06,1.8985969727891166e-06,3.0135811750154637e-06
B1,tavg_early_mean,46,46,0,46.0,32.616558968848985,0.9169320884118195,29.942198807956427,32.07956816725461,32.80161772250243,33.306874661126656,33.89497000372245
B1,tmax_early_mean,46,46,0,46.0,35.86825769082126,1.6159580086895864,30.662263141414144,35.02693405050505,36.15713993939394,36.87021180303031,37.990239878787875
B1,chargetime_early_mean,46,46,0,46.0,11.281064354047727,1.4089918487733242,8.987271380471347,10.1614811405724,11.145064461279453,11.961967937710444,15.07576803030309
B1,chargetime_early_median,46,46,0,46.0,10.98918271739135,1.0046100531121174,8.985736666666586,10.12627625000003,10.959348333333644,11.52474458333333,13.358211666666708
B1,chargetime_early_mean_qc,46,46,0,46.0,11.011864510854632,1.0066239963087855,8.987271380471347,10.1614811405724,10.995721455971314,11.559792319023593,13.384230505050484
B1,qd_early_std_qc,46,46,0,46.0,0.002019862203391155,0.00673977191632019,0.0005808473697885,0.0007280692822342749,0.0008670478570712,0.00112343055616475,0.0465623705364551
B1,qd_early_slope_qc,46,46,0,46.0,-1.045529848552369e-05,4.101085346349814e-05,-0.000206807012987,-1.2271903834260787e-05,-5.010683364254894e-06,9.105542053184963e-06,2.904936054421799e-05
B1,c1,46,46,0,46.0,5.878260869565217,1.202573729498207,3.6,5.4,6.0,6.75,8.0
B1,c2,46,46,0,46.0,3.5826086956521728,0.5839727344571595,3.0,3.0,3.6,3.6,5.4
B1,switch_soc_pct,46,46,0,46.0,51.52173913043478,19.461345311993647,15.0,40.0,50.0,67.5,80.0
B1,c_max,46,46,0,46.0,5.878260869565217,1.202573729498207,3.6,5.4,6.0,6.75,8.0
B1,c_eff_0_80,46,46,0,46.0,4.442936848069021,0.40593911841180746,3.6,4.2,4.401746724890829,4.788679245283019,5.4
B1,c_eff_soc60_80,46,46,0,46.0,3.6198757763975147,0.5725978375311087,3.0,3.15,3.6,3.6,5.3999999999999995
B1,cycle10_mean_c_timeweighted,46,46,0,46.0,2.3355363087967076,0.09719752454817138,2.1247506496403896,2.2810084667689994,2.3385901813935592,2.3990279559275662,2.5673003401473258
B1,cycle10_rms_c_timeweighted,46,46,0,46.0,3.0808437056895124,0.20510645282368484,2.5729730092541745,2.9650641130449813,3.1214484908293505,3.209340150378443,3.441658517825004
B1,cycle10_variance_c2_timeweighted,46,46,0,46.0,4.068780228733783,0.8234514874125178,2.1011991592104424,3.5820250737698753,4.168083058925767,4.550874943329928,5.455269183216451
B1,cycle10_active_charge_duration_min,46,46,0,46.0,25.106008876811593,1.0733498364863814,22.64594500000009,24.497080833333346,25.005425000000045,25.598769166666713,27.588163333333434
B1,cycle10_time_fraction_above_5c,46,46,0,46.0,0.15487709166836666,0.10677988957438418,0.0,0.08157065641216454,0.15493928676671415,0.22279889672878797,0.3908802182611297
B2,dq100_10_log_variance,47,47,0,47.0,-3.6400791928643974,0.4725496541641644,-4.770176374855136,-4.1165098059595255,-3.4944464801006045,-3.3351288867675493,-2.68448329757314
B2,dq100_10_abs_min_log,47,47,0,47.0,-1.338799959167518,0.23929888328704366,-2.168823518602202,-1.4921459271495134,-1.2736447676142502,-1.1899628081800238,-0.8663789128629468
B2,dq100_10_mean,47,47,0,47.0,-0.025405414701255048,0.01450567015617758,-0.0844287653143593,-0.03418911496026695,-0.0246839278022425,-0.01326907477279635,-0.0026188163032225
B2,dq100_10_min,47,47,0,47.0,-0.05187951204373584,0.023568365857106845,-0.1360257368450053,-0.06457103522503865,-0.0532543676756424,-0.03241563439082375,-0.0067791693229939
B2,dq5_2_log_variance,47,47,0,47.0,-5.378799812542872,0.570452740978556,-6.669284927965456,-5.699337697202468,-5.391840885507052,-5.036164205406125,-4.12790235045704
B2,qd2,47,47,0,47.0,1.0913568021276596,0.01080859317396177,1.0671737,1.08632215,1.0925682,1.0988760499999999,1.1092782
B2,qd100,47,47,0,47.0,1.1817017574468087,0.30063908589556987,1.0034419,1.0866381500000002,1.0975486,1.10582155,2.1673884
B2,qd_early_mean,47,47,0,47.0,1.0930910004663659,0.013592728423269954,1.0431138077777775,1.0901032435858586,1.0963041979797978,1.1013520499999998,1.1111783965656563
B2,qd_early_std,47,47,0,47.0,0.02197518435414991,0.03902383972086003,0.0012906300199396,0.00237029774833965,0.0032284877935201,0.0119394346076978,0.1092118185205399
B2,qd_delta_100_2,47,47,0,47.0,0.09034495531914893,0.30345716349254154,-0.0687932999999998,-0.0023212499999998503,0.0021832000000001,0.00742864999999985,1.0839698000000002
B2,qd_early_slope,47,47,0,47.0,8.20409680969411e-05,0.00021502599614564054,-0.0001948491799628,-3.234691280148386e-05,3.124443661100793e-05,8.45307019171306e-05,0.0006596153919604
B2,ir_early_mean,47,40,7,40.0,0.016917739148989856,0.0015754376854271446,0.0147906225757575,0.0162412215934343,0.016628800808080747,0.017224687073232273,0.021770682
B2,ir_change_100_2,47,40,7,40.0,0.0004036563000000126,0.002523710397246874,-0.001093559,-0.00066144275,-5.594900000000045e-05,2.54080000000002e-05,0.0099986089999999
B2,ir_early_slope,47,40,7,40.0,-3.23142418367347e-07,3.0043741763903013e-06,-6.726884254792825e-06,-2.9159439455782338e-06,1.90730117501541e-08,1.8569666944959787e-06,7.006382634508345e-06
B2,tavg_early_mean,47,47,0,47.0,33.222407149476254,1.523923301042826,29.88150861827619,32.29467030830324,33.04820861652687,33.790754252711096,38.56623803155033
B2,tmax_early_mean,47,47,0,47.0,44.174605426571944,53.066301384242536,31.01220065415558,35.26766407977947,36.8790253111546,37.91132108089087,400.0
B2,chargetime_early_mean,47,47,0,47.0,20.943147038828002,16.871345144412956,10.035777525252517,10.173116228956275,10.181222777777869,27.72739807239053,54.54489562289566
B2,chargetime_early_median,47,47,0,47.0,10.448938971631263,2.2112842365232814,6.78008000000021,10.169815000000138,10.173753333333298,10.177123333333295,24.21724166666585
B2,chargetime_early_mean_qc,47,47,0,47.0,10.450421384532337,2.211209904325326,6.762870340136079,10.168796923744239,10.173386530612175,10.185172111678035,24.214001377550943
B2,qd_early_std_qc,47,47,0,47.0,0.005650759015694302,0.005589316571366023,0.0012906300199396,0.0022721397563276,0.0030443226622133,0.008551965853634349,0.0251214579218757
B2,qd_early_slope_qc,47,47,0,47.0,-2.6484720550580915e-05,0.00014546533746151883,-0.0007772913502851,-5.512276499690773e-05,-5.396060358689054e-06,4.152347804576388e-05,0.0001200828880643
B2,c1,47,39,8,39.0,5.030769230769231,0.6141548948089672,3.6,4.8,5.2,5.6,6.0
B2,c2,47,39,8,39.0,4.567948717948719,0.670868170778807,3.0,4.25,4.5,4.8,6.0
B2,switch_soc_pct,47,39,8,39.0,50.1025641025641,21.75678342106914,9.0,26.0,50.0,64.5,80.0
B2,c_max,47,39,8,39.0,5.312820512820512,0.40469578384619725,4.8,5.0,5.2,5.6,6.0
B2,c_eff_0_80,47,39,8,39.0,4.801462420916451,0.004140870173752587,4.790419161676646,4.8,4.800000000000001,4.803695150115473,4.8068669527897
B2,c_eff_soc60_80,47,39,8,39.0,4.5323951132082385,0.6079109326938261,3.0,4.25,4.5,4.8,6.0
B2,cycle10_mean_c_timeweighted,47,47,0,47.0,2.5518591714911354,0.4611418370783475,1.7047741328219466,2.370635847120906,2.3902136539215455,2.448611695219963,4.51321755270442
B2,cycle10_rms_c_timeweighted,47,47,0,47.0,3.2697732249803737,0.5066066282122914,1.8194327604476856,3.1167000097184303,3.141376133385447,3.2329861401472764,5.559960868945536
B2,cycle10_variance_c2_timeweighted,47,47,0,47.0,4.222494055608177,1.2256613166003567,0.4040807258514651,4.061874030647727,4.14771240821101,4.246591507913429,10.544032186166326
B2,cycle10_active_charge_duration_min,47,47,0,47.0,23.760845992907793,3.1977070380151402,12.932996666666684,23.533214166666827,24.66998666666671,24.978607499999875,34.88759166666666
B2,cycle10_time_fraction_above_5c,47,47,0,47.0,0.16403780961366465,0.1425683160217502,0.0,0.0112768327066195,0.1463213871133337,0.2532236585377103,0.5959940261456078
B3,dq100_10_log_variance,46,46,0,46.0,-4.2117974888046215,0.29856363767418365,-5.0984213376234795,-4.344724762970433,-4.198552031751415,-4.072274947538746,-3.4512233812429836
B3,dq100_10_abs_min_log,46,46,0,46.0,-1.6478023261506052,0.19107144019263084,-2.2510534698891034,-1.7147074761668875,-1.611171164005758,-1.5533866525147193,-1.2378383926134868
B3,dq100_10_mean,46,46,0,46.0,-0.01069299868331802,0.0057970519067905785,-0.0302561192147094,-0.011796146369169725,-0.010240925013566299,-0.007970304666963076,0.0007845194706261
B3,dq100_10_min,46,46,0,46.0,-0.024498775439528254,0.009922904419910408,-0.0578311205506406,-0.02796551616958285,-0.0244826961568422,-0.019291250825899674,-0.0056097890463586
B3,dq5_2_log_variance,46,46,0,46.0,-5.406468119642413,0.18959412192495084,-5.8505455479518504,-5.526498638026945,-5.412283967811398,-5.284623623709832,-4.98147908867668
B3,qd2,46,46,0,46.0,1.0638821543478258,0.007232235876859687,1.0462732,1.06086575,1.0658566999999999,1.06865915,1.0741653
B3,qd100,46,46,0,46.0,1.0641547717391304,0.009034921843815269,1.0340093,1.0610771749999999,1.0667002,1.0705952,1.0763919
B3,qd_early_mean,46,46,0,46.0,1.0657341368028108,0.007821265673754997,1.0445220202020202,1.0623692431818184,1.0678638813131314,1.0712993151515149,1.077015806060606
B3,qd_early_std,46,46,0,46.0,0.0010153467722320265,0.0011966817292187854,0.0004595824842337,0.000603338339566275,0.00067967925271105,0.0007889509769075,0.0058169262296928
B3,qd_delta_100_2,46,46,0,46.0,0.0002726173913043167,0.0047686015442826675,-0.0188323999999999,0.000454750000000025,0.00138599999999995,0.002261949999999875,0.0038108000000001
B3,qd_early_slope,46,46,0,46.0,-1.905976486246507e-05,4.59622850752297e-05,-0.0002023977884972,-1.5671408472479866e-05,-6.916768707483084e-06,-2.1280986394557413e-06,9.73224489795927e-06
B3,ir_early_mean,46,46,0,46.0,0.015341754985946376,0.0006880845028195061,0.0134208849696969,0.01513043590656565,0.015372573833333299,0.0155726351414141,0.0183069925353535
B3,ir_change_100_2,46,46,0,46.0,-9.149652173910225e-05,0.00014994943186000015,-0.0005620929999999,-0.00014920449999997502,-0.000104284,-4.93244999999992e-05,0.000435923
B3,ir_early_slope,46,46,0,46.0,-1.1614602780242509e-07,1.3237345757762672e-06,-4.88867449598021e-06,-2.9208238095238236e-07,3.361805813235745e-09,2.863964625850344e-07,4.107525417439701e-06
B3,tavg_early_mean,46,46,0,46.0,34.2149616451915,1.2694970796639926,31.262889334066085,33.110216398111305,34.16071115234275,35.24315340442445,36.79033178065713
B3,tmax_early_mean,46,46,0,46.0,36.91093411580936,1.9486137834697808,31.680285422399457,35.54973153120301,37.31896691510903,38.08884956511326,40.5242590441136
B3,chargetime_early_mean,46,46,0,46.0,10.218831241765479,0.38073348872351304,10.04115065656567,10.04242026936027,10.043325572390607,10.045669036195253,11.040740218855252
B3,chargetime_early_median,46,46,0,46.0,10.218486920289743,0.38050864580861893,10.041276666666574,10.042387916666726,10.043449166666203,10.0458775000004,11.040201666666931
B3,chargetime_early_mean_qc,46,46,0,46.0,10.218831241765479,0.38073348872351304,10.04115065656567,10.04242026936027,10.043325572390607,10.045669036195253,11.040740218855252
B3,qd_early_std_qc,46,46,0,46.0,0.0010153467722320265,0.0011966817292187854,0.0004595824842337,0.000603338339566275,0.00067967925271105,0.0007889509769075,0.0058169262296928
B3,qd_early_slope_qc,46,46,0,46.0,-1.905976486246507e-05,4.59622850752297e-05,-0.0002023977884972,-1.5671408472479866e-05,-6.916768707483084e-06,-2.1280986394557413e-06,9.73224489795927e-06
B3,c1,46,46,0,46.0,5.219565217391305,0.5352546912835633,3.7,5.0,5.3,5.6,5.9
B3,c2,46,46,0,46.0,4.406521739130435,0.563482100243376,3.1,4.0,4.3,4.6,5.9
B3,switch_soc_pct,46,46,0,46.0,48.34782608695652,22.218328161231963,15.0,31.0,54.0,67.0,80.0
B3,c_max,46,46,0,46.0,5.36304347826087,0.3773349208754436,4.8,5.0,5.449999999999999,5.6,5.9
B3,c_eff_0_80,46,46,0,46.0,4.800736183534204,0.004741213812940153,4.7936687394007915,4.798232044198895,4.8015952143569285,4.803729603729602,4.813157894736842
B3,c_eff_soc60_80,46,46,0,46.0,4.452337540906966,0.5398044641950445,3.1,4.3,4.301075268817205,4.6,5.9
B3,cycle10_mean_c_timeweighted,46,46,0,46.0,2.4317001375076917,0.0638953784872088,2.293989774481738,2.385613392012175,2.4292537241579333,2.4918517923408285,2.5547497424698116
B3,cycle10_rms_c_timeweighted,46,46,0,46.0,3.159696671866331,0.10370733392460811,2.923288994261937,3.1294118615313815,3.1642640292605053,3.232673663966189,3.3533146729097996
B3,cycle10_variance_c2_timeweighted,46,46,0,46.0,4.077045034824275,0.4068047811898637,3.26067004797643,4.102080421144128,4.168050209819375,4.221101509940949,4.931215428619136
B3,cycle10_active_charge_duration_min,46,46,0,46.0,24.040561557971,0.8133407113530124,22.34444666666677,23.296510833333315,24.097305000000052,24.68412124999989,25.668898333333587
B3,cycle10_time_fraction_above_5c,46,46,0,46.0,0.14769392375320592,0.09729978532334206,0.0,0.08096079621692145,0.1572476718969567,0.2442139610940282,0.3445710220580263
