feature_a,feature_b,n,pearson_r,high_redundancy_abs_r085
dq100_10_log_variance,dq100_10_abs_min_log,129,0.9675335706135824,True
dq100_10_log_variance,dq100_10_mean,129,-0.9383755149939139,True
dq100_10_log_variance,dq100_10_min,129,-0.9581969596563438,True
dq100_10_log_variance,dq5_2_log_variance,129,0.13000680363238626,False
dq100_10_log_variance,qd2,129,0.5787380365756776,False
dq100_10_log_variance,qd100,129,0.47084245846521955,False
dq100_10_log_variance,qd_early_mean,129,0.5186565870943116,False
dq100_10_log_variance,qd_early_std,129,0.053681939126272255,False
dq100_10_log_variance,qd_delta_100_2,129,-0.16685451462802758,False
dq100_10_log_variance,qd_early_slope,129,0.016356153930704494,False
dq100_10_log_variance,ir_early_mean,123,0.3308953912042406,False
dq100_10_log_variance,ir_change_100_2,123,-0.2218474390016823,False
dq100_10_log_variance,ir_early_slope,123,-0.08191846673533677,False
dq100_10_log_variance,tavg_early_mean,129,-0.23106679424437895,False
dq100_10_log_variance,tmax_early_mean,129,-0.005801935523504581,False
dq100_10_log_variance,chargetime_early_mean,129,0.1850927362616016,False
dq100_10_log_variance,chargetime_early_median,129,-0.3906440896507153,False
dq100_10_log_variance,chargetime_early_mean_qc,129,-0.3858597125749066,False
dq100_10_log_variance,qd_early_std_qc,129,0.0017696549512994236,False
dq100_10_log_variance,qd_early_slope_qc,129,0.04025678589106941,False
dq100_10_log_variance,c1,129,0.15976837711085784,False
dq100_10_log_variance,c2,129,0.1716065687958383,False
dq100_10_log_variance,switch_soc_pct,129,-0.21693241398951402,False
dq100_10_log_variance,c_max,129,0.3923903408580836,False
dq100_10_log_variance,c_eff_0_80,129,0.3416842620640077,False
dq100_10_log_variance,c_eff_soc60_80,129,0.15326956491840937,False
dq100_10_log_variance,cycle10_mean_c_timeweighted,129,0.33937085644196463,False
dq100_10_log_variance,cycle10_rms_c_timeweighted,129,0.5453052531817931,False
dq100_10_log_variance,cycle10_variance_c2_timeweighted,129,0.6264304236163717,False
dq100_10_log_variance,cycle10_active_charge_duration_min,129,-0.2688727282016324,False
dq100_10_log_variance,cycle10_time_fraction_above_5c,129,0.27766775970386604,False
dq100_10_abs_min_log,dq100_10_mean,129,-0.9312850557694949,True
dq100_10_abs_min_log,dq100_10_min,129,-0.9500922457345946,True
dq100_10_abs_min_log,dq5_2_log_variance,129,0.10669287462097234,False
dq100_10_abs_min_log,qd2,129,0.572314506438278,False
dq100_10_abs_min_log,qd100,129,0.4659095231135352,False
dq100_10_abs_min_log,qd_early_mean,129,0.5141374862291063,False
dq100_10_abs_min_log,qd_early_std,129,0.0480282322081648,False
dq100_10_abs_min_log,qd_delta_100_2,129,-0.16407330116259466,False
dq100_10_abs_min_log,qd_early_slope,129,0.009330967976522817,False
dq100_10_abs_min_log,ir_early_mean,123,0.32028156372176186,False
dq100_10_abs_min_log,ir_change_100_2,123,-0.17564254710975225,False
dq100_10_abs_min_log,ir_early_slope,123,-0.047812475679649594,False
dq100_10_abs_min_log,tavg_early_mean,129,-0.23795009607527975,False
dq100_10_abs_min_log,tmax_early_mean,129,-0.021289080328029716,False
dq100_10_abs_min_log,chargetime_early_mean,129,0.1929701708365245,False
dq100_10_abs_min_log,chargetime_early_median,129,-0.358037762054925,False
dq100_10_abs_min_log,chargetime_early_mean_qc,129,-0.3529788329572052,False
dq100_10_abs_min_log,qd_early_std_qc,129,-0.0025210152284043386,False
dq100_10_abs_min_log,qd_early_slope_qc,129,0.030678769604383378,False
dq100_10_abs_min_log,c1,129,0.1636866092411122,False
dq100_10_abs_min_log,c2,129,0.14137495473480943,False
dq100_10_abs_min_log,switch_soc_pct,129,-0.23542531065820277,False
dq100_10_abs_min_log,c_max,129,0.3900076657970853,False
dq100_10_abs_min_log,c_eff_0_80,129,0.2897972171676505,False
dq100_10_abs_min_log,c_eff_soc60_80,129,0.12034404420218553,False
dq100_10_abs_min_log,cycle10_mean_c_timeweighted,129,0.3202106676142057,False
dq100_10_abs_min_log,cycle10_rms_c_timeweighted,129,0.5204173669287544,False
dq100_10_abs_min_log,cycle10_variance_c2_timeweighted,129,0.6052845634799403,False
dq100_10_abs_min_log,cycle10_active_charge_duration_min,129,-0.25050089440167145,False
dq100_10_abs_min_log,cycle10_time_fraction_above_5c,129,0.2894197350540731,False
dq100_10_mean,dq100_10_min,129,0.9888969494579166,True
dq100_10_mean,dq5_2_log_variance,129,-0.13767718581968263,False
dq100_10_mean,qd2,129,-0.5889664814976248,False
dq100_10_mean,qd100,129,-0.44270708976502554,False
dq100_10_mean,qd_early_mean,129,-0.5016604970932488,False
dq100_10_mean,qd_early_std,129,-0.06726205996568038,False
dq100_10_mean,qd_delta_100_2,129,0.2854122213377768,False
dq100_10_mean,qd_early_slope,129,0.11228500973319283,False
dq100_10_mean,ir_early_mean,123,-0.2763459784442457,False
dq100_10_mean,ir_change_100_2,123,0.2757927118579438,False
dq100_10_mean,ir_early_slope,123,0.10158654960197767,False
dq100_10_mean,tavg_early_mean,129,0.2373110683857672,False
dq100_10_mean,tmax_early_mean,129,0.024369909687364664,False
dq100_10_mean,chargetime_early_mean,129,-0.26043759483703616,False
dq100_10_mean,chargetime_early_median,129,0.32154666903846185,False
dq100_10_mean,chargetime_early_mean_qc,129,0.3182951144249629,False
dq100_10_mean,qd_early_std_qc,129,-0.11910645570033053,False
dq100_10_mean,qd_early_slope_qc,129,0.11006617797747964,False
dq100_10_mean,c1,129,-0.029765691875286302,False
dq100_10_mean,c2,129,-0.2917678746520807,False
dq100_10_mean,switch_soc_pct,129,0.171367718732646,False
dq100_10_mean,c_max,129,-0.30675071709894824,False
dq100_10_mean,c_eff_0_80,129,-0.3079651719418828,False
dq100_10_mean,c_eff_soc60_80,129,-0.2669486798221906,False
dq100_10_mean,cycle10_mean_c_timeweighted,129,-0.3862370984613653,False
dq100_10_mean,cycle10_rms_c_timeweighted,129,-0.5298257016639373,False
dq100_10_mean,cycle10_variance_c2_timeweighted,129,-0.533013100812328,False
dq100_10_mean,cycle10_active_charge_duration_min,129,0.299963636150971,False
dq100_10_mean,cycle10_time_fraction_above_5c,129,-0.20539334463569897,False
dq100_10_min,dq5_2_log_variance,129,-0.1579277005906404,False
dq100_10_min,qd2,129,-0.6082517335574589,False
dq100_10_min,qd100,129,-0.478867291584438,False
dq100_10_min,qd_early_mean,129,-0.5332716556312177,False
dq100_10_min,qd_early_std,129,-0.06204061463706869,False
dq100_10_min,qd_delta_100_2,129,0.22605861858909215,False
dq100_10_min,qd_early_slope,129,0.04978167516643897,False
dq100_10_min,ir_early_mean,123,-0.31522031665160904,False
dq100_10_min,ir_change_100_2,123,0.2613708838320174,False
dq100_10_min,ir_early_slope,123,0.08921009890444793,False
dq100_10_min,tavg_early_mean,129,0.2539141963644945,False
dq100_10_min,tmax_early_mean,129,0.024258433699190687,False
dq100_10_min,chargetime_early_mean,129,-0.2679538268897873,False
dq100_10_min,chargetime_early_median,129,0.31618434147039987,False
dq100_10_min,chargetime_early_mean_qc,129,0.3125556096130214,False
dq100_10_min,qd_early_std_qc,129,-0.09689150084332097,False
dq100_10_min,qd_early_slope_qc,129,0.04070308404239757,False
dq100_10_min,c1,129,-0.056795951242119294,False
dq100_10_min,c2,129,-0.2576961557334986,False
dq100_10_min,switch_soc_pct,129,0.17978891054629118,False
dq100_10_min,c_max,129,-0.31353804644045374,False
dq100_10_min,c_eff_0_80,129,-0.29943065354740106,False
dq100_10_min,c_eff_soc60_80,129,-0.23384825895917322,False
dq100_10_min,cycle10_mean_c_timeweighted,129,-0.3754815178604984,False
dq100_10_min,cycle10_rms_c_timeweighted,129,-0.5240794949113392,False
dq100_10_min,cycle10_variance_c2_timeweighted,129,-0.5357837967271348,False
dq100_10_min,cycle10_active_charge_duration_min,129,0.2866053306861932,False
dq100_10_min,cycle10_time_fraction_above_5c,129,-0.21541716845389483,False
dq5_2_log_variance,qd2,129,-0.011924182670651415,False
dq5_2_log_variance,qd100,129,0.01773908647029826,False
dq5_2_log_variance,qd_early_mean,129,-0.027420194090618032,False
dq5_2_log_variance,qd_early_std,129,-0.25003334575089853,False
dq5_2_log_variance,qd_delta_100_2,129,0.09045371709677553,False
dq5_2_log_variance,qd_early_slope,129,0.2511307989841479,False
dq5_2_log_variance,ir_early_mean,123,-0.1054475598322624,False
dq5_2_log_variance,ir_change_100_2,123,0.11672438831806212,False
dq5_2_log_variance,ir_early_slope,123,0.22709351113449028,False
dq5_2_log_variance,tavg_early_mean,129,-0.12007798867971678,False
dq5_2_log_variance,tmax_early_mean,129,-0.050101974024662446,False
dq5_2_log_variance,chargetime_early_mean,129,0.02603170628155947,False
dq5_2_log_variance,chargetime_early_median,129,-0.1038600527773271,False
dq5_2_log_variance,chargetime_early_mean_qc,129,-0.10637889055821817,False
dq5_2_log_variance,qd_early_std_qc,129,-3.419979564222436e-05,False
dq5_2_log_variance,qd_early_slope_qc,129,0.17195737558021149,False
dq5_2_log_variance,c1,129,-0.23724177919490988,False
dq5_2_log_variance,c2,129,0.25476371187225666,False
dq5_2_log_variance,switch_soc_pct,129,0.07386997795250608,False
dq5_2_log_variance,c_max,129,-0.13427341686731306,False
dq5_2_log_variance,c_eff_0_80,129,0.12084017706061018,False
dq5_2_log_variance,c_eff_soc60_80,129,0.20717092714025534,False
dq5_2_log_variance,cycle10_mean_c_timeweighted,129,-0.21911848847962967,False
dq5_2_log_variance,cycle10_rms_c_timeweighted,129,-0.16566318457780888,False
dq5_2_log_variance,cycle10_variance_c2_timeweighted,129,-0.018384828047256035,False
dq5_2_log_variance,cycle10_active_charge_duration_min,129,0.1691161950111617,False
dq5_2_log_variance,cycle10_time_fraction_above_5c,129,0.0006328741991104628,False
qd2,qd100,129,0.950070660409038,True
qd2,qd_early_mean,129,0.9746875046617809,True
qd2,qd_early_std,129,-0.01699979955298836,False
qd2,qd_delta_100_2,129,0.14455878113764487,False
qd2,qd_early_slope,129,0.20610348307714982,False
qd2,ir_early_mean,123,0.5212547813102346,False
qd2,ir_change_100_2,123,-0.08665579448193664,False
qd2,ir_early_slope,123,0.039445549133444745,False
qd2,tavg_early_mean,129,-0.448677443947058,False
qd2,tmax_early_mean,129,-0.259099744615751,False
qd2,chargetime_early_mean,129,0.29468258746237913,False
qd2,chargetime_early_median,129,-0.06258739353121565,False
qd2,chargetime_early_mean_qc,129,-0.060597418371168964,False
qd2,qd_early_std_qc,129,0.17520049381290287,False
qd2,qd_early_slope_qc,129,0.19846181605911473,False
qd2,c1,129,-0.004079284126371055,False
qd2,c2,129,0.09076644581443696,False
qd2,switch_soc_pct,129,0.04790545190050091,False
qd2,c_max,129,0.003796450561085119,False
qd2,c_eff_0_80,129,0.045277624432360254,False
qd2,c_eff_soc60_80,129,0.05389705381847184,False
qd2,cycle10_mean_c_timeweighted,129,0.12585102985275656,False
qd2,cycle10_rms_c_timeweighted,129,0.12771786174189392,False
qd2,cycle10_variance_c2_timeweighted,129,0.06733897598224291,False
qd2,cycle10_active_charge_duration_min,129,0.09394936949275834,False
qd2,cycle10_time_fraction_above_5c,129,-0.1107606164795894,False
qd100,qd_early_mean,129,0.9810860301378488,True
qd100,qd_early_std,129,-0.04261337063561312,False
qd100,qd_delta_100_2,129,0.4460983478669014,False
qd100,qd_early_slope,129,0.4394051938738851,False
qd100,ir_early_mean,123,0.6280028659044072,False
qd100,ir_change_100_2,123,-0.03941795330900134,False
qd100,ir_early_slope,123,0.07437299166564826,False
qd100,tavg_early_mean,129,-0.4886332264336864,False
qd100,tmax_early_mean,129,-0.29057797713630296,False
qd100,chargetime_early_mean,129,0.25990575862344917,False
qd100,chargetime_early_median,129,0.021495105405073642,False
qd100,chargetime_early_mean_qc,129,0.023336599915749913,False
qd100,qd_early_std_qc,129,0.12488445395718353,False
qd100,qd_early_slope_qc,129,0.4508231396544026,False
qd100,c1,129,0.05373467372391835,False
qd100,c2,129,-0.0709810255639857,False
qd100,switch_soc_pct,129,0.09352298633130808,False
qd100,c_max,129,-0.05510998569945927,False
qd100,c_eff_0_80,129,-0.04232679241035625,False
qd100,c_eff_soc60_80,129,-0.10775381487635857,False
qd100,cycle10_mean_c_timeweighted,129,0.04562458289247961,False
qd100,cycle10_rms_c_timeweighted,129,0.023987978337353555,False
qd100,cycle10_variance_c2_timeweighted,129,-0.03275523128734618,False
qd100,cycle10_active_charge_duration_min,129,0.17210894105626845,False
qd100,cycle10_time_fraction_above_5c,129,-0.12578325901659948,False
qd_early_mean,qd_early_std,129,0.08132347759418658,False
qd_early_mean,qd_delta_100_2,129,0.31551362779143033,False
qd_early_mean,qd_early_slope,129,0.2865691861747788,False
qd_early_mean,ir_early_mean,123,0.6284096086169202,False
qd_early_mean,ir_change_100_2,123,-0.14345149131938578,False
qd_early_mean,ir_early_slope,123,-0.04720226458146547,False
qd_early_mean,tavg_early_mean,129,-0.5081097111037931,False
qd_early_mean,tmax_early_mean,129,-0.2946857822021924,False
qd_early_mean,chargetime_early_mean,129,0.2576214057823662,False
qd_early_mean,chargetime_early_median,129,0.008323814264561802,False
qd_early_mean,chargetime_early_mean_qc,129,0.010097900258965134,False
qd_early_mean,qd_early_std_qc,129,0.159086750519224,False
qd_early_mean,qd_early_slope_qc,129,0.33018374599737343,False
qd_early_mean,c1,129,0.035546841635187315,False
qd_early_mean,c2,129,-0.04256214098226406,False
qd_early_mean,switch_soc_pct,129,0.09396334229382954,False
qd_early_mean,c_max,129,-0.03184839725413276,False
qd_early_mean,c_eff_0_80,129,-0.02741473135118286,False
qd_early_mean,c_eff_soc60_80,129,-0.06881608122902115,False
qd_early_mean,cycle10_mean_c_timeweighted,129,0.059017657935845166,False
qd_early_mean,cycle10_rms_c_timeweighted,129,0.05100327381200511,False
qd_early_mean,cycle10_variance_c2_timeweighted,129,0.006547348215902873,False
qd_early_mean,cycle10_active_charge_duration_min,129,0.16193583339359957,False
qd_early_mean,cycle10_time_fraction_above_5c,129,-0.11169656439870214,False
qd_early_std,qd_delta_100_2,129,-0.08637247496545855,False
qd_early_std,qd_early_slope,129,-0.5046082528669132,False
qd_early_std,ir_early_mean,123,0.21134319491316678,False
qd_early_std,ir_change_100_2,123,-0.7558112472894749,False
qd_early_std,ir_early_slope,123,-0.901605883888256,True
qd_early_std,tavg_early_mean,129,-0.1234895216858743,False
qd_early_std,tmax_early_mean,129,-0.040498905205781324,False
qd_early_std,chargetime_early_mean,129,-0.027643231990039097,False
qd_early_std,chargetime_early_median,129,-0.008664294315277168,False
qd_early_std,chargetime_early_mean_qc,129,-0.013431041641491314,False
qd_early_std,qd_early_std_qc,129,0.2787657971425552,False
qd_early_std,qd_early_slope_qc,129,-0.1713770806856831,False
qd_early_std,c1,129,-0.08477014497225824,False
qd_early_std,c2,129,-0.10307238696460712,False
qd_early_std,switch_soc_pct,129,0.12113528604174394,False
qd_early_std,c_max,129,-0.08211231562955171,False
qd_early_std,c_eff_0_80,129,0.025636607944928697,False
qd_early_std,c_eff_soc60_80,129,-0.011101259034505866,False
qd_early_std,cycle10_mean_c_timeweighted,129,0.0049962966612320334,False
qd_early_std,cycle10_rms_c_timeweighted,129,0.017808153542275634,False
qd_early_std,cycle10_variance_c2_timeweighted,129,0.040050546937011086,False
qd_early_std,cycle10_active_charge_duration_min,129,-0.030580740557372407,False
qd_early_std,cycle10_time_fraction_above_5c,129,0.14661002212792434,False
qd_delta_100_2,qd_early_slope,129,0.802251661658435,False
qd_delta_100_2,ir_early_mean,123,0.49203082840203527,False
qd_delta_100_2,ir_change_100_2,123,0.11676450281076617,False
qd_delta_100_2,ir_early_slope,123,0.11927350160400908,False
qd_delta_100_2,tavg_early_mean,129,-0.2626040701533914,False
qd_delta_100_2,tmax_early_mean,129,-0.17829963107915578,False
qd_delta_100_2,chargetime_early_mean,129,-0.021024641774309218,False
qd_delta_100_2,chargetime_early_median,129,0.24767759373677742,False
qd_delta_100_2,chargetime_early_mean_qc,129,0.24780948934876457,False
qd_delta_100_2,qd_early_std_qc,129,-0.1064911055213364,False
qd_delta_100_2,qd_early_slope_qc,129,0.8603771694993136,True
qd_delta_100_2,c1,129,0.18209873738464383,False
qd_delta_100_2,c2,129,-0.4854264634624157,False
qd_delta_100_2,switch_soc_pct,129,0.15916822256268842,False
qd_delta_100_2,c_max,129,-0.18564877205343694,False
qd_delta_100_2,c_eff_0_80,129,-0.26408893424555774,False
qd_delta_100_2,c_eff_soc60_80,129,-0.49628750033362556,False
qd_delta_100_2,cycle10_mean_c_timeweighted,129,-0.21628770577607284,False
qd_delta_100_2,cycle10_rms_c_timeweighted,129,-0.29025419942705966,False
qd_delta_100_2,cycle10_variance_c2_timeweighted,129,-0.29701324497454906,False
qd_delta_100_2,cycle10_active_charge_duration_min,129,0.2763087888922233,False
qd_delta_100_2,cycle10_time_fraction_above_5c,129,-0.08118672000321771,False
qd_early_slope,ir_early_mean,123,0.3157817768013671,False
qd_early_slope,ir_change_100_2,123,0.3451819761859415,False
qd_early_slope,ir_early_slope,123,0.44390548989117884,False
qd_early_slope,tavg_early_mean,129,-0.141741666654232,False
qd_early_slope,tmax_early_mean,129,-0.07990571704730715,False
qd_early_slope,chargetime_early_mean,129,-0.03948756891407226,False
qd_early_slope,chargetime_early_median,129,0.05988069394705299,False
qd_early_slope,chargetime_early_mean_qc,129,0.06078774908127757,False
qd_early_slope,qd_early_std_qc,129,-0.337127282125651,False
qd_early_slope,qd_early_slope_qc,129,0.9313422066223003,True
qd_early_slope,c1,129,0.1416556212413802,False
qd_early_slope,c2,129,-0.23884733305160005,False
qd_early_slope,switch_soc_pct,129,0.0248063881308435,False
qd_early_slope,c_max,129,-0.09866638929939489,False
qd_early_slope,c_eff_0_80,129,-0.06996092659393854,False
qd_early_slope,c_eff_soc60_80,129,-0.28608195119303725,False
qd_early_slope,cycle10_mean_c_timeweighted,129,-0.07841111576139065,False
qd_early_slope,cycle10_rms_c_timeweighted,129,-0.1159385983507984,False
qd_early_slope,cycle10_variance_c2_timeweighted,129,-0.14769974047331497,False
qd_early_slope,cycle10_active_charge_duration_min,129,0.12997055045636688,False
qd_early_slope,cycle10_time_fraction_above_5c,129,-0.07882878132527826,False
ir_early_mean,ir_change_100_2,123,-0.22165314617428097,False
ir_early_mean,ir_early_slope,123,-0.17015572693565886,False
ir_early_mean,tavg_early_mean,123,-0.48347141901615237,False
ir_early_mean,tmax_early_mean,123,-0.20844220283978226,False
ir_early_mean,chargetime_early_mean,123,0.06905099329174516,False
ir_early_mean,chargetime_early_median,123,0.30761487741074145,False
ir_early_mean,chargetime_early_mean_qc,123,0.3114772884507626,False
ir_early_mean,qd_early_std_qc,123,0.061020383539586234,False
ir_early_mean,qd_early_slope_qc,123,0.4326283077173734,False
ir_early_mean,c1,123,0.26559960605687705,False
ir_early_mean,c2,123,-0.46860217184814335,False
ir_early_mean,switch_soc_pct,123,0.0763670821283438,False
ir_early_mean,c_max,123,0.1120386579755473,False
ir_early_mean,c_eff_0_80,123,-0.32933215178520603,False
ir_early_mean,c_eff_soc60_80,123,-0.486263075955954,False
ir_early_mean,cycle10_mean_c_timeweighted,123,-0.017631446822671586,False
ir_early_mean,cycle10_rms_c_timeweighted,123,-0.042158741580427705,False
ir_early_mean,cycle10_variance_c2_timeweighted,123,-0.06665039766264116,False
ir_early_mean,cycle10_active_charge_duration_min,123,0.16135062872262823,False
ir_early_mean,cycle10_time_fraction_above_5c,123,0.01301682305891734,False
ir_change_100_2,ir_early_slope,123,0.934434555640642,True
ir_change_100_2,tavg_early_mean,123,0.14479408630339563,False
ir_change_100_2,tmax_early_mean,123,0.07659653496871771,False
ir_change_100_2,chargetime_early_mean,123,-0.1674378376619816,False
ir_change_100_2,chargetime_early_median,123,0.16284214540621123,False
ir_change_100_2,chargetime_early_mean_qc,123,0.16693141354591207,False
ir_change_100_2,qd_early_std_qc,123,-0.012678844859837127,False
ir_change_100_2,qd_early_slope_qc,123,0.05881484798075982,False
ir_change_100_2,c1,123,0.19386032279975557,False
ir_change_100_2,c2,123,-0.18079633878303658,False
ir_change_100_2,switch_soc_pct,123,-0.05291474418773125,False
ir_change_100_2,c_max,123,0.1318976506253075,False
ir_change_100_2,c_eff_0_80,123,-0.20629557774557775,False
ir_change_100_2,c_eff_soc60_80,123,-0.24113951269662373,False
ir_change_100_2,cycle10_mean_c_timeweighted,123,-0.2815056450261082,False
ir_change_100_2,cycle10_rms_c_timeweighted,123,-0.23026509456552927,False
ir_change_100_2,cycle10_variance_c2_timeweighted,123,-0.07054246615398664,False
ir_change_100_2,cycle10_active_charge_duration_min,123,0.2694601518390908,False
ir_change_100_2,cycle10_time_fraction_above_5c,123,-0.06737309923780271,False
ir_early_slope,tavg_early_mean,123,0.10361485832260564,False
ir_early_slope,tmax_early_mean,123,0.07084848602741338,False
ir_early_slope,chargetime_early_mean,123,-0.07121937923350108,False
ir_early_slope,chargetime_early_median,123,0.13003731687958342,False
ir_early_slope,chargetime_early_mean_qc,123,0.1349920413134224,False
ir_early_slope,qd_early_std_qc,123,-0.0003800736078336713,False
ir_early_slope,qd_early_slope_qc,123,0.10388490368827746,False
ir_early_slope,c1,123,0.1305060069732634,False
ir_early_slope,c2,123,-0.0445489185096542,False
ir_early_slope,switch_soc_pct,123,-0.08982180451191801,False
ir_early_slope,c_max,123,0.1190399932964496,False
ir_early_slope,c_eff_0_80,123,-0.16190459414191516,False
ir_early_slope,c_eff_soc60_80,123,-0.13376538303272145,False
ir_early_slope,cycle10_mean_c_timeweighted,123,-0.17778551200214204,False
ir_early_slope,cycle10_rms_c_timeweighted,123,-0.15118813784044108,False
ir_early_slope,cycle10_variance_c2_timeweighted,123,-0.059507540854593505,False
ir_early_slope,cycle10_active_charge_duration_min,123,0.1911659662233699,False
ir_early_slope,cycle10_time_fraction_above_5c,123,-0.09859579533391155,False
tavg_early_mean,tmax_early_mean,129,0.8798923759686039,True
tavg_early_mean,chargetime_early_mean,129,-0.13855556404630653,False
tavg_early_mean,chargetime_early_median,129,-0.2912557001794174,False
tavg_early_mean,chargetime_early_mean_qc,129,-0.2923368774539703,False
tavg_early_mean,qd_early_std_qc,129,-0.11018188941927227,False
tavg_early_mean,qd_early_slope_qc,129,-0.19430438615123663,False
tavg_early_mean,c1,129,0.10874262948914579,False
tavg_early_mean,c2,129,0.09665849453751665,False
tavg_early_mean,switch_soc_pct,129,-0.3303397296205443,False
tavg_early_mean,c_max,129,0.16481971102198206,False
tavg_early_mean,c_eff_0_80,129,0.27008481663839673,False
tavg_early_mean,c_eff_soc60_80,129,0.10422347743332153,False
tavg_early_mean,cycle10_mean_c_timeweighted,129,0.2211413046703182,False
tavg_early_mean,cycle10_rms_c_timeweighted,129,0.2700084393132057,False
tavg_early_mean,cycle10_variance_c2_timeweighted,129,0.2334032281404148,False
tavg_early_mean,cycle10_active_charge_duration_min,129,-0.37027138934215703,False
tavg_early_mean,cycle10_time_fraction_above_5c,129,0.14944695577090109,False
tmax_early_mean,chargetime_early_mean,129,-0.13852080317152246,False
tmax_early_mean,chargetime_early_median,129,-0.18234179104096243,False
tmax_early_mean,chargetime_early_mean_qc,129,-0.18166035292436836,False
tmax_early_mean,qd_early_std_qc,129,-0.0006779004521461074,False
tmax_early_mean,qd_early_slope_qc,129,-0.10486044027522881,False
tmax_early_mean,c1,129,0.11477532212300251,False
tmax_early_mean,c2,129,0.04377975193133145,False
tmax_early_mean,switch_soc_pct,129,-0.2993048114429922,False
tmax_early_mean,c_max,129,0.21879818758356906,False
tmax_early_mean,c_eff_0_80,129,0.1561623111058041,False
tmax_early_mean,c_eff_soc60_80,129,0.038447578244583634,False
tmax_early_mean,cycle10_mean_c_timeweighted,129,0.10965920463576811,False
tmax_early_mean,cycle10_rms_c_timeweighted,129,0.19435127914076109,False
tmax_early_mean,cycle10_variance_c2_timeweighted,129,0.244189774479066,False
tmax_early_mean,cycle10_active_charge_duration_min,129,-0.23098851794100397,False
tmax_early_mean,cycle10_time_fraction_above_5c,129,0.14513713992882185,False
chargetime_early_mean,chargetime_early_median,129,-0.05000121571286535,False
chargetime_early_mean,chargetime_early_mean_qc,129,-0.05013875840570692,False
chargetime_early_mean,qd_early_std_qc,129,0.007828617481558133,False
chargetime_early_mean,qd_early_slope_qc,129,-0.05600912578782308,False
chargetime_early_mean,c1,129,-0.10420961865318991,False
chargetime_early_mean,c2,129,0.15449911213065884,False
chargetime_early_mean,switch_soc_pct,129,0.006491319127231651,False
chargetime_early_mean,c_max,129,-0.08698508273642372,False
chargetime_early_mean,c_eff_0_80,129,0.05441351073434808,False
chargetime_early_mean,c_eff_soc60_80,129,0.15278994032854942,False
chargetime_early_mean,cycle10_mean_c_timeweighted,129,0.24673354364270272,False
chargetime_early_mean,cycle10_rms_c_timeweighted,129,0.17721573923356101,False
chargetime_early_mean,cycle10_variance_c2_timeweighted,129,0.001370093280829935,False
chargetime_early_mean,cycle10_active_charge_duration_min,129,-0.17347682759576732,False
chargetime_early_mean,cycle10_time_fraction_above_5c,129,-0.1078881965633611,False
chargetime_early_median,chargetime_early_mean_qc,129,0.9997329758212985,True
chargetime_early_median,qd_early_std_qc,129,0.16721213522584016,False
chargetime_early_median,qd_early_slope_qc,129,0.04189272963926408,False
chargetime_early_median,c1,129,0.019640241524081094,False
chargetime_early_median,c2,129,-0.39482044877515543,False
chargetime_early_median,switch_soc_pct,129,0.0928165873200393,False
chargetime_early_median,c_max,129,-0.045814465116874016,False
chargetime_early_median,c_eff_0_80,129,-0.9565923247279099,True
chargetime_early_median,c_eff_soc60_80,129,-0.4360043053973408,False
chargetime_early_median,cycle10_mean_c_timeweighted,129,-0.4790088394531007,False
chargetime_early_median,cycle10_rms_c_timeweighted,129,-0.6988518241655911,False
chargetime_early_median,cycle10_variance_c2_timeweighted,129,-0.7410869881502509,False
chargetime_early_median,cycle10_active_charge_duration_min,129,0.5916711645332251,False
chargetime_early_median,cycle10_time_fraction_above_5c,129,-0.40655337356262,False
chargetime_early_mean_qc,qd_early_std_qc,129,0.16500160235601857,False
chargetime_early_mean_qc,qd_early_slope_qc,129,0.0411673240611455,False
chargetime_early_mean_qc,c1,129,0.028669181531471147,False
chargetime_early_mean_qc,c2,129,-0.3987711927773187,False
chargetime_early_mean_qc,switch_soc_pct,129,0.0883831168480641,False
chargetime_early_mean_qc,c_max,129,-0.03683857243754185,False
chargetime_early_mean_qc,c_eff_0_80,129,-0.9578861976818207,True
chargetime_early_mean_qc,c_eff_soc60_80,129,-0.4410749760878591,False
chargetime_early_mean_qc,cycle10_mean_c_timeweighted,129,-0.47697546899335774,False
chargetime_early_mean_qc,cycle10_rms_c_timeweighted,129,-0.6947743543411576,False
chargetime_early_mean_qc,cycle10_variance_c2_timeweighted,129,-0.7356550906919,False
chargetime_early_mean_qc,cycle10_active_charge_duration_min,129,0.590156929893372,False
chargetime_early_mean_qc,cycle10_time_fraction_above_5c,129,-0.4050836807245989,False
qd_early_std_qc,qd_early_slope_qc,129,-0.3768044808386872,False
qd_early_std_qc,c1,129,-0.28909384931132975,False
qd_early_std_qc,c2,129,0.10129060065815183,False
qd_early_std_qc,switch_soc_pct,129,0.1281706496796733,False
qd_early_std_qc,c_max,129,-0.23106020095609417,False
qd_early_std_qc,c_eff_0_80,129,-0.1446368023085611,False
qd_early_std_qc,c_eff_soc60_80,129,0.0930762604760561,False
qd_early_std_qc,cycle10_mean_c_timeweighted,129,-0.0690909290727929,False
qd_early_std_qc,cycle10_rms_c_timeweighted,129,-0.1458300652050506,False
qd_early_std_qc,cycle10_variance_c2_timeweighted,129,-0.18513026620751094,False
qd_early_std_qc,cycle10_active_charge_duration_min,129,0.1001862372567128,False
qd_early_std_qc,cycle10_time_fraction_above_5c,129,-0.007817465741016175,False
qd_early_slope_qc,c1,129,0.15585296316576983,False
qd_early_slope_qc,c2,129,-0.3185375228864823,False
qd_early_slope_qc,switch_soc_pct,129,0.06234304568844562,False
qd_early_slope_qc,c_max,129,-0.11478708403772983,False
qd_early_slope_qc,c_eff_0_80,129,-0.04865072935379188,False
qd_early_slope_qc,c_eff_soc60_80,129,-0.3310724066927524,False
qd_early_slope_qc,cycle10_mean_c_timeweighted,129,-0.07582173614960852,False
qd_early_slope_qc,cycle10_rms_c_timeweighted,129,-0.10241471945754191,False
qd_early_slope_qc,cycle10_variance_c2_timeweighted,129,-0.12328542929963006,False
qd_early_slope_qc,cycle10_active_charge_duration_min,129,0.11810001539940906,False
qd_early_slope_qc,cycle10_time_fraction_above_5c,129,-0.02451682684654071,False
c1,c2,129,-0.5412124242843787,False
c1,switch_soc_pct,129,-0.41063722839208383,False
c1,c_max,129,0.8443485577392736,False
c1,c_eff_0_80,129,-0.0957762382977883,False
c1,c_eff_soc60_80,129,-0.5667133863582917,False
c1,cycle10_mean_c_timeweighted,129,0.02666311517979419,False
c1,cycle10_rms_c_timeweighted,129,0.2243310630136629,False
c1,cycle10_variance_c2_timeweighted,129,0.4182569126789505,False
c1,cycle10_active_charge_duration_min,129,-0.015500913192926041,False
c1,cycle10_time_fraction_above_5c,129,0.04752223908484089,False
c2,switch_soc_pct,129,-0.027792827483819414,False
c2,c_max,129,-0.24662102861615337,False
c2,c_eff_0_80,129,0.4796759648163743,False
c2,c_eff_soc60_80,129,0.9787508215126908,True
c2,cycle10_mean_c_timeweighted,129,0.23498750590668763,False
c2,cycle10_rms_c_timeweighted,129,0.16445811734547156,False
c2,cycle10_variance_c2_timeweighted,129,-0.007382297603700336,False
c2,cycle10_active_charge_duration_min,129,-0.2501086458731552,False
c2,cycle10_time_fraction_above_5c,129,-0.27678364788590665,False
switch_soc_pct,c_max,129,-0.5927217597832501,False
switch_soc_pct,c_eff_0_80,129,0.025754068684707747,False
switch_soc_pct,c_eff_soc60_80,129,-0.005372372809801126,False
switch_soc_pct,cycle10_mean_c_timeweighted,129,-0.26470190149794515,False
switch_soc_pct,cycle10_rms_c_timeweighted,129,-0.3292295198354426,False
switch_soc_pct,cycle10_variance_c2_timeweighted,129,-0.2788535915348024,False
switch_soc_pct,cycle10_active_charge_duration_min,129,0.25189449004942355,False
switch_soc_pct,cycle10_time_fraction_above_5c,129,-0.07492229790024318,False
c_max,c_eff_0_80,129,-0.03816984658255318,False
c_max,c_eff_soc60_80,129,-0.28659288188949983,False
c_max,cycle10_mean_c_timeweighted,129,0.040982775816905764,False
c_max,cycle10_rms_c_timeweighted,129,0.30531109216299657,False
c_max,cycle10_variance_c2_timeweighted,129,0.5676872684660559,False
c_max,cycle10_active_charge_duration_min,129,-0.05577580469824856,False
c_max,cycle10_time_fraction_above_5c,129,0.09768071385840282,False
c_eff_0_80,c_eff_soc60_80,129,0.5232457103827564,False
c_eff_0_80,cycle10_mean_c_timeweighted,129,0.48058969719001776,False
c_eff_0_80,cycle10_rms_c_timeweighted,129,0.6570035522807847,False
c_eff_0_80,cycle10_variance_c2_timeweighted,129,0.6534557099216136,False
c_eff_0_80,cycle10_active_charge_duration_min,129,-0.588734999604007,False
c_eff_0_80,cycle10_time_fraction_above_5c,129,0.3323688102128585,False
c_eff_soc60_80,cycle10_mean_c_timeweighted,129,0.25758090896457597,False
c_eff_soc60_80,cycle10_rms_c_timeweighted,129,0.18972337240693155,False
c_eff_soc60_80,cycle10_variance_c2_timeweighted,129,0.012849220671910765,False
c_eff_soc60_80,cycle10_active_charge_duration_min,129,-0.28340496659922687,False
c_eff_soc60_80,cycle10_time_fraction_above_5c,129,-0.2294330714450105,False
cycle10_mean_c_timeweighted,cycle10_rms_c_timeweighted,129,0.8974387866020029,True
cycle10_mean_c_timeweighted,cycle10_variance_c2_timeweighted,129,0.37868537899675747,False
cycle10_mean_c_timeweighted,cycle10_active_charge_duration_min,129,-0.949841044317726,True
cycle10_mean_c_timeweighted,cycle10_time_fraction_above_5c,129,0.1935625301674248,False
cycle10_rms_c_timeweighted,cycle10_variance_c2_timeweighted,129,0.7472909289124116,False
cycle10_rms_c_timeweighted,cycle10_active_charge_duration_min,129,-0.9114498358206728,True
cycle10_rms_c_timeweighted,cycle10_time_fraction_above_5c,129,0.3881032040294423,False
cycle10_variance_c2_timeweighted,cycle10_active_charge_duration_min,129,-0.4858182657638378,False
cycle10_variance_c2_timeweighted,cycle10_time_fraction_above_5c,129,0.5303128330908992,False
cycle10_active_charge_duration_min,cycle10_time_fraction_above_5c,129,-0.30513013830854513,False
