candidate_set,feature,n_complete_cases,vif,design_rank
redundant_candidates,dq100_10_log_variance,129,19.65774969674035,12
redundant_candidates,dq100_10_abs_min_log,129,16.599962719620653,12
redundant_candidates,qd2,129,inf,13
redundant_candidates,qd100,129,inf,13
redundant_candidates,qd_early_mean,129,79.47745484831162,12
redundant_candidates,qd_delta_100_2,129,inf,13
redundant_candidates,tavg_early_mean,129,14.885295035538716,12
redundant_candidates,tmax_early_mean,129,9.607186054501993,12
redundant_candidates,chargetime_early_mean,129,1.1536872450657105,12
redundant_candidates,c1,129,2.1672635071134594,12
redundant_candidates,c2,129,3.1158140501054805,12
redundant_candidates,switch_soc_pct,129,1.8999348636539215,12
redundant_candidates,c_eff_0_80,129,2.7446225971099483,12
compact_candidates,dq100_10_log_variance,129,1.9275007592451496,8
compact_candidates,qd2,129,1.9995877355157377,8
compact_candidates,qd_delta_100_2,129,1.5340658306865784,8
compact_candidates,tavg_early_mean,129,1.5256206384470175,8
compact_candidates,chargetime_early_mean,129,1.1190265270225221,8
compact_candidates,c1,129,2.0488072835063407,8
compact_candidates,c2,129,2.0817424144699084,8
compact_candidates,switch_soc_pct,129,1.512819308899478,8
compact_robust_candidates,dq100_10_log_variance,129,2.4061985062554974,8
compact_robust_candidates,qd2_qc,129,1.9443058616443332,8
compact_robust_candidates,qd_delta_100_2_qc,129,1.5520197851497155,8
compact_robust_candidates,tavg_early_mean,129,1.8018571514858621,8
compact_robust_candidates,chargetime_early_median,129,1.746332756929305,8
compact_robust_candidates,c1,129,2.080242127610193,8
compact_robust_candidates,c2,129,2.3665899777090296,8
compact_robust_candidates,switch_soc_pct,129,1.5901397578603969,8
measured_current_redundant_candidates,dq100_10_log_variance,129,3.930465351434816,10
measured_current_redundant_candidates,qd2_qc,129,4.006431908044866,10
measured_current_redundant_candidates,qd_delta_100_2_qc,129,1.3165133188006002,10
measured_current_redundant_candidates,tavg_early_mean,129,1.761228390078241,10
measured_current_redundant_candidates,chargetime_early_median,129,3.4389761613829655,10
measured_current_redundant_candidates,cycle10_mean_c_timeweighted,129,813.397199792354,10
measured_current_redundant_candidates,cycle10_rms_c_timeweighted,129,1498.03474560247,10
measured_current_redundant_candidates,cycle10_variance_c2_timeweighted,129,332.6081444980116,10
measured_current_redundant_candidates,cycle10_active_charge_duration_min,129,42.62707724240774,10
measured_current_redundant_candidates,cycle10_time_fraction_above_5c,129,1.5371088239700386,10
measured_current_compact_candidates,dq100_10_log_variance,129,2.6972024888434984,7
measured_current_compact_candidates,qd2_qc,129,2.052271318579154,7
measured_current_compact_candidates,qd_delta_100_2_qc,129,1.2196673477622428,7
measured_current_compact_candidates,tavg_early_mean,129,1.6188086947507372,7
measured_current_compact_candidates,chargetime_early_median,129,2.1049491504159286,7
measured_current_compact_candidates,cycle10_rms_c_timeweighted,129,2.650057513745843,7
measured_current_compact_candidates,cycle10_time_fraction_above_5c,129,1.3693162006029846,7
