scope,feature,n,Pearson_r,Spearman_rho
ALL,dq100_10_log_variance,129,-0.8506086948396543,-0.8920744865772992
ALL,cycle10_rms_c_timeweighted,129,-0.43166408055944083,-0.32294636569958746
ALL,capacity_mad_relative,129,-0.5218025427188482,-0.6490457183513727
B1,dq100_10_log_variance,46,-0.8861231036774866,-0.8711607269559923
B1,cycle10_rms_c_timeweighted,46,-0.8907023123490942,-0.8558036281232814
B1,capacity_mad_relative,46,-0.48695448222335475,-0.6198963870183843
B2,dq100_10_log_variance,39,-0.9018830736836406,-0.7089786451951733
B2,cycle10_rms_c_timeweighted,39,-0.20703279865431692,-0.3815163497630794
B2,capacity_mad_relative,39,-0.4895769541311785,-0.6660593211570877
B3,dq100_10_log_variance,44,-0.7018620670132867,-0.7972372984772357
B3,cycle10_rms_c_timeweighted,44,-0.5065306622765803,-0.24103178578431275
B3,capacity_mad_relative,44,-0.3499163892516987,-0.07717245772918788
ALL_batch_centered,dq100_10_log_variance,129,-0.7730897025494533,-0.8018794880605729
ALL_batch_centered,cycle10_rms_c_timeweighted,129,-0.46065443552203517,-0.46949745219773625
ALL_batch_centered,capacity_mad_relative,129,-0.4061492176774043,-0.35741019743707503
