cell_uid,batch,source_file,cell_id,cycle_life,policy,observed_cycles,last_QD,observed_below_088,terminal_near_or_below_089,eligible_life100,dq5_2_variance,dq5_2_log_variance,dq5_2_min,dq5_2_mean,dq5_2_abs_min_log,dq5_2_endpoint,dq5_2_interior_log_variance,dq20_10_variance,dq20_10_log_variance,dq20_10_min,dq20_10_mean,dq20_10_abs_min_log,dq20_10_endpoint,dq20_10_interior_log_variance,dq100_10_variance,dq100_10_log_variance,dq100_10_min,dq100_10_mean,dq100_10_abs_min_log,dq100_10_endpoint,dq100_10_interior_log_variance,log10_cycle_life
B1c0,B1,2017-05-12_batchdata_updated_struct_errorcorrect.mat,0,1190.0,3.6C(80%)-3.6C,1189,1.0262098,False,False,True,2.168941087302496e-06,-5.663752244116242,-1.3591864778649812e-05,0.002578028890312824,-4.866720954781914,0.00300075896563734,-5.662061406160322,7.805482651598335e-07,-6.107600237195413,-2.919120203273215e-06,0.0014160826674614467,-5.534748021304061,0.0019262089885749845,-6.073947985115735,9.673273538309652e-06,-5.0144265311867695,-0.008459642934268818,-0.0028734152246919164,-2.0726479673332374,0.0007679306774941441,-5.150468624791227,3.0755469613925306
B1c1,B1,2017-05-12_batchdata_updated_struct_errorcorrect.mat,1,1179.0,3.6C(80%)-3.6C,1178,1.0382246,False,False,True,2.915385167282667e-06,-5.535304060124481,0.00011806748833405908,0.002921271948334361,-3.9278696754683216,0.0034769222790502763,-5.502249932164116,9.403121379780333e-06,-5.026727957783997,-0.014655520418931395,-0.00024585952747389374,-1.8339987551131454,0.0017903672960077888,-4.833169372728469,9.693372329181197e-06,-5.013525105388837,-0.011003816596621974,-0.00409961462134519,-1.9584566567173611,-0.001194151876612759,-5.0984917453859495,3.071513805095089
B1c2,B1,2017-05-12_batchdata_updated_struct_errorcorrect.mat,2,1177.0,3.6C(80%)-3.6C,1176,1.0432786,False,False,True,2.5844780645224686e-06,-5.587627149508005,-2.6428664109942655e-06,0.002714726896961845,-5.577924788602796,0.002608811103773201,-5.5622365995167975,1.4402136197007105e-05,-4.8415730863932485,-0.019540417994772297,-0.0007653112931750498,-1.7090661503981337,0.0015413800190788862,-4.635043271014563,1.8341496606317323e-05,-4.736565230206518,-0.017216391849644463,-0.004486734282886989,-1.7640578612436268,-0.0008093136697813197,-4.750066827333881,3.0707764628434346
B1c3,B1,2017-05-12_batchdata_updated_struct_errorcorrect.mat,3,1226.0,4C(80%)-4C,1225,0.97092122,False,False,True,6.820459419665236e-06,-5.166186370694623,0.0001042237305048765,0.002730476402830498,-3.9820333860849435,0.0032610296231601055,-4.967454196784927,2.8497589539332565e-06,-5.545191873115673,-0.005707173137863619,-0.0009835243253219726,-2.243578952108794,0.000524661444615937,-5.449203727442967,3.6126106050920296e-05,-4.442178847502994,-0.018960539773269502,-0.007455784700018413,-1.7221493032207573,-0.0017590182433318002,-4.515921745301715,3.0884904701823963
B1c4,B1,2017-05-12_batchdata_updated_struct_errorcorrect.mat,4,1227.0,4C(80%)-4C,1226,1.0219597,False,False,True,5.695446974854913e-06,-5.244472187108027,-6.423723662204783e-05,0.00202923874104405,-4.192213149946206,0.0015249846235982911,-5.061185403452316,6.921350513100183e-07,-6.159809156531439,-0.0017992781329629892,-5.6340648949640084e-05,-2.744901698091592,0.000492273132034482,-5.953190582030393,2.252635123691307e-05,-4.647309148533841,-0.013957995093677344,-0.005750008121960181,-1.8551769586673086,-0.0009167735272217481,-4.747007846580247,3.088844562727004
B1c5,B1,2017-05-12_batchdata_updated_struct_errorcorrect.mat,5,1074.0,4.4C(80%)-4.4C,1073,0.88053626,False,True,True,5.90362247802866e-06,-5.228881422348822,-2.3232236798386005e-05,0.002938355775433211,-4.633908974339666,0.0021854158525107525,-5.132732927720016,2.484961794083902e-06,-5.604680284092054,-0.005392674942419268,-0.0014526091582609485,-2.2681957571582023,-0.0002373007204574673,-5.620421306914183,6.630656782824051e-05,-4.178443451530505,-0.025178778949337288,-0.01107391297973859,-1.5989653349280424,-0.003880525468443974,-4.245493365106604,3.0310042813635367
B1c6,B1,2017-05-12_batchdata_updated_struct_errorcorrect.mat,6,636.0,4.8C(80%)-4.8C,635,0.8800565,False,True,True,6.184964833843238e-06,-5.208662765317197,1.3762918065156294e-05,0.003575855725677673,-4.8612894756036376,0.0033166211640172083,-5.142448894000671,8.396491885647945e-06,-5.075902127382963,-0.009605591358990528,-0.0022657220585931776,-2.0174758930572914,0.0002571916399451979,-5.058256353609987,0.00017043414706938896,-3.768443388453706,-0.03788603931347978,-0.015965056248274823,-1.4215207944138115,-0.004688861494140495,-3.8207651686368505,2.803457115648414
B1c7,B1,2017-05-12_batchdata_updated_struct_errorcorrect.mat,7,870.0,4.8C(80%)-4.8C,869,0.88110596,False,True,True,4.482351322455313e-06,-5.348494106876344,-0.00020441912806378994,0.002806040749331207,-3.689478468498788,0.002689592687689757,-5.277117636214065,7.764659968121394e-06,-5.1098775582486216,-0.010061433045664203,-0.003078162160411788,-1.997340158494737,-0.0012417520031640095,-5.082905169261806,0.00015379720197786524,-3.813051565552969,-0.03823338650707442,-0.016645727245619735,-1.4175572328154407,-0.0073198034361492414,-3.857471448790662,2.9395192526186187
B1c8,B1,2017-05-12_batchdata_updated_struct_errorcorrect.mat,8,879.0,5.4C(40%)-3.6C,878,0.96902454,False,False,True,1.4340758489590476e-06,-5.8434278780174305,-3.4724613658420873e-05,0.001825525370234977,-4.459362577467937,0.002305860563598161,-5.770124965397624,4.034177920569749e-06,-5.394244951879895,-0.006602515082200111,-0.0013874572687376796,-2.180290598056093,0.0004982445604433394,-5.369162309973161,9.98251342671127e-05,-4.000760096997117,-0.030807702259195047,-0.012818967232022799,-1.5113406916007717,-0.004128521389708428,-4.063040140341969,2.9439888750737717
B1c9,B1,2017-05-12_batchdata_updated_struct_errorcorrect.mat,9,1054.0,5.4C(40%)-3.6C,1053,0.8809284,False,True,True,1.8163830984742474e-06,-5.740792547881796,1.79171714110296e-05,0.0021100750111813023,-4.746730551456452,0.0022379854457843518,-5.678367759371839,2.9671594371250363e-06,-5.527659116708692,-0.006066536208481299,-0.000735130561450639,-2.2170592059454473,0.0007793597487144588,-5.454417662373938,8.730735553362071e-05,-4.058949165995528,-0.028724475696229934,-0.011510600568480111,-1.5417478896827503,-0.0032513178017785638,-4.120631893523475,3.022840610876528
B1c10,B1,2017-05-12_batchdata_updated_struct_errorcorrect.mat,10,906.0,5.4C(50%)-3C,905,0.96101874,False,False,True,4.735580378981484e-06,-5.32462678752811,-2.4149826753479346e-05,0.002331089833753204,-4.617085980451923,0.0019749723042357115,-5.171309683998052,1.7875121625249185e-06,-5.747750994506189,-0.005107361322215703,0.001002089898396111,-2.2918034167296084,0.002295145663948839,-5.673706875877283,9.503013917109751e-05,-4.022138634713042,-0.026992931922526497,-0.010668007843734223,-1.5687499406150505,-0.0004893832579242474,-4.116390211557503,2.957128197676813
B1c11,B1,2017-05-12_batchdata_updated_struct_errorcorrect.mat,11,788.0,5.4C(50%)-3C,787,0.88054359,False,True,True,3.431537439794012e-06,-5.464511258376912,4.256782500138668e-06,0.002426000120776134,-5.370918539487589,0.002715814655351201,-5.3378279421026145,7.493243877424546e-07,-6.125330132489827,-7.489700173911318e-05,0.0015988716720685323,-4.125535567537134,0.002077607936492809,-6.245265863439767,7.137366223081323e-05,-4.146462018728171,-0.023691513033622602,-0.008378205102529986,-1.6254072026301174,0.0005818342431713752,-4.238525303402797,2.8965262174895554
B1c12,B1,2017-05-12_batchdata_updated_struct_errorcorrect.mat,12,902.0,5.4C(50%)-3.6C,901,0.91311944,False,False,True,1.3834324684635646e-06,-5.859042035864877,2.0854009930774113e-05,0.0019137983257161797,-4.680810423982058,0.0020779034739117908,-5.8123763720056525,9.16549753607981e-07,-6.037843954999726,-0.002765382077124179,-0.0004691104109347842,-2.558244856213501,0.0006258318275373931,-6.127269925647622,7.503154042823215e-05,-4.124756137214855,-0.027438869587688153,-0.011237958333707347,-1.5616337844354662,-0.0035739940896142297,-4.182996796023982,2.9552065375419416
B1c13,B1,2017-05-12_batchdata_updated_struct_errorcorrect.mat,13,897.0,5.4C(50%)-3.6C,896,0.92313582,False,False,True,3.2715775916795647e-06,-5.485242775124545,-4.061120415401929e-05,0.002581727677928038,-4.391354133147422,0.0027309637665886566,-5.41296040377463,4.4644294102941755e-07,-6.350234039529221,-0.001847842368461472,-0.00043766357958272136,-2.7333350793427655,0.0003442825259158955,-6.383161927850319,8.962476999264367e-05,-4.047571945868677,-0.029137075239816568,-0.013148734381658471,-1.535554044568695,-0.004947012092980652,-4.108597782678044,2.952792443044092
B1c14,B1,2017-05-12_batchdata_updated_struct_errorcorrect.mat,14,880.0,5.4C(60%)-3C,879,0.8800649,False,True,True,2.272848304178857e-06,-5.643429549253702,0.00011004584544050322,0.0019671575392708183,-3.958426348715564,0.0018926037096138604,-5.5215969943609275,1.627823392654465e-06,-5.788392714776155,-0.004453677015351265,-0.001087268473099596,-2.351281281585059,2.7456411187953833e-05,-5.830088965724411,9.002531958828176e-05,-4.045635328216262,-0.0282939556930506,-0.011946218223467892,-1.548306330889822,-0.0025379028630776457,-4.122584667064249,2.9444826721501687
B1c15,B1,2017-05-12_batchdata_updated_struct_errorcorrect.mat,15,719.0,5.4C(60%)-3C,718,0.88298881,False,True,True,7.183510036638354e-06,-5.1436632971148235,3.9971509216190536e-05,0.003783713237146252,-4.398249453644086,0.0035939216043958666,-5.052677821399835,3.960406715801599e-06,-5.402260211711293,-0.006556265962319285,-0.0010857486745298353,-2.183343437098974,0.0007499629284715148,-5.378944803335331,9.604735479260465e-05,-4.017514591393589,-0.02894455469678503,-0.011013089313180444,-1.538433127534962,-0.0009448339527269312,-4.102546526794295,2.8567288903828825
B1c16,B1,2017-05-12_batchdata_updated_struct_errorcorrect.mat,16,862.0,5.4C(60%)-3.6C,861,0.88096577,False,True,True,4.596571898749586e-06,-5.337565942338095,1.3610335467521167e-05,0.0027006127956185825,-4.866131170175226,0.0025033426388265667,-5.215816248489149,1.5945842722538287e-06,-5.797352523766467,-0.0039816875785909644,-0.0014267929900886021,-2.399932819702126,-0.0004583216527007661,-5.738566265079581,7.961975490079586e-05,-4.098979163669727,-0.027606674842371115,-0.012403806163792485,-1.5589858999371669,-0.004475491111722851,-4.159832198181391,2.9355072658247128
B1c17,B1,2017-05-12_batchdata_updated_struct_errorcorrect.mat,17,857.0,5.4C(60%)-3.6C,856,0.8832469,False,True,True,3.2232499449284674e-06,-5.491706016084192,-4.4636640771131546e-05,0.002644915367527787,-4.350308496629972,0.0028492774138508814,-5.421620113869742,6.944606852008799e-07,-6.158352335503915,-0.0019479670581671327,-0.00019698517884692308,-2.710418391696215,0.0007205348589598426,-6.112384697134024,0.00010721981674428882,-3.9697249393883856,-0.031067967108938555,-0.013343115757399526,-1.5076871632965057,-0.003769687040458658,-4.036073861110365,2.932980821923198
B1c18,B1,2017-05-12_batchdata_updated_struct_errorcorrect.mat,18,691.0,5.4C(70%)-3C,690,0.88114411,False,True,True,2.4975155958148554e-07,-6.602491791127932,-0.00035773978469400003,0.0008312010444540776,-3.446432758726447,0.0010952548729661338,-6.541425076992597,1.580385132919685e-06,-5.801237064488764,-0.0034904783856891664,-0.0010831086924246631,-2.4571150469585454,6.852795961331815e-05,-5.743284881957185,0.00022405465257356849,-3.6496460333798235,-0.04413321540827286,-0.02070238680333876,-1.3552344300601988,-0.008717841863585152,-3.715993914682589,2.8394780473741985
B1c19,B1,2017-05-12_batchdata_updated_struct_errorcorrect.mat,19,788.0,5.4C(70%)-3C,787,0.88093972,False,True,True,1.0563393927215417e-06,-5.976196524316379,-0.00024133918136921742,0.001720714766562538,-3.6173721647423656,0.0021192854772202896,-6.023463217097376,2.9828712405774432e-06,-5.525365493105792,-0.005440140323850651,-0.0016177786805433875,-2.264389897895931,-0.00021716661200921195,-5.532809270867096,0.00024017493638212506,-3.6194723156628177,-0.04589269342650848,-0.020106274821769736,-1.3382564529624872,-0.007128244580230314,-3.6845061207829053,2.8965262174895554
B1c20,B1,2017-05-12_batchdata_updated_struct_errorcorrect.mat,20,534.0,5.4C(80%)-5.4C,533,0.88078493,False,True,True,3.6112301409325883e-06,-5.442344833436319,-0.00015540542074398092,0.002535875387324447,-3.808533836512328,0.002252818654383759,-5.361934863080856,5.140041360697541e-06,-5.2890333863256505,-0.007930555303858888,-0.003262521928750905,-2.100696401968878,-0.0020874283358507384,-5.281999972685422,0.0004297314131260913,-3.3668028984718394,-0.06358042689660326,-0.03279598300714767,-1.1966765604379692,-0.021207678239683947,-3.423056059918501,2.727541257028556
B1c21,B1,2017-05-12_batchdata_updated_struct_errorcorrect.mat,21,559.0,5.4C(80%)-5.4C,558,0.88016534,False,True,True,3.245884739610525e-06,-5.488666905902231,-0.00015288555568711978,0.002498241510073898,-3.8156335438990174,0.002216018678123488,-5.432945822631139,7.146249966144401e-06,-5.145921796835156,-0.008722186779729468,-0.0035188004125422247,-2.059374617440476,-0.001989697967759385,-5.1819136900397575,0.00044678281506159645,-3.34990353982557,-0.06472026276575493,-0.030657577112710634,-1.1889597281466224,-0.016681425655579618,-3.4071978998814885,2.747411807886423
B1c22,B1,2017-05-12_batchdata_updated_struct_errorcorrect.mat,22,891.0,6C(30%)-3.6C,890,0.96327895,False,False,True,3.1470912354762476e-06,-5.502090666527664,6.915055308100951e-06,0.0023506743451530677,-5.160204341960023,0.0023340619426490683,-5.375987616656622,1.006361979588324e-06,-5.997245779258604,-0.003162171933917657,-0.000859512325570088,-2.500014520260333,0.00018116842474547035,-6.05798742326019,0.00011175471070011387,-3.9517341613687624,-0.032147144008991324,-0.014716371313208602,-1.4928576042710344,-0.005620540183434608,-4.020302743971682,2.949877704036875
B1c23,B1,2017-05-12_batchdata_updated_struct_errorcorrect.mat,23,1014.0,6C(30%)-3.6C,1013,0.88066453,False,True,True,2.345830349043508e-06,-5.629703399355362,-0.0002651935194024506,0.0018247311370244476,-3.576437093095862,0.0019818631630912353,-5.501998631351326,7.797968198142068e-07,-6.1080185402944265,-0.0029733928345527794,-0.0008157653960855198,-2.5267477094939714,0.00019961045169258895,-6.17404607399041,9.112569810921573e-05,-4.040359131553872,-0.029953516931757296,-0.013340620512360239,-1.523552178470511,-0.005262941158213463,-4.1010665297876585,3.0060379549973173
B1c24,B1,2017-05-12_batchdata_updated_struct_errorcorrect.mat,24,1017.0,6C(40%)-3C,1016,0.88046598,False,True,True,2.2106930364113815e-06,-5.655471556764455,-2.596247949815622e-05,0.0021819825692766504,-4.585653833406912,0.002400105463161939,-5.575456040481287,1.756002806052457e-06,-5.7554747944366795,-0.004729774246839069,-0.0008469957720135006,-2.325159587738265,0.000507929067075974,-5.757500475427191,0.00011528478344695003,-3.9382280118825164,-0.03184213409789827,-0.013873507013282613,-1.4969978330235068,-0.004206889755083543,-4.013905755441341,3.0073209529227447
B1c25,B1,2017-05-12_batchdata_updated_struct_errorcorrect.mat,25,854.0,6C(40%)-3C,853,0.88019997,False,True,True,1.2838643744961953e-06,-5.891480852060722,-4.163749897804491e-05,0.0017848500985006318,-4.380515364960136,0.002053963548910742,-5.840207963382599,1.0498783671254272e-06,-5.978861012878726,-0.003403275761862279,-0.00047626611568358525,-2.468102859307681,0.0008083255169144543,-6.027792706548214,9.387407944750645e-05,-4.027454308766241,-0.02944117289056547,-0.012406193052887388,-1.5310448923727904,-0.0036279930043812136,-4.103017229542782,2.931457870689005
B1c26,B1,2017-05-12_batchdata_updated_struct_errorcorrect.mat,26,870.0,6C(40%)-3.6C,869,0.88105017,False,True,True,4.852029515150482e-06,-5.314076565961277,9.148725160493015e-06,0.002577674864121472,-5.03863941897577,0.0025551723539369853,-5.171009569620229,3.124125693979143e-06,-5.50527150133014,-0.006529677492688513,-0.002578697155704929,-2.1851082684346697,-0.0015411280993278265,-5.530177530286298,0.00016040374917480592,-3.7947854850113254,-0.03835445363245393,-0.01785015712562481,-1.4161841994934083,-0.007151987312159047,-3.8710295778039594,2.9395192526186187
B1c27,B1,2017-05-12_batchdata_updated_struct_errorcorrect.mat,27,842.0,6C(40%)-3.6C,841,0.88130057,False,True,True,3.775866665893908e-06,-5.422983349990735,-4.9054901939628596e-05,0.0021399658844473957,-4.309317588101351,0.0019192533874436979,-5.272715988753164,2.363531517165791e-06,-5.626438602102372,-0.0056413253420363185,-0.0020002839439849616,-2.2486188532657923,-0.0011863568867298557,-5.654531915653786,0.00014019460835167622,-3.8532686882819216,-0.03583211964634625,-0.01551418714665611,-1.4457275004165389,-0.005440517874463424,-3.925068201313035,2.9253120914996495
B1c28,B1,2017-05-12_batchdata_updated_struct_errorcorrect.mat,28,860.0,6C(50%)-3C,859,0.88058227,False,True,True,3.307239918220807e-06,-5.480534298772423,-8.08231447569891e-05,0.0023206917694511826,-4.09246425555092,0.002395538791316376,-5.356701170353558,2.202549511901443e-06,-5.657074320144564,-0.0050672995875860605,-0.0016222343119479475,-2.2952234187033578,-0.0003311232716425305,-5.702378997850738,0.00014312737434757193,-3.8442772957221814,-0.03721348031974192,-0.016698122755162716,-1.4292997115162875,-0.006957486714214145,-3.9194366139273225,2.934498451243568
B1c29,B1,2017-05-12_batchdata_updated_struct_errorcorrect.mat,29,917.0,6C(50%)-3C,916,0.88035375,False,True,True,2.97368671175337e-06,-5.526704787839508,-4.342229740758553e-05,0.0022228244952248568,-4.36228720241449,0.002193810705656496,-5.403051605278693,1.5355545622616325e-06,-5.813734747330225,-0.004116166962710999,-0.001255518246631139,-2.385507017409743,-0.00020586125218935436,-5.875532295495786,0.00014526226339505157,-3.837847193189059,-0.036868449881918286,-0.01660052342693117,-1.4333451217343054,-0.0065265997775638684,-3.917122556825738,2.962369335670021
B1c30,B1,2017-05-12_batchdata_updated_struct_errorcorrect.mat,30,709.0,6C(50%)-3.6C,708,0.88054287,False,True,True,2.756223943698243e-06,-5.559685498824933,2.849474316649449e-05,0.0020913901221998243,-4.54523525312696,0.0021672769826215355,-5.420383780205835,2.8834533051552988e-06,-5.540087077191384,-0.00559323719158189,-0.0015291819670015634,-2.252336763219409,5.359501566504221e-05,-5.543563693992031,0.00018019191212876985,-3.7442647061242904,-0.04081538502439652,-0.017719122166801278,-1.3891761023084515,-0.006137661525569271,-3.8146650912416935,2.8506462351830666
B1c31,B1,2017-05-12_batchdata_updated_struct_errorcorrect.mat,31,876.0,6C(50%)-3.6C,875,0.88099223,False,True,True,3.310596386574815e-06,-5.480093763303523,-3.176912869680019e-05,0.002305666598862028,-4.497994696012032,0.002336460767355275,-5.350712097098589,2.085991483400254e-06,-5.680687469025416,-0.004450576934285411,-0.0013215539254788347,-2.351583687190822,-0.0001655415237011848,-5.688593748221044,0.00016699439229071527,-3.7772981123140252,-0.03947820648424727,-0.017983588803246863,-1.4036425857817216,-0.007872560304815757,-3.841232645965321,2.9425041061680806
B1c32,B1,2017-05-12_batchdata_updated_struct_errorcorrect.mat,32,731.0,6C(60%)-3C,730,0.88080907,False,True,True,2.765872700084381e-06,-5.558167812268338,-0.00018209480708054814,0.001953571573992719,-3.7397024390948106,0.0020374252713353247,-5.419458159173406,2.8832187573589047e-06,-5.540122405301832,-0.005312455817548245,-0.0016696031491417857,-2.27470466885218,-0.00012771492840002452,-5.551263100103301,0.0002259284977998889,-3.646028985296344,-0.04556628526257467,-0.020730273837007353,-1.3413563753175848,-0.008212425903406428,-3.7219466092764693,2.8639173769578603
B1c33,B1,2017-05-12_batchdata_updated_struct_errorcorrect.mat,33,757.0,6C(60%)-3C,756,0.88011229,False,True,True,3.6738503568360575e-06,-5.434878537339929,-0.00022184025199918975,0.002303176181457667,-3.6539596500935767,0.002393021718295252,-5.298138485431319,2.4380132877389094e-06,-5.612963931705348,-0.0049874420620806825,-0.0016517627024194186,-2.30212213637082,-0.0006340309234356134,-5.588675505724418,0.00021546508954381534,-3.6666230858126236,-0.044901781211682756,-0.021651569301358076,-1.3477364305988748,-0.01051554186767234,-3.7310313476712484,2.8790958795000727
B1c34,B1,2017-05-12_batchdata_updated_struct_errorcorrect.mat,34,742.0,7C(30%)-3.6C,741,0.88205445,False,True,True,1.6976465158686762e-06,-5.770152733520303,6.613191697678008e-05,0.001631227261624547,-4.179588888147809,0.0016401016939697755,-5.6177469982526125,2.1404015121412354e-06,-5.669504750879262,-0.004899643132155629,-0.0019245104329779874,-2.309835550865297,-0.0009096991756105677,-5.682209602620057,0.00014184641198628574,-3.848181645234819,-0.037218141748807665,-0.016080359430316875,-1.429245314396692,-0.005515265812322756,-3.9000247726255695,2.870403905279027
B1c35,B1,2017-05-12_batchdata_updated_struct_errorcorrect.mat,35,703.0,7C(30%)-3.6C,702,0.8802399,False,True,True,3.078628628463957e-06,-5.511642696396002,-5.0812555768732265e-05,0.0024157950025803575,-4.294028960406715,0.0026196045132416135,-5.401790340003407,2.5341957748170153e-06,-5.5961598375037,-0.005143175954832491,-0.0022852289122342957,-2.2887686176377566,-0.0013082492135130241,-5.614390304799339,0.00016897742828576043,-3.7721713038220117,-0.039152034335048436,-0.018223341654084003,-1.4072456671301197,-0.00718795171106712,-3.844017781855479,2.846955325019824
B1c36,B1,2017-05-12_batchdata_updated_struct_errorcorrect.mat,36,704.0,7C(40%)-3C,703,0.88231802,False,True,True,2.613919493826466e-06,-5.582707792396384,0.00011224650767849105,0.0024443959385423196,-3.949827162302854,0.0027065090751730025,-5.4772156745007585,2.659651863798102e-06,-5.575175206799865,-0.004804220992282282,-0.0017062997597260526,-2.3183770234337273,-0.0003965803898846598,-5.636125530190392,0.00021425608706542626,-3.6690668308219268,-0.044621405961221994,-0.02104235085802675,-1.350456749794432,-0.009246866634258222,-3.753768252107866,2.847572659142112
B1c37,B1,2017-05-12_batchdata_updated_struct_errorcorrect.mat,37,648.0,7C(40%)-3C,647,0.88336319,False,True,True,1.0280777604156132e-06,-5.987974035494227,0.00015756057692320246,0.0019047550813664472,-3.80255243764898,0.002454416936838788,-6.006560175828892,2.2191017263898645e-06,-5.653822788711141,-0.004753160891873942,-0.001371457047769495,-2.323017484827813,-3.9770783890169525e-05,-5.676685860672058,0.00021207799967068455,-3.673504381540903,-0.044544784957630146,-0.019436824634916583,-1.351203133303817,-0.006756777279800286,-3.7470971368000003,2.8115750058705933
B1c38,B1,2017-05-12_batchdata_updated_struct_errorcorrect.mat,38,617.0,7C(40%)-3.6C,616,0.88110942,False,True,True,3.6334319938225183e-06,-5.439682963992535,-0.00024618234356192745,0.0018417671900593986,-3.608743098312095,0.0016163982495724927,-5.270717790531058,5.270472324014415e-06,-5.278150462866886,-0.00784390324669959,-0.0022535305938022458,-2.1054677719246544,-0.00041539835405379755,-5.2935144349689045,0.0003693059784615626,-3.432613661772658,-0.05641559694699583,-0.026764193834967424,-1.2486008121232726,-0.01211406041493035,-3.511765308557585,2.7902851640332416
B1c39,B1,2017-05-12_batchdata_updated_struct_errorcorrect.mat,39,625.0,7C(40%)-3.6C,624,0.88011074,False,True,True,4.495419058094715e-06,-5.3472298175825435,2.2841624333152187e-06,0.002473499689734944,-5.641273015406869,0.0023150765215507185,-5.191998336205648,6.274538448016905e-06,-5.202418215161932,-0.009216667673421775,-0.0022198237327374476,-2.0354260716400847,4.195020293362717e-05,-5.202677700456637,0.0003132570049470915,-3.5040992086790537,-0.053143954091811496,-0.024440041487006035,-1.274546135729866,-0.009724308754854638,-3.5749187799967928,2.7958800173440754
B1c40,B1,2017-05-12_batchdata_updated_struct_errorcorrect.mat,40,966.0,8C(15%)-3.6C,965,0.88060951,False,True,True,1.8872351989121053e-06,-5.724173972000195,-0.0008657633606114906,0.0021897939573658296,-3.0626007976184404,0.0027929206308856536,-5.667973265683276,3.631046929639515e-07,-6.4399681379910545,-0.0031442030505848817,-0.0005137123095243723,-2.502489415272237,-0.00016072745839634806,-6.425993911661431,8.81498964806345e-05,-4.054778193380718,-0.02909570881628587,-0.012628807847703542,-1.5361710582591273,-0.00516481256458623,-4.121761093106254,2.9849771264154934
B1c41,B1,2017-05-12_batchdata_updated_struct_errorcorrect.mat,41,1051.0,8C(15%)-3.6C,1050,0.88106161,False,True,True,1.993432402075872e-06,-5.700398486815327,-2.0876620236288945e-05,0.002159385076632735,-4.680339808904316,0.0026094566297212296,-5.61707100660636,4.218802668966102e-07,-6.374810787911167,-0.005577745551575947,-0.0006638871483394582,-2.2535413014839176,0.00020350934038915192,-6.367326469022889,8.490251253643393e-05,-4.071079457405483,-0.02850629135902205,-0.012358568562846162,-1.5450592803081846,-0.004392037514383773,-4.14175094749078,3.021602716028242
B1c42,B1,2017-05-12_batchdata_updated_struct_errorcorrect.mat,42,702.0,8C(25%)-3.6C,701,0.88035142,False,True,True,2.79103952017833e-06,-5.554234014004433,3.5185549272093164e-07,0.0023743979063014903,-6.453635664929973,0.0027968074319162373,-5.438256670527951,3.2540409814248027e-06,-5.487576981855651,-0.007955693373335931,-0.00205365820272284,-2.0993219637118066,-0.000565353357152576,-5.543841047204173,0.00021606216648394189,-3.665421273494984,-0.04470964572873015,-0.020599210252813277,-1.3495987713904598,-0.00820783249791357,-3.7477961984930586,2.846337112129805
B1c43,B1,2017-05-12_batchdata_updated_struct_errorcorrect.mat,43,651.0,8C(25%)-3.6C,650,0.88044435,False,True,True,1.4359178769576418e-06,-5.84287039756169,-0.0008662671214835216,0.001335189417533615,-3.0623481686083247,0.0013914099246399303,-5.662492733563252,4.095246173603408e-06,-5.38771998679144,-0.00881109483315834,-0.0020536357843527276,-2.0549701244531757,-0.0006504887636002987,-5.430933140625571,0.00021510744415523516,-3.6673445598607963,-0.044605890152637384,-0.019165626778476195,-1.3506077894518453,-0.006383537337831369,-3.748285475402508,2.813580988568192
B1c44,B1,2017-05-12_batchdata_updated_struct_errorcorrect.mat,44,616.0,8C(35%)-3.6C,615,0.88048309,False,True,True,3.5136198289398183e-06,-5.454245230639665,-0.0002896881982970348,0.002155344200330559,-3.5380691973018523,0.0022619050723209355,-5.307756323625203,5.17698704256928e-06,-5.285922922008235,-0.008377527541430507,-0.0025298287389343157,-2.076884135731231,-0.000884283494732685,-5.286792597639241,0.00037995704985151343,-3.4202654930324226,-0.05879707165403769,-0.029329092901317067,-1.2306443031102845,-0.015959880874377497,-3.4904630964070265,2.7895807121644256
B1c45,B1,2017-05-12_batchdata_updated_struct_errorcorrect.mat,45,599.0,8C(35%)-3.6C,598,0.88104212,False,True,True,2.9692961567249612e-06,-5.5273464838397945,-2.367279797074566e-05,0.0021337723498283303,-4.625750408254207,0.0025129761715299015,-5.377803041252034,4.989388082150368e-06,-5.3019527146654415,-0.008409091600515617,-0.0024202704719590382,-2.0752509167099906,-0.0008880198803729034,-5.312551209631412,0.0003759605498333791,-3.4248577239248355,-0.059403509916114317,-0.02886609052113574,-1.2261878935345303,-0.015948906425883314,-3.498546254819006,2.7774268223893115
B2c0,B2,2018-02-20_batchdata_updated_struct_errorcorrect.mat,0,477.0,5.2C(58%)-4C,496,0.82661337,True,True,True,7.043169424366899e-06,-5.152231864471129,-0.014134708635680865,-0.0011676628791272212,-1.849713139365491,0.0006079378630168275,-5.006892795617535,8.083690396502543e-06,-5.092390328217764,-0.0073129074708211395,-0.0017959675747813563,-2.1359099216073427,-0.0005283968225324731,-4.8821813623962855,0.00032596405775784325,-3.486830284527127,-0.055061277717081025,-0.025801000173386008,-1.2591537148635152,-0.012335648905909657,-3.5439091211316858,2.678518379040114
B2c1,B2,2018-02-20_batchdata_updated_struct_errorcorrect.mat,1,491.0,5.6C(26%)-4.5C,513,0.82848173,True,True,True,3.971203909968279e-07,-6.401077812583456,-0.0007954200790418753,0.00015172266749709955,-3.0994034501780194,0.0004673252622913182,-6.148185684161115,4.296034953176757e-06,-5.366932193809888,-0.005728226907386724,-0.0022422467145718017,-2.2419797870210547,-0.0015175837258003533,-5.217172327697886,0.0005039450065974563,-3.297616853702019,-0.0661147205894651,-0.035595007639683186,-1.179701833116379,-0.023612685077918805,-3.3650171544223015,2.6910814921229687
B2c2,B2,2018-02-20_batchdata_updated_struct_errorcorrect.mat,2,424.0,5.2C(50%)-4.25C,439,0.82700932,True,True,True,5.046228254755623e-06,-5.297033109042613,-0.003172414881366492,0.002039777996271962,-2.4986100215732914,0.0015474153234278365,-5.1015346468720315,6.802902392555612e-06,-5.167305760213708,-0.008575254091640616,-0.0017565777615694187,-2.066753002601517,0.0005966908297980744,-5.1400163262601115,0.0003468855001454255,-3.4598138533388,-0.052717818544041395,-0.025013386420214043,-1.2780425690871609,-0.009258740617011263,-3.5568897071702144,2.6273658565927325
B2c3,B2,2018-02-20_batchdata_updated_struct_errorcorrect.mat,3,499.0,4.65C(44%)-5C,517,0.82550967,True,True,True,1.5033561444806204e-05,-4.822938123032235,0.00012029635754014066,0.003147663529580083,-3.919747522486975,0.001306262383133916,-4.6825532413849835,7.1637778949618826e-06,-5.144857887436036,-0.009563982628037038,-0.002217479439549349,-2.019361221405542,-0.0001470816324129487,-5.10283277369698,0.00031929455670249446,-3.4958084852006754,-0.05586845261151374,-0.020089882918698704,-1.2528333571271697,-0.003983834008399745,-3.5408157978284263,2.6981005456233897
B2c4,B2,2018-02-20_batchdata_updated_struct_errorcorrect.mat,4,444.0,4.65C(69%)-6C,464,0.82712674,True,True,True,2.2129368418281798e-05,-4.655030980847675,6.574294084709698e-05,0.002878198862150545,-4.182150872735382,0.0002873685067377174,-4.512122366818162,5.966172099960207e-06,-5.224304223152126,-0.007583196532526371,-0.0030240228730860617,-2.1201476883249675,-0.001432549261649818,-5.214267225499681,0.0005860405935592927,-3.232072300452541,-0.07029720690084085,-0.034781796484889084,-1.1530619303379335,-0.01898099761084282,-3.30228775623741,2.6473829701146196
B2c5,B2,2018-02-20_batchdata_updated_struct_errorcorrect.mat,5,416.0,3.6C(30%)-6C,445,0.8261537,True,True,True,2.74931935203305e-06,-5.560774810985789,-0.0017458567729647934,-0.0005155257683459267,-2.757991387928548,-0.0010679848412837867,-5.322305437546708,9.156710772612531e-06,-5.038260503389077,-0.009698324581609463,-0.004362355164436687,-2.013303285095416,-0.003456021460563452,-5.002263630410711,0.000821396385607599,-3.0854472125051675,-0.08615002847927744,-0.04648540460048997,-1.064744574647862,-0.03473197527164462,-3.1384937601456735,2.6190933306267428
B2c6,B2,2018-02-20_batchdata_updated_struct_errorcorrect.mat,6,393.0,3.6C(9%)-5C,409,0.82940364,True,True,True,1.4343647852084851e-05,-4.8433403855884904,-4.124183031946007e-05,0.001958447405095177,-4.384662068897674,0.0003609415371925717,-4.653186113020607,2.474634349433452e-06,-5.60648896309602,-0.004461786346851904,-0.0010303021776080401,-2.35049122979508,0.00038602562777967364,-5.606122367044342,0.000295389344636758,-3.5296051747279322,-0.04987247893740465,-0.02082479246051704,-1.3021390444128946,-0.005146168144642749,-3.6063359340784857,2.5943925503754266
B2c7,B2,2018-02-20_batchdata_updated_struct_errorcorrect.mat,7,777.0,4.8C(80%)-4.8C-newstructure,806,0.8264814,True,True,True,7.628903537805309e-07,-6.117537876422458,-0.0016553117902038395,0.00012594308619203574,-2.7811201916093395,0.0002519464084587142,-5.847558654714578,2.2489279926661877e-06,-5.648024449805974,-0.0004145525787324633,0.000856955889422388,-3.3824203789732366,0.0006351300623492762,-5.4125729058181555,5.871707619886354e-05,-4.231235578131388,-0.021737979924043582,-0.008823099834708447,-1.6627808166712075,-0.0006375545040795405,-4.325935101252032,2.890421018800914
B2c8,B2,2018-02-20_batchdata_updated_struct_errorcorrect.mat,8,904.0,5.2C(58%)-4C-newstructure,947,0.8255862,True,True,True,4.0809497330712974e-07,-6.389238754598012,8.853845738089977e-05,0.0009913212948355016,-4.052868049070511,0.0010681686363696041,-6.263070459062481,1.6383078498034902e-06,-5.785604487857183,-0.00471816670484182,-0.0004962194313491013,-2.326226718449602,0.0003660026447718234,-5.6194570849802545,7.907005328615117e-05,-4.101987968526722,-0.027841110945332148,-0.011203415580045945,-1.5553134390398822,-0.004421422281843057,-4.112369152715843,2.9561684304753633
B2c9,B2,2018-02-20_batchdata_updated_struct_errorcorrect.mat,9,791.0,5.6C(26%)-4.5C-newstructure,819,0.82610458,True,True,True,4.003569488020112e-06,-5.397552629252028,0.0001583545034718484,0.002186408932861623,-3.8003695811385376,0.001626983460757625,-5.248443998817443,3.008613854994996e-06,-5.521633548852249,-0.00515116910621638,-0.0009466844853151463,-2.2880941925595075,1.4306676037856292e-05,-5.334872871833326,4.5290678730556406e-05,-4.343991170888546,-0.019754152325308416,-0.007446960333569007,-1.7043416016868917,-0.004558039402478231,-4.193704316762791,2.8981764834976764
B2c10,B2,2018-02-20_batchdata_updated_struct_errorcorrect.mat,10,492.0,4.8C(80%)-4.8C,519,0.82791102,True,True,True,3.5246177788350885e-06,-5.452887972443666,9.852694683508623e-05,0.0023281984569462626,-4.0064449749715525,0.0013851694127453573,-5.40195879380257,1.6611011937148436e-06,-5.7796039096718514,-0.004582948296635053,-0.0015909249574729487,-2.338855042299781,-0.000580688258564166,-5.738744790217632,0.00035443320219958143,-3.450465601523543,-0.05580244986198335,-0.02952029629956943,-1.2533467340698548,-0.017084299176737927,-3.5422897155749267,2.69196510276736
B2c11,B2,2018-02-20_batchdata_updated_struct_errorcorrect.mat,11,449.0,5.2C(50%)-4.25C,468,0.82524824,True,True,True,6.23807816110089e-05,-4.204949187975451,6.742920735836576e-05,0.00496097688581195,-4.171151945497781,0.0012621920936917164,-4.0355714259520274,1.6150569920282957e-05,-4.791812147706448,-0.012638963053715813,-0.003929479288267182,-1.8982885556835793,-0.0006118746938374997,-4.805638732007814,0.0003273718184605475,-3.484958709205863,-0.05489875594719695,-0.024012633467613776,-1.2604374969231171,-0.008811878744787283,-3.550253335485481,2.6522463410033232
B2c12,B2,2018-02-20_batchdata_updated_struct_errorcorrect.mat,12,466.0,4.65C(44%)-5C,493,0.82528538,True,True,True,7.448994430225573e-05,-4.12790235045704,-3.47691047618777e-05,0.006111430855619411,-4.458806491427235,0.001331216634671506,-3.9939853942510624,1.84749033164536e-05,-4.733417825693113,-0.013905270696620842,-0.00418045788873904,-1.8568205522220156,-0.0017208569866007384,-4.625020532240925,0.0006799330372689643,-3.167533856376959,-0.07733124344865683,-0.03939759227215439,-1.1116450065224746,-0.023577179716696595,-3.2383509017799605,2.66838591669
B2c13,B2,2018-02-20_batchdata_updated_struct_errorcorrect.mat,13,460.0,4.65C(69%)-6C,483,0.82574999,True,True,True,2.1853346175579578e-05,-4.660482054605443,-2.4684051283418995e-05,0.002841758283066678,-4.607583559969418,-1.3900004136147004e-05,-4.5348717907243525,5.7644704321532926e-06,-5.239240584112133,-0.007955033660526745,-0.0036037551737817123,-2.0993579783618252,-0.0022688501537428962,-5.2584459624015105,0.0004528838041454134,-3.344013210109811,-0.06467448840609535,-0.0340700221226121,-1.1892669979927646,-0.023000532051923317,-3.4066130993434705,2.662757831681574
B2c14,B2,2018-02-20_batchdata_updated_struct_errorcorrect.mat,14,426.0,3.6C(30%)-6C,461,0.82618046,True,True,True,9.005738780290634e-06,-5.045480654299983,-0.0009694494397121112,0.00055330672475128,-3.0134748360196437,-0.0005072970225039608,-4.818450993669923,8.1790383858451e-06,-5.087297753574442,-0.013175216585765065,-0.004355237432877114,-1.8802422367431588,-0.003098358945122115,-5.073023517030618,0.0007619290733863417,-3.1180854544748184,-0.0837144352028476,-0.04455576451036339,-1.0771996484774,-0.03116248655665599,-3.1861255625152776,2.629409599102719
B2c15,B2,2018-02-20_batchdata_updated_struct_errorcorrect.mat,15,396.0,3.6C(9%)-5C,414,0.82608759,True,True,True,5.889304499523438e-06,-5.2299359904172995,-0.003931340804797179,-0.0002274603527708856,-2.4054593059058798,6.177508220628347e-05,-4.958366056262286,1.527422727246284e-06,-5.816040751612026,-0.003488076426888864,-0.0008611479844640501,-2.457414007852868,-0.00028816464050707147,-5.591825775289397,0.0003049176647395231,-3.5158174150026964,-0.05093467639415561,-0.024135288352654265,-1.292986448721867,-0.010081866912772908,-3.607517283201842,2.597695185925512
B2c16,B2,2018-02-20_batchdata_updated_struct_errorcorrect.mat,16,472.0,4.8C(80%)-4.8C,499,0.82648873,True,True,True,9.187639309255446e-07,-6.036796062788594,3.3606738282522075e-05,0.0009347521801650914,-4.473573636136346,0.0009547624922492393,-5.832603866713572,3.889824982565112e-06,-5.4100699387298565,-0.00553595754398839,-0.0018393770235712174,-2.2568072492019975,-0.0005961598674597557,-5.272692442423597,0.0003202974786096039,-3.4944464801006045,-0.0532543676756424,-0.026244652410942607,-1.2736447676142502,-0.013458990963202577,-3.554903592004901,2.673941998634088
B2c17,B2,2018-02-20_batchdata_updated_struct_errorcorrect.mat,17,471.0,5.6C(26%)-4.5C,494,0.8272146,True,True,True,1.2297039295130532e-06,-5.910199439175669,-2.6001798550975342e-05,0.0009420474116712614,-4.584996610731147,0.0007530357602600901,-5.724465892988019,2.7223227191415884e-06,-5.565060392418986,-0.004829440265535889,-0.001579272373956345,-2.316103201272432,-0.0008758663582200121,-5.391036037047368,0.0003162935846826965,-3.4999096167000205,-0.05256239657553352,-0.024346340387445996,-1.2793248413972615,-0.00967454822586089,-3.580233372379738,2.673020907128896
B2c18,B2,2018-02-20_batchdata_updated_struct_errorcorrect.mat,18,449.0,5.2C(50%)-4.25C,467,0.82719898,True,True,True,1.7398660606838057e-06,-5.759484183524802,-0.00015954416320129622,0.0007628334031176216,-3.7971190795045473,0.0004990462781284677,-5.549649330477313,2.47424308144418e-06,-5.606557635449059,-0.004447803436049336,-0.0012858485459049521,-2.351854413990165,0.00033208227277681246,-5.640562075444157,0.00019639560988881798,-3.7068682244022804,-0.03974566910430133,-0.016640891110932497,-1.4007101874245018,-0.002207446058846596,-3.827559655557829,2.6522463410033232
B2c19,B2,2018-02-20_batchdata_updated_struct_errorcorrect.mat,19,392.0,6C(60%)-3C,411,0.82597393,True,True,True,7.787204625769737e-06,-5.1086184131200785,0.00011011040077004165,0.0023881530421464223,-3.9581716566531577,0.0010718546296140108,-4.973998026492372,4.2744025288921035e-06,-5.369124581880652,-0.00626512945065294,-0.0026469386095538667,-2.203069951146537,-0.0009466665264654672,-5.448821361448963,0.0005110654326655617,-3.2915234927686763,-0.06565175087353758,-0.03430820779792184,-1.182753687174254,-0.019825349970739925,-3.378007951267426,2.593286067020457
B2c20,B2,2018-02-20_batchdata_updated_struct_errorcorrect.mat,20,489.0,5.2C(58%)-4C,506,0.82856864,True,True,True,1.5403467627575447e-05,-4.812381499813116,-0.012265187480575396,0.0014289316132550369,-1.9113258089612999,0.0010464878112135256,-4.554986681946871,3.395243341414434e-05,-4.469129093829358,-0.0038311683289445897,0.0007540142909136163,-2.416668766125569,0.00018570662079975264,-4.203548170139617,0.0003623506797466035,-3.440870919636383,-0.06050408803806073,-0.024435139451588442,-1.218215280679908,-0.008964167723910954,-3.4784669036492666,2.6893088591236203
B2c21,B2,2018-02-20_batchdata_updated_struct_errorcorrect.mat,21,408.0,6C(60%)-3C,426,0.82783753,True,True,True,7.019210876420573e-06,-5.153711709989823,5.428137953872303e-05,0.001592124199772806,-4.2653491234581065,0.0008958425131739833,-4.940822048017958,4.754938840200112e-06,-5.322855064748529,-0.006632028132513734,-0.0023967371728940852,-2.178353640212674,-0.0007205798710632205,-5.277270051916883,0.00047179728413600534,-3.326244563425288,-0.06446758204398206,-0.03328855261100499,-1.1906586183672832,-0.020442194040871886,-3.3947390890563685,2.61066016308988
B2c22,B2,2018-02-20_batchdata_updated_struct_errorcorrect.mat,22,,VarCharge-2C-100cycles,920,1.0556005,False,False,False,5.008054235755052e-06,-5.300330976490598,-0.0010403846448159282,0.0021820480232563567,-2.9828060662425266,0.0017397206211491323,-5.169487161189009,3.0300877688611302e-06,-5.518544791636304,1.5705326402034713e-05,0.0014450579188004208,-4.803953033278242,0.0010613855962826602,-5.370229835600682,2.286998138777529e-05,-4.640734188833994,-0.006779169322993939,-0.002618816303222525,-2.1688235186022014,-0.005922414251501085,-4.537546335856479,
B2c23,B2,2018-02-20_batchdata_updated_struct_errorcorrect.mat,23,,VarCharge-4C-100cycles,1152,0.97824305,False,False,False,4.93653045255332e-06,-5.3065781795584686,-0.0010438027890886659,0.0021525737539703337,-2.9813815470243417,0.0008424479739819191,-5.158938921814217,1.6640182277559746e-06,-5.778841920731304,-0.001914097179704255,0.0001781928602235342,-2.7180360166438575,-0.001554782016002676,-5.550435916405426,4.407377341600116e-05,-4.355819765383145,-0.01921756649136097,-0.011590160361131023,-1.7163016076292579,-0.014214465561359857,-4.3836495264902124,
B2c24,B2,2018-02-20_batchdata_updated_struct_errorcorrect.mat,24,514.0,4.8C(80%)-4.8C,536,0.82615805,True,True,True,2.1414851740654317e-07,-6.669284927965456,-0.0012300566950036451,0.0004006908211896326,-2.910074870869718,0.0004811639727428929,-6.463786743506769,2.257005308600419e-06,-5.646467419436568,-0.004170044284455221,-0.0010816290731027705,-2.3798593329417304,-0.0001647068595560519,-5.495609889645268,0.00022884911838612793,-3.640450756301035,-0.04572997432532899,-0.02277147977476359,-1.3397990424498685,-0.011520777305539687,-3.7188704834613975,2.710963118995276
B2c25,B2,2018-02-20_batchdata_updated_struct_errorcorrect.mat,25,493.0,5.2C(58%)-4C,511,0.82751423,True,True,True,2.332191199977226e-06,-5.6322358476989836,-5.180132008915069e-05,0.0012041137083603477,-4.285659172684714,0.0007362270398401094,-5.4583008564228175,3.4854914526039585e-06,-5.457735977937225,-0.004449778627165668,-0.0011777345182226596,-2.3516615942756576,-0.00018911683714395444,-5.256525507645736,0.00029238600526323093,-3.5340434182477156,-0.05050846489030969,-0.023610982444417374,-1.2966358308501311,-0.009855140094273018,-3.607386990622816,2.69284691927723
B2c26,B2,2018-02-20_batchdata_updated_struct_errorcorrect.mat,26,450.0,5.6C(26%)-4.5C,476,0.82529837,True,True,True,1.1325060804229667e-06,-5.945959457582633,-0.00045833149233764914,0.00028193319164387454,-3.338820300995285,-6.779379739496605e-05,-5.724342641236415,7.3310682855955235e-06,-5.134832735217797,-0.008532487621331963,-0.0038922592347050335,-2.0689243331098126,-0.0023648959368545164,-5.144687853988653,0.0006003173620721849,-3.2216190960192628,-0.0733087791289827,-0.03803854165400029,-1.1348440130946638,-0.02482210856318945,-3.2823233964168836,2.6532125137753435
B2c27,B2,2018-02-20_batchdata_updated_struct_errorcorrect.mat,27,474.0,5.2C(50%)-4.25C,493,0.8266983,True,True,True,9.400527916874207e-06,-5.026847756512268,-3.413439226288207e-05,0.0023017628590022497,-4.466807825029276,0.0008438754063564424,-4.8895370340651985,1.6553530564563424e-06,-5.781109364958753,-0.003977253731691444,-0.001282990691563313,-2.4004167020091307,4.195296077269539e-05,-5.854966133377599,0.00032676149838494417,-3.4857691211237922,-0.05449125756065937,-0.02468392780224258,-1.2636731692411862,-0.009382843950540343,-3.5745325753628876,2.6757783416740852
B2c28,B2,2018-02-20_batchdata_updated_struct_errorcorrect.mat,28,437.0,4.8C(80%)-4.8C,456,0.82741743,True,True,True,6.137612567407021e-06,-5.212000529580926,-9.584223660464439e-05,0.001699336389641086,-4.018443060003581,0.0003588261188476327,-5.09092001923975,2.3427785609583737e-06,-5.630268758905678,-0.005016852271793826,-0.0017616190367215475,-2.2995686871901793,-0.0003467728015422722,-5.65350871014687,0.00037759248538697914,-3.4229766573491887,-0.05649138678277321,-0.027989332592662373,-1.2480177638242413,-0.013616920925579201,-3.5164340170962993,2.640481436970422
B2c29,B2,2018-02-20_batchdata_updated_struct_errorcorrect.mat,29,452.0,5.2C(58%)-4C,470,0.82541627,True,True,True,3.4534400943488643e-06,-5.46174807315121,-0.0012783233378110825,-5.082536943742111e-05,-2.893359282275963,-0.001041380894051036,-5.268222283302566,3.085927892571962e-06,-5.510614226109542,-0.0055298732474950985,-0.001658497360848816,-2.2572848232241136,-0.0003493471748803323,-5.410647849038417,0.0003105891875427751,-3.5078136673204168,-0.05263352953614442,-0.02532223237657199,-1.2787375057821846,-0.011824407818188387,-3.5933100411379577,2.655138434811382
B2c30,B2,2018-02-20_batchdata_updated_struct_errorcorrect.mat,30,412.0,5.6C(26%)-4.5C,429,0.82665932,True,True,True,3.6862441965223417e-06,-5.433415898175732,1.7393990814736857e-05,0.0012629963260515234,-4.759600763599646,0.000654527257265558,-5.241959159336798,7.194614814262233e-06,-5.14299245239011,-0.008561360472950308,-0.003805432595009294,-2.0674572167542262,-0.002294197994749947,-5.1076831091965005,0.0006531680795063772,-3.1849750475008567,-0.07552303651130998,-0.03965588948997046,-1.121920556930394,-0.026528776131546694,-3.2461532984718064,2.6148972160331345
B2c31,B2,2018-02-20_batchdata_updated_struct_errorcorrect.mat,31,425.0,5.6C(26%)-4.5C,446,0.82528561,True,True,True,4.501794095343601e-07,-6.346614372796422,-0.0014273952631780329,-0.0003130334839055751,-2.8454557487862187,-0.00021707104873658345,-6.105367793402483,7.76237345507107e-06,-5.110005466778302,-0.008843860966017858,-0.00360134107070494,-2.0533580935657194,-0.002045261195878112,-5.110332415333391,0.0004447087557985442,-3.351924319713292,-0.06422883358208353,-0.030624456764042955,-1.1922699648528527,-0.01793636626264572,-3.38846104078396,2.6283889300503116
B2c32,B2,2018-02-20_batchdata_updated_struct_errorcorrect.mat,32,809.0,4.8C(80%)-4.8C-newstructure,834,0.82744044,True,True,True,3.075391554246341e-06,-5.512099582645362,7.918417855555093e-05,0.0019038618290446005,-4.1013615842239295,0.0015190656395331903,-5.35753413596981,1.0362255148969979e-06,-5.984545718319358,-0.0016913933959115113,-0.0002537968989610203,-2.7717553694552826,6.000752156953837e-05,-5.719698398956311,7.395513881951284e-05,-4.131031643392329,-0.02746120651303563,-0.013389939833647101,-1.5612803858741024,-0.008745242104810202,-4.129303227207851,2.9079485216122722
B2c33,B2,2018-02-20_batchdata_updated_struct_errorcorrect.mat,33,1140.0,5.2C(58%)-4C-newstructure,1190,0.82506907,True,True,True,1.6779358157036555e-06,-5.775224655795075,-0.00018195789085234969,0.001082748459228925,-3.740029105896242,0.0005845296634001684,-5.6469515767463925,2.209741652965749e-06,-5.655658497921164,-0.00212302470541037,-0.0003476517523590306,-2.673044951966376,-0.0004705491522725147,-5.392721085615591,5.872272389566364e-05,-4.2311938075637325,-0.024084742136216253,-0.011579541007786182,-1.6182579991073993,-0.009515360775324444,-4.162459359725758,3.0569048513364727
B2c34,B2,2018-02-20_batchdata_updated_struct_errorcorrect.mat,34,1186.0,5.6C(26%)-4.5C-newstructure,1252,0.82562441,True,True,True,2.2951379238586948e-06,-5.639191210880133,0.00010626662110909343,0.0015011210092334825,-3.9736031281819764,0.0012130229262035108,-5.45558510307758,2.3012197367719546e-06,-5.638041909835834,-0.0005351051381538019,0.0005729365901528909,-3.2715608788498343,0.00020606660965794,-5.4068106062121375,3.563274980390301e-05,-4.448150661550735,-0.01914294964399932,-0.008120054579074073,-1.7179911430787784,-0.005429099317528996,-4.390831930753797,3.074084689028244
B2c35,B2,2018-02-20_batchdata_updated_struct_errorcorrect.mat,35,,VarCharge-6C-100cycles,423,0.88112044,False,True,False,4.503196446848907e-06,-5.346479107018515,-0.002457987391557337,0.00040939916428786317,-2.6094203491920864,-0.002457987391557337,-5.157917754365242,2.144743894482289e-05,-4.668624559821264,-0.01569870992392408,-0.007212545876108717,-1.8041360352303335,-0.003465666304180992,-4.681678995335619,0.0006046799255238108,-3.2184744490870476,-0.07570840765806064,-0.044821244304517734,-1.1208558880462387,-0.039738506579372945,-3.298225226385267,
B2c36,B2,2018-02-20_batchdata_updated_struct_errorcorrect.mat,36,,VarCharge-8C-100cycles,280,0.88107425,False,True,False,2.8185462788321897e-06,-5.549974829931449,-0.0032549296555305363,-0.0012634169103470764,-2.487458392823912,-0.00023332967096578727,-5.341208444588008,5.533640006501178e-05,-4.256989097503602,-0.024131345428543338,-0.01233349532135933,-1.6174184635904734,-0.011444884186909476,-4.2959657208974456,0.0020678389069086005,-2.68448329757314,-0.1360257368450053,-0.08442876531435932,-0.8663789128629468,-0.08343749766641573,-2.767462093291633,
B2c37,B2,2018-02-20_batchdata_updated_struct_errorcorrect.mat,37,,3.6C(80%)-3.6C(SLOWCYCLE,101,2.1693008,False,False,False,1.8357415275403356e-05,-4.736188467505806,4.714466840930723e-06,0.003487944295843475,-5.32656741451396,0.0016056184449309008,-4.590252932302448,2.3387323810901405e-07,-6.631019471249989,-0.0011968367577223082,-0.00021528470638528557,-2.9219650810514537,0.0003575594661928694,-6.626661922845174,1.6975541049838655e-05,-4.770176374855136,-0.028681743378075525,-0.0029820466170849703,-1.5423944542431918,-0.0007371698251987802,-4.591589814043539,
B2c38,B2,2018-02-20_batchdata_updated_struct_errorcorrect.mat,38,,4.8C(80%)-4.8C(SLOWCYCLE,101,2.1653843,False,False,False,1.8381448202094625e-05,-4.735620275245793,-0.00014075052200032337,0.00264702819508308,-3.8515499858091946,0.0006350885949983898,-4.571966496980108,5.579728543775781e-06,-5.253386929164206,-0.007357983510565158,-0.0027872735709021336,-2.1332411897691737,-0.0012089203197527265,-5.1983531812876,6.096551648838238e-05,-4.214915742585958,-0.03614952540357205,-0.013148209711945616,-1.4418974000558347,-0.00801593136079326,-4.290768080096349,
B2c39,B2,2018-02-20_batchdata_updated_struct_errorcorrect.mat,39,,3.6C(9%)-5C(SLOWCYCLE,434,0.88120419,False,True,False,4.056571307191086e-06,-5.391840885507052,7.45149293423535e-05,0.0016282038238121569,-4.127756706024332,0.0010399107103773453,-5.202638344047726,6.035629059525313e-06,-5.219277459146873,-0.0077021309339665445,-0.0032767206856514665,-2.1133891027717366,-0.0014364644929298898,-5.23279752326323,0.0004343611942225858,-3.362148981503471,-0.06095179783518334,-0.03455301965015995,-1.2150134798998358,-0.02463128950857807,-3.423351729491818,
B2c40,B2,2018-02-20_batchdata_updated_struct_errorcorrect.mat,40,,5.2C(58%)-4C(SLOWCYCLE,459,0.88021344,False,True,False,3.660668248064173e-06,-5.436439627732374,-1.3951426394145743e-05,0.0013646157245441762,-4.855381387842867,0.0008066897628768999,-5.2472755009411465,3.7129108252632746e-06,-5.430285481304721,-0.0061145800238394665,-0.0022551583286903563,-2.2136333668521755,-0.0008896354617247137,-5.37113373547221,0.0002516907387538814,-3.5991327645155344,-0.048163210220580344,-0.02547583082825176,-1.3172845737722512,-0.015909368000031288,-3.659505453930445,
B2c41,B2,2018-02-20_batchdata_updated_struct_errorcorrect.mat,41,442.0,5.6C(26%)-4.5C,463,0.82606894,True,True,True,2.9597304590188654e-06,-5.52874783809339,-0.0007073018944707687,0.0009552542322590614,-3.1503951786811624,0.00041637556718021607,-5.329262439522663,8.485232823013172e-06,-5.071336236744932,-0.008893313041680395,-0.003801437457785003,-2.0509364203930245,-0.0018193024341086605,-5.106194845485167,0.0006730831237392736,-3.17193129840298,-0.08093104924483763,-0.037768291495701274,-1.0918848290836711,-0.0215223674358469,-3.2226843192333763,2.645422269349092
B2c42,B2,2018-02-20_batchdata_updated_struct_errorcorrect.mat,42,474.0,5.2C(50%)-4.25C,497,0.82577723,True,True,True,3.452194816310375e-05,-4.461904703900855,-1.4153539257380894e-05,0.003492380990823319,-4.849134946164273,0.0010236000838761417,-4.276981223992368,5.8299258656714e-06,-5.234336967768351,-0.009434046206368563,-0.0028603260089358185,-2.0253020009839195,-0.000944481403494013,-5.255521655670949,0.0003294935092460498,-3.4821531362335185,-0.054167624970645756,-0.02934071492636848,-1.2662602060364871,-0.018151928313114407,-3.5733783664767302,2.6757783416740852
B2c43,B2,2018-02-20_batchdata_updated_struct_errorcorrect.mat,43,1029.0,4.8C(80%)-4.8C-newstructure,1061,0.82532436,True,True,True,6.3589470183879075e-06,-5.196614793465455,6.454138735784276e-05,0.002077327960466919,-4.190161703397877,0.0009933622668916176,-5.048031120146851,4.2400657538824e-05,-4.372627408424516,-0.00015580326045188877,0.004222472579138543,-3.8074234582074364,0.0004890583876675514,-4.240762096418958,5.353682146929603e-05,-4.27134741684955,-0.019164842112240565,-0.00777834835139346,-1.7174947542893648,-0.00706288862364568,-4.091051947785254,3.012415374762433
B2c44,B2,2018-02-20_batchdata_updated_struct_errorcorrect.mat,44,841.0,5.2C(58%)-4C-newstructure,874,0.82503617,True,True,True,7.208177196748096e-07,-6.142174545749302,0.0001871908125154602,0.000965511045859563,-3.7277154706179707,0.001029647636919373,-5.926756321763617,2.6279402799825036e-06,-5.580384508354553,-0.005760698639068473,-0.0015032248979076912,-2.239524843539821,-0.00041947565022248945,-5.482713841258751,4.324252363386176e-05,-4.3640889685513224,-0.020302277620516618,-0.008750572617170911,-1.6924552378239504,-0.003950238399387018,-4.359449442452287,2.924795995797912
B2c45,B2,2018-02-20_batchdata_updated_struct_errorcorrect.mat,45,997.0,5.6C(26%)-4.5C-newstructure,1027,0.82734823,True,True,True,1.1608533883676494e-06,-5.935222626638304,0.0001405722906591028,0.000938850417619188,-3.8521002781770184,0.0009813283351087776,-5.69961358957925,4.691570294566894e-07,-6.32868177218406,-0.0013222972479129957,-0.0001664437411044173,-2.8786709059567053,-0.00013849598721393797,-6.060705540110322,6.686818919995865e-05,-4.174780437396987,-0.026670418787086536,-0.011157666285585534,-1.5739701648315778,-0.0055728728508448455,-4.210792249089667,2.998695158311656
B2c46,B2,2018-02-20_batchdata_updated_struct_errorcorrect.mat,46,503.0,4.8C(80%)-4.8C,523,0.82638663,True,True,True,1.1448111365972447e-05,-4.941266154458617,-0.016953521640934777,-0.0017682369536168774,-1.7707400750204743,0.0004880365698261002,-4.810171743960416,3.9307204629228435e-06,-5.405527840363779,-0.004793998764736074,-0.0012160089740662827,-2.31930208220649,-0.0003206891943745571,-5.205667454018083,0.0003101411400320794,-3.5084406210446826,-0.05286240500828243,-0.02283429863191323,-1.2768530822548958,-0.011255181211448972,-3.4713667523628193,2.7015679850559273
B3c0,B3,2018-04-12_batchdata_updated_struct_errorcorrect.mat,0,1009.0,5C(67%)-4C-newstructure,1008,0.8804329,False,True,True,5.698523368656875e-06,-5.244237666419532,-6.771783002587959e-06,0.002343266972495654,-5.169296967026269,0.0016465663697387,-5.092627082517591,1.6679136338705948e-06,-5.777826441290915,-0.0011092580337460634,0.00020555058271094878,-2.954967417243862,3.943335709744034e-06,-5.518348084292526,5.6927176165217626e-05,-4.244680358543627,-0.02331165742747432,-0.01010217739369119,-1.6324268476284225,-0.0037678092154551646,-4.262331659744482,3.0038911662369103
B3c1,B3,2018-04-12_batchdata_updated_struct_errorcorrect.mat,1,1063.0,5.3C(54%)-4C-newstructure,1062,0.8802734,False,True,True,5.3298064005192995e-06,-5.273288565966522,0.00015773424427766226,0.002716983118893676,-3.80207401062586,0.00220614093259619,-5.13127900041444,2.278733367230422e-06,-5.6423064882969935,-0.0012018334751396909,0.00019818073347330716,-2.920155703579579,8.459684827122338e-05,-5.379467624877925,5.186708029810318e-05,-4.285108198625103,-0.022324177554068236,-0.009621018929360837,-1.6512245320053403,-0.003753382222941637,-4.3005124288992285,3.0265332645232967
B3c2,B3,2018-04-12_batchdata_updated_struct_errorcorrect.mat,2,1267.0,5.6C(19%)-4.6C-newstructure,1266,0.88013124,False,True,True,1.4107642705145788e-06,-5.8505455479518504,-0.0008238997241590829,0.0009555701056709662,-3.084125642543702,0.0008943763046400655,-5.650409417216932,2.0395419902167108e-05,-4.690467348973174,-0.0002393881793097026,0.0028129492725272433,-3.6208972983210588,0.00024927600482449463,-4.557259855196075,1.6636191919327444e-05,-4.778946078146963,-0.008648038341613706,-0.0026131423354832516,-2.063082393578989,-0.002551418514403103,-4.539818612590237,3.1027766148834415
B3c3,B3,2018-04-12_batchdata_updated_struct_errorcorrect.mat,3,1115.0,5.6C(36%)-4.3C-newstructure,1114,0.88058406,False,True,True,4.0970263546347195e-06,-5.387531242384271,6.082225478496061e-05,0.002352598069151072,-4.21593748385458,0.001841392119067864,-5.2433534881885615,3.127509696528718e-06,-5.504801335146169,-0.002545848004703255,-0.00028913640031071844,-2.5941675286828105,0.00012562270804306053,-5.235656944269456,7.652912386606728e-05,-4.116173258607179,-0.026836614735112785,-0.010705414352713173,-1.5712722684801177,-0.00371943305776834,-4.139935083668946,3.0472748673841794
B3c4,B3,2018-04-12_batchdata_updated_struct_errorcorrect.mat,4,1048.0,5.6C(19%)-4.6C-newstructure,1047,0.88001466,False,True,True,4.846738025205458e-06,-5.314550454030585,-9.193350727769689e-05,0.0022942714390392772,-4.036526171164757,0.001641577979566211,-5.184188625933903,1.2617635781732654e-06,-5.899022013010766,-0.0018057384540295374,3.223049990385801e-05,-2.7433451533566595,0.00018389545443819877,-5.628005173248093,6.636954474039026e-05,-4.178031161375803,-0.024810275761238065,-0.01010643886890673,-1.6053684086049191,-0.0030556561903645196,-4.217896951672621,3.0203612826477078
B3c5,B3,2018-04-12_batchdata_updated_struct_errorcorrect.mat,5,828.0,5.6C(36%)-4.3C-newstructure,827,0.88066918,False,True,True,5.706292318454781e-06,-5.24364598433683,0.00013987591317681414,0.0027593569456063815,-3.854257065172392,0.0021606088369898746,-5.1161733199545045,3.5646471161976343e-06,-5.4479834568566226,-0.0007343645933192144,0.0006974529442797708,-3.134088270391745,0.0004174567091967951,-5.202801795865071,7.691491015005661e-05,-4.113989462952569,-0.025445098246365427,-0.011445765437692483,-1.594395867927963,-0.0035167268485765124,-4.15043186270877,2.9180303367848803
B3c6,B3,2018-04-12_batchdata_updated_struct_errorcorrect.mat,6,667.0,3.7C(31%)-5.9C-newstructure,666,0.88052577,False,True,True,5.213074245141809e-06,-5.282906089762069,-9.872797948902272e-05,0.0013573910502116587,-4.005559750920201,0.00020750959491144805,-5.120648597424892,4.675453025015306e-06,-5.330176302067998,-0.005680925463348974,-0.0027219727151464425,-2.2455809088513456,-0.002821085349018926,-5.191830041696881,0.0002983501900509504,-3.525273681171474,-0.05320164659124538,-0.028517561100453784,-1.2740749260804134,-0.022159909907229602,-3.557533114160016,2.824125833916549
B3c7,B3,2018-04-12_batchdata_updated_struct_errorcorrect.mat,7,1836.0,4.8C(80%)-4.8C-newstructure,1835,0.88036358,False,True,True,2.4320300727597365e-06,-5.614031059188423,0.00018871159292564214,0.0019561924126942423,-3.7242014194482898,0.0017214909129910083,-5.475909871931545,1.698594546100668e-06,-5.7699102746950235,0.00014990616467353582,0.0011316379963449328,-3.8241805070539963,0.0008249495197336643,-5.568437423841185,3.248570706506192e-05,-4.48830767619389,-0.017059021835070354,-0.007037779014879844,-1.768045874915885,-0.002131122973546562,-4.520603883896065,3.2638726768652235
B3c8,B3,2018-04-12_batchdata_updated_struct_errorcorrect.mat,8,828.0,5C(67%)-4C-newstructure,827,0.88094097,False,True,True,5.131257088892175e-06,-5.289776225553122,3.3101532937308766e-05,0.0022694038251498735,-4.480151893511331,0.0016669210888695662,-5.139561059327342,7.672726073309882e-07,-6.1150503064224315,-0.001784110893583768,-0.0003348907888859572,-2.748578155018897,0.00014546131253090344,-5.901891071175936,8.102718559186449e-05,-4.091369245668356,-0.026848970612832312,-0.011806368426415048,-1.5710723604574097,-0.0034103335564310555,-4.160955420202003,2.9180303367848803
B3c9,B3,2018-04-12_batchdata_updated_struct_errorcorrect.mat,9,1039.0,5.3C(54%)-4C-newstructure,1038,0.8801114,False,True,True,2.0421289083252388e-06,-5.689916846770509,4.850257279076194e-05,0.001925335217360647,-4.314235223888542,0.0018596229459280078,-5.568235452352649,7.862466810437781e-07,-6.104441174815247,-0.002848930670163896,-0.0007678461602752179,-2.5453181193570877,0.0002778746380753816,-6.208447845549401,0.00010426476261026731,-3.98186244123407,-0.0295752747869662,-0.01447801181075607,-1.5290712116059078,-0.004967161023648803,-4.068893011015968,3.016615547557177
B3c10,B3,2018-04-12_batchdata_updated_struct_errorcorrect.mat,10,1078.0,4.8C(80%)-4.8C-newstructure,1077,0.88064086,False,True,True,3.88519083362112e-06,-5.410587644571389,2.8083261770795397e-05,0.0022882891456808816,-4.551552451855987,0.0018425776895429902,-5.2838054905570955,3.962169861662217e-07,-6.4020669098168375,-0.0007670981557796885,-1.079350165321273e-05,-3.1151490613625503,9.292863304399823e-05,-6.133045570256068,3.8822061008603085e-05,-4.410921412252559,-0.019093025885229542,-0.008335183582489896,-1.7191252386508329,-0.0031614437531222173,-4.430975308402851,3.03261876085072
B3c11,B3,2018-04-12_batchdata_updated_struct_errorcorrect.mat,11,817.0,5.6C(19%)-4.6C-newstructure,816,0.88113368,False,True,True,3.6267933618900352e-06,-5.440477187829381,-0.00016767868783522908,0.0017148006198502903,-3.7755221332421036,0.0012809831074211964,-5.2877019413848405,8.662447753124453e-07,-6.062359371785409,-0.0032080518445679607,-0.0010993410611336546,-2.493758621800641,-0.00039563100232342663,-6.095476631705134,0.00013047080660181267,-3.8844866526940733,-0.034087374997818,-0.015620691175653465,-1.4674064416533914,-0.005870842094072293,-3.9586748582036115,2.9122220565324155
B3c12,B3,2018-04-12_batchdata_updated_struct_errorcorrect.mat,12,932.0,5.6C(36%)-4.3C-newstructure,931,0.88080788,False,True,True,2.7974141244475003e-06,-5.553243236649845,-0.00020271306446664294,0.0018246160974395654,-3.693118260961976,0.0015605377003951038,-5.4243390139978045,5.678874320258962e-07,-6.245737742625221,-0.0017932477601003693,-0.00028798089509151774,-2.7463597029582476,9.372736209667387e-05,-6.004290731526233,0.00011314738857756562,-3.946355465036171,-0.03173492178819726,-0.01531489306361951,-1.4984625676823458,-0.006072419398149398,-4.01131166566047,2.9694159123539814
B3c13,B3,2018-04-12_batchdata_updated_struct_errorcorrect.mat,13,816.0,5.6C(19%)-4.6C-newstructure,815,0.88024569,False,True,True,1.0435683794421577e-05,-4.98147908867668,0.00016350133509522187,0.003684073473444298,-3.7864786966910327,0.002532832963837217,-4.876629517129165,7.467009465938616e-07,-6.126853298115657,-0.0011228615569077727,0.00019920897520292352,-2.9496737867282277,0.0005579059586262591,-5.872048630527286,8.053191499784299e-05,-4.094031973537554,-0.027646083960900736,-0.01176548019743392,-1.5583663773653675,-0.0034193578679500014,-4.147074425054358,2.9116901587538613
B3c14,B3,2018-04-12_batchdata_updated_struct_errorcorrect.mat,14,858.0,5.6C(36%)-4.3C-newstructure,857,0.88065648,False,True,True,3.46491312761641e-06,-5.460307649557161,2.265117063984367e-06,0.0026081319332952563,-5.644909348208026,0.0024486232335623193,-5.368205656926929,1.0812169865541212e-06,-5.966087139898237,-0.0002870840808958386,0.0006856712586564792,-3.541990888906396,0.0005964264035009936,-5.729691861538809,0.00010017672207043067,-3.9992331831677133,-0.029282360362737236,-0.013203557332650977,-1.533393919034542,-0.0038364411934397324,-4.08197881906031,2.9334872878487053
B3c15,B3,2018-04-12_batchdata_updated_struct_errorcorrect.mat,15,876.0,5.9C(15%)-4.6C-newstructure,875,0.88058048,False,True,True,2.2484839286118156e-06,-5.648110212272223,-6.214261364219858e-05,0.001934616537509792,-4.20661048480306,0.0019118791219501219,-5.5388988657875915,1.5116473031908717e-06,-5.8205495263916065,-0.0009376956754781895,0.0002350122551439624,-3.0279380868930015,0.00011569098948993606,-5.562130880387359,9.9942472613497e-05,-4.00024991015545,-0.02948434500233621,-0.013340330831580071,-1.530408515674226,-0.004274606506854406,-4.061782506106474,2.9425041061680806
B3c16,B3,2018-04-12_batchdata_updated_struct_errorcorrect.mat,16,1638.0,4.8C(80%)-4.8C-newstructure,1637,0.88014877,False,True,True,5.320915967900265e-06,-5.274013599741956,5.4602478298564414e-05,0.0023817674588856594,-4.26278764507979,0.0016076329374064002,-5.1279002489483485,1.710633576512671e-06,-5.7668430078411745,-0.00013000474853797073,0.0007117949615431832,-3.886040784414899,0.0003060951372848564,-5.545677158138651,2.0226512737056195e-05,-4.694078987698978,-0.013451995639618852,-0.005323302354980101,-1.8712132821312482,-0.0029836860034497814,-4.585029587030502,3.2143138974244
B3c17,B3,2018-04-12_batchdata_updated_struct_errorcorrect.mat,17,1315.0,5.3C(54%)-4C-newstructure,1314,0.88043362,False,True,True,2.5584465239203037e-06,-5.592023656123578,1.3784061073890928e-05,0.0023054024881455897,-4.860622811300375,0.0022308056935365084,-5.510302005598604,4.213696055678292e-06,-5.375336794333614,-0.005454450821857693,-0.0031071189370129792,-2.2632489695565288,-0.004176040506312928,-5.346032313606499,3.636816862246513e-05,-4.43927856799074,-0.017882391550413823,-0.007236216829825155,-1.7475744000986955,-0.004417854075655647,-4.32756072474594,3.1189257528257768
B3c18,B3,2018-04-12_batchdata_updated_struct_errorcorrect.mat,18,1146.0,5.6C(19%)-4.6C-newstructure,1145,0.88003904,False,True,True,2.9073695191204353e-06,-5.53649976702,3.9403106210254786e-05,0.002137234644141788,-4.404469540692203,0.0018616358938718935,-5.419865570652606,9.547367341428834e-07,-6.020116367339111,-0.0011547163513154768,-7.486794431951715e-05,-2.937524684332274,-0.00022403547791949308,-5.75061929786551,5.576767138036663e-05,-4.2536174894114485,-0.02345576998165999,-0.010342257243667845,-1.6297503059145464,-0.005007944232827244,-4.271240433741606,3.059184617631371
B3c19,B3,2018-04-12_batchdata_updated_struct_errorcorrect.mat,19,1155.0,5.6C(36%)-4.3C-newstructure,1154,0.88007373,False,True,True,1.545492220424408e-06,-5.8109331767121315,2.521065461188565e-06,0.001754385764353135,-5.598415877423961,0.001678441792270835,-5.7182544258018595,1.2545928662317012e-06,-5.901497186243142,-0.0009856289281564568,8.352106892918604e-05,-3.0062865584727176,-0.00015561421461196545,-5.646899717640877,6.737404729850698e-05,-4.171507362895025,-0.025293657704202555,-0.011545479663150093,-1.5969883629889903,-0.005521139983615475,-4.186741079725082,3.062581984228163
B3c20,B3,2018-04-12_batchdata_updated_struct_errorcorrect.mat,20,813.0,5C(67%)-4C-newstructure,812,0.88059181,False,True,True,3.527331913861786e-06,-5.4525536722927,3.8812175097530707e-05,0.001934636970980053,-4.411032018007593,0.0014576152590792812,-5.297776496791909,9.214358856719651e-07,-6.035534877989754,-0.0031673722765752643,-0.0006894474207374354,-2.499300888898177,0.00012818425756622176,-5.9375610098133,8.591911965438846e-05,-4.065910181495544,-0.028071993572476917,-0.011919383387319954,-1.55172674423117,-0.0034843639831663165,-4.122985748734232,2.910090545594068
B3c21,B3,2018-04-12_batchdata_updated_struct_errorcorrect.mat,21,772.0,3.7C(31%)-5.9C-newstructure,771,0.8801983,False,True,True,2.4711362322634934e-06,-5.607103311542721,-1.782680261457387e-05,0.0009757227504557975,-4.74892654417006,0.00044826644413076266,-5.423168445330315,2.596969363852567e-06,-5.585533173662286,-0.002948479583049224,-0.0010584476011119873,-2.5304018751779362,-0.001587747189877975,-5.371600057083997,0.0001977460540389581,-3.7038921739552135,-0.04327614857800555,-0.02353870422305198,-1.363751396832805,-0.018335863009741882,-3.7392049354554957,2.887617300335736
B3c22,B3,2018-04-12_batchdata_updated_struct_errorcorrect.mat,22,1002.0,5.9C(60%)-3.1C-newstructure,1001,0.88094068,False,True,True,2.9416225473324398e-06,-5.531413054289407,-5.171260239912655e-05,0.0017490071009235591,-4.28640360612386,0.0014171413118690968,-5.380556760278874,3.1505879918560273e-06,-5.501608386595155,-0.0011875933088232316,0.00037130966170114744,-2.925332257985166,0.00012336737025142597,-5.257999281671691,8.986945638551169e-05,-4.046387885320449,-0.028409329718630083,-0.013722550516362944,-1.5465390127724639,-0.005950153632917399,-4.0829530617562035,3.0008677215312267
B3c23,B3,2018-04-12_batchdata_updated_struct_errorcorrect.mat,23,,4.8C(80%)-4.8C-newstructure,2189,0.93701142,False,False,False,4.191429845414821e-06,-5.377637798503046,-1.0459043986167318e-05,0.0020742416608736155,-4.9805080105458925,0.0014239648902938384,-5.244030077070864,2.2422120326399816e-06,-5.649323321156102,-0.0003085898262804587,0.0007895067848433008,-3.5106183960404986,0.0004821448804437356,-5.420904930972025,2.86183478190118e-05,-4.543355442337179,-0.01560831972082899,-0.006808658684372332,-1.8066438474340383,-0.00325599187966219,-4.455701059813628,
B3c24,B3,2018-04-12_batchdata_updated_struct_errorcorrect.mat,24,825.0,5C(67%)-4C-newstructure,824,0.88021326,False,True,True,6.781180854351314e-06,-5.168694672818182,0.00011728064617162333,0.002659177438258134,-3.9307736498994235,0.0017795136545966095,-5.021773576686486,1.2277279975213405e-06,-5.910897840247219,-0.0011926918832605438,0.00014261985192058152,-2.923471736281655,0.00021187836857028408,-5.648025617061309,7.001313375392851e-05,-4.154820483102516,-0.0247723986145858,-0.010345482795288031,-1.6060319403400782,-0.0020109833210280037,-4.21586393525587,2.916453948549925
B3c25,B3,2018-04-12_batchdata_updated_struct_errorcorrect.mat,25,989.0,5.3C(54%)-4C-newstructure,988,0.88167018,False,True,True,4.341416060760441e-06,-5.362368591439866,-0.00010579466356527736,0.0023700588148667058,-3.9755362381855517,0.001933720898590563,-5.23370460699414,1.474185469036868e-06,-5.831447873931423,-0.0006863594407275908,0.0005942297892710692,-3.163448388312967,0.00048685775218348937,-5.578883185766247,7.142886792303388e-05,-4.146126232959254,-0.026576249209760316,-0.010925821646167616,-1.5755063124244277,-0.003425931831857465,-4.1832154516768165,2.9951962915971793
B3c26,B3,2018-04-12_batchdata_updated_struct_errorcorrect.mat,26,1028.0,5.6C(19%)-4.6C-newstructure,1027,0.88023561,False,True,True,3.077829874576962e-06,-5.511755389239558,-0.00011158460807091406,0.0021034432197009874,-3.952395707646505,0.001758155694895791,-5.395945861111623,2.285308447143299e-06,-5.641055175090046,-5.0887875024496765e-05,0.0008729216380261544,-4.293385684013785,0.0005202236735963872,-5.403652436625065,6.038472570442448e-05,-4.219072902127027,-0.02417913926788795,-0.01013959278346487,-1.6165591632709488,-0.004120246337095068,-4.250347015691218,3.011993114659257
B3c27,B3,2018-04-12_batchdata_updated_struct_errorcorrect.mat,27,850.0,5.6C(36%)-4.3C-newstructure,849,0.88002509,False,True,True,4.3318035360395275e-06,-5.363331248526118,0.0001733636094022244,0.002519011850225485,-3.76104205965345,0.001948606728035207,-5.231009888544741,2.6067121858129094e-06,-5.583906917820391,-0.0007165074517935244,0.0005751503083819208,-3.144779288510211,0.00021244675809795055,-5.347015903102342,7.41826256465084e-05,-4.12969779916042,-0.026600290807078597,-0.01070991087322853,-1.575113615428363,-0.0028959248528788173,-4.167641825355935,2.929418925714293
B3c28,B3,2018-04-12_batchdata_updated_struct_errorcorrect.mat,28,541.0,3.7C(31%)-5.9C-newstructure,540,0.88010961,False,True,True,6.1053036061730975e-06,-5.214292734469771,-0.00015028591063545984,0.0014350689386883467,-3.823081732786948,0.0004686587462230385,-5.032793657194123,2.8971950322680086e-06,-5.538022268142191,-0.003983361374024774,-0.0016601671263750937,-2.3997502922284686,-0.001986029756336327,-5.349379712292422,0.00035381530784053307,-3.4512233812429836,-0.05783112055064066,-0.03025611921470947,-1.2378383926134868,-0.021674930024077055,-3.4991525065753564,2.7331972651065692
B3c29,B3,2018-04-12_batchdata_updated_struct_errorcorrect.mat,29,858.0,5.9C(15%)-4.6C-newstructure,857,0.88007307,False,True,True,3.84734069886255e-06,-5.414839353312527,-9.943486456312673e-06,0.0024829242463002337,-5.002461313464242,0.0020550410060333757,-5.303402944054202,2.70513440367578e-06,-5.567811152248854,-0.0005704435248575779,0.0011397432388552927,-3.2437873452103307,0.0009050046971765813,-5.340708856847321,8.646859684153877e-05,-4.06314158842719,-0.028921475161164945,-0.011300575148553208,-1.5387795593022975,-0.0026860280081242305,-4.106814157538339,2.9334872878487053
B3c30,B3,2018-04-12_batchdata_updated_struct_errorcorrect.mat,30,935.0,5.3C(54%)-4C-newstructure,934,0.88024825,False,True,True,4.345054948286592e-06,-5.362004727020432,1.3005138097551666e-05,0.002434686100664589,-4.885885031804423,0.0020651232357851157,-5.229113977140123,1.530502930069042e-06,-5.81516583463143,-0.002960192968189612,-0.0002941159880346103,-2.5286799773571618,0.0004722663891860712,-5.589872010755492,7.947105254065199e-05,-4.099791035006636,-0.026737169755743473,-0.011137570899382837,-1.5728845665772753,-0.0034418042766850565,-4.1376883585537,2.9708116108725178
B3c31,B3,2018-04-12_batchdata_updated_struct_errorcorrect.mat,31,731.0,5.9C(60%)-3.1C-newstructure,730,0.88031369,False,True,True,2.065773035741894e-06,-5.6849173956622545,7.776368805566101e-05,0.001920650951817973,-4.109223150547826,0.0017336257873239447,-5.564391619654897,1.9729961192526695e-06,-5.70487376897427,-0.001661884353861831,5.445114306636362e-05,-2.7793992009051656,1.8899026117402684e-05,-5.435345427619587,0.00014482098144181374,-3.839168513661697,-0.035619409739265695,-0.01635054856148944,-1.4483132816471656,-0.00581206050397598,-3.910635248374145,2.8639173769578603
B3c32,B3,2018-04-12_batchdata_updated_struct_errorcorrect.mat,32,,4.8C(80%)-4.8C-newstructure,2237,0.97388279,False,False,False,3.522378322602649e-06,-5.4531640002725315,-0.00016875737956703564,0.0020424198488289956,-3.7727372268811274,0.0016465881250204983,-5.322128835040009,3.3492209486204e-06,-5.475056201041378,-0.00014260364171359008,0.0009157751709037189,-3.84586938362916,0.00038299857124579617,-5.270985928486491,2.123644120759552e-05,-4.672918260349452,-0.01012140041626175,-0.0032569008987653743,-1.994759393526108,-0.0028059026822042643,-4.441763539756119,
B3c33,B3,2018-04-12_batchdata_updated_struct_errorcorrect.mat,33,1284.0,5C(67%)-4C-newstructure,1283,0.88079751,False,True,True,5.618241940631455e-06,-5.250399562532315,-0.0001507724763409797,0.0021489589391179265,-3.821677932101641,0.0012574703190542103,-5.11036982760247,8.751685586054751e-07,-6.057908293238049,-0.0007006826797327781,0.00030727943027262887,-3.1544786177561015,0.0001804624769357055,-5.814258709152306,4.022871669486616e-05,-4.395463821299672,-0.019885925647910252,-0.00784867836178756,-1.7014541887150514,-0.0030397121931502458,-4.385220899337683,3.1085650237328344
B3c34,B3,2018-04-12_batchdata_updated_struct_errorcorrect.mat,34,1158.0,5.3C(54%)-4C-newstructure,1157,0.88017184,False,True,True,3.854958516608466e-06,-5.413980291051407,-2.8264003107870202e-05,0.002141653183730415,-4.548766327818795,0.0017464196928087539,-5.27673188239523,1.252249250628423e-06,-5.902309219529076,-0.0008335576790867716,0.00021686099534843871,-3.0790643432356006,4.463953084110628e-05,-5.6532862297827,4.951935818241303e-05,-4.305224992817558,-0.02150989276991433,-0.00955200556777299,-1.6673617546311603,-0.003900595493521619,-4.314591864397103,3.0637085593914173
B3c35,B3,2018-04-12_batchdata_updated_struct_errorcorrect.mat,35,1093.0,5.6C(19%)-4.6C-newstructure,1092,0.88011736,False,True,True,2.7028011075481e-06,-5.568185911782756,6.445548386620507e-07,0.0018464589391738201,-6.190740127006997,0.0013867062666006458,-5.43340022030509,1.6217948505642394e-06,-5.790004082863916,-0.0005540482369559285,0.0005650703549010809,-3.256452422759266,0.0003018371700245215,-5.541776844398207,5.828760650892634e-05,-4.234423777950546,-0.02302807515263361,-0.009826425701495065,-1.6377423618849243,-0.0033997930400220255,-4.2475388537859535,3.038620161949703
B3c36,B3,2018-04-12_batchdata_updated_struct_errorcorrect.mat,36,923.0,5.6C(36%)-4.3C-newstructure,922,0.88060242,False,True,True,3.3207762609451125e-06,-5.478760384236075,9.637349290491534e-05,0.0020058906886687017,-4.016042400413845,0.0014656572993301253,-5.340939124918335,1.370750668322392e-06,-5.863041533700067,2.0362018254838077e-05,0.0008836622485100101,-4.691179177538705,0.0008419450805197126,-5.635270230398601,5.5844009344570225e-05,-4.253023408907191,-0.022981813517992444,-0.009908357469924613,-1.6386157036816351,-0.003765574047283282,-4.27331051546972,2.965201701025912
B3c37,B3,2018-04-12_batchdata_updated_struct_errorcorrect.mat,37,1390.0,4.8C(80%)-4.8C-newstructure,1389,0.88049883,False,True,True,4.595825661735437e-06,-5.337636454218377,-0.00014540589968914974,0.001962909577237458,-3.837417972084528,0.0013688285866131356,-5.192424876957451,9.468244295799146e-06,-5.023730545108314,-0.00013235991113259792,0.0023124726366355376,-3.8782435331005445,0.002047118711133722,-4.919842773634524,7.972208755923954e-06,-5.0984213376234795,-0.008439822988718593,-0.001076797766325731,-2.073666661884879,0.0012798748698736873,-4.842056616879415,3.143014800254095
B3c38,B3,2018-04-12_batchdata_updated_struct_errorcorrect.mat,38,1935.0,5C(67%)-4C-newstructure,1934,0.88000458,False,True,True,3.413382462345236e-06,-5.46681504720918,0.00013111009084403668,0.0021801885368938328,-3.882363881694861,0.0018353888175401956,-5.331207553398264,3.2253686377675373e-06,-5.491420641277118,-0.0007101150776347431,0.0006697573650013966,-3.148671266024609,0.00013441340447473138,-5.26172659541513,4.553878801624049e-05,-4.341618532018267,-0.020147005721674938,-0.008693083372975452,-1.695789490226726,-0.0037957789903024786,-4.290277887860365,3.28668096935493
B3c39,B3,2018-04-12_batchdata_updated_struct_errorcorrect.mat,39,1156.0,5.3C(54%)-4C-newstructure,1155,0.88043225,False,True,True,4.878536743940361e-06,-5.311710419662357,3.811855816872664e-05,0.002215595857248252,-4.418863534875482,0.0015813332968388494,-5.166881674314323,4.02296888619882e-06,-5.395453326266526,7.130615230693799e-05,0.00155601857778961,-4.146872997529842,0.0009650654131099223,-5.198309748780562,3.513981212480534e-05,-4.454200564792302,-0.017457917694832736,-0.006428438589560583,-1.758007558315108,-0.001619909403289821,-4.361751704604368,3.0629578340845103
B3c40,B3,2018-04-12_batchdata_updated_struct_errorcorrect.mat,40,796.0,5.6C(19%)-4.6C-newstructure,795,0.88070726,False,True,True,6.455635173005696e-06,-5.190061020855288,9.298806605070791e-05,0.0032016370127967734,-4.031572784573916,0.0027328739919512124,-5.0645515034457205,2.958518099029898e-07,-6.528925769538982,-0.0014331346109541787,0.0001436175132437692,-2.843713015430307,0.0009830715961134384,-6.592352461932428,5.073716967289697e-05,-4.294673763163302,-0.022053794482172262,-0.009078861478925766,-1.6565166769039124,-0.0025038928768992275,-4.350345949263041,2.900913067737669
B3c41,B3,2018-04-12_batchdata_updated_struct_errorcorrect.mat,41,786.0,5.6C(36%)-4.3C-newstructure,785,0.88062328,False,True,True,9.773504498339901e-06,-5.00994968281262,9.297067380145403e-05,0.0033070738362250404,-4.031654021496761,0.00243720362588129,-4.872795727175363,2.000443049696583e-06,-5.69887380797135,-0.0010770359028788867,0.00036938910207281106,-2.9677698192997006,0.0004564333165670842,-5.43518925045037,6.038445362193824e-05,-4.219074858982626,-0.024192993699098664,-0.009748050525024678,-1.6163103876714375,-0.003228926654322395,-4.202399709339554,2.895422546039408
B3c42,B3,2018-04-12_batchdata_updated_struct_errorcorrect.mat,42,1642.0,4.8C(80%)-4.8C-newstructure,1641,0.88037544,False,True,True,5.031126291643692e-06,-5.298334780850446,8.88635339847194e-06,0.002826305562205668,-5.051276419436988,0.002417962498123316,-5.193347473108539,4.68315973691265e-06,-5.329461028705942,2.7571900057322005e-05,0.0014566834180645616,-4.5595333044064965,0.0006688896350497409,-5.143140472345234,4.510657239293505e-05,-4.345760173287821,-0.005609789046358671,0.0007845194706261452,-2.2510534698891034,-0.00045312319087664754,-4.104242543805167,3.215373152783422
B3c43,B3,2018-04-12_batchdata_updated_struct_errorcorrect.mat,43,1046.0,5C(67%)-4C-newstructure,1045,0.88060749,False,True,True,9.42861774245576e-06,-5.025551971188979,-5.808924489968917e-05,0.002669238216713556,-4.235904268867714,0.0017995045949144028,-4.863631218540597,1.1768962705904253e-06,-5.9292618133633646,-0.0037193827298657167,-0.0010568917374667683,-2.429529129810848,1.6923308093330647e-05,-5.92276096982637,4.8271021766209893e-05,-4.3163135082513255,-0.01297639899175873,-0.003266056933426803,-1.8868458094603582,-0.0013777787394715357,-4.075470990673352,3.0195316845312554
B3c44,B3,2018-04-12_batchdata_updated_struct_errorcorrect.mat,44,940.0,5.3C(54%)-4C-newstructure,939,0.88046378,False,True,True,3.332367699286438e-06,-5.477247083807701,-0.0001916421922967892,0.0017626162022890595,-3.7175088696603105,0.0013771275050942222,-5.33112381463764,3.335110140624594e-06,-5.476889819116054,-7.823534586140664e-05,0.0010467630819264437,-4.1065969931748185,0.0007910743433476863,-5.252906322901152,7.395013810510257e-05,-4.131061010602478,-0.02598513188750473,-0.011231061096491921,-1.5852750745744224,-0.0031351801775374444,-4.180559153428816,2.9731278535996988
B3c45,B3,2018-04-12_batchdata_updated_struct_errorcorrect.mat,45,1801.0,4.8C(80%)-4.8C-newstructure,1800,0.88047254,False,True,True,3.4141292438763843e-06,-5.46672004243631,6.477840287709587e-05,0.0020570231026866086,-4.1885697638006,0.0015324079990965966,-5.32906127633552,1.1181721776154716e-06,-5.951491318067687,-0.00019631944010551177,0.0005248173382224234,-3.707036693204242,0.0003080367281884655,-5.732981192370842,3.017058361557091e-05,-4.520416288811736,-0.016477960740300612,-0.007131752461986142,-1.7830965362089448,-0.0026775918999450976,-4.5383172760286365,3.2555137128195333
