,dq100_10_log_variance,cycle10_rms_c_timeweighted,capacity_mad_relative,capacity_q100_q10_change_relative,capacity_theilsen_10_100_relative,capacity_theilsen_60_100_relative,dq100_10_q05_ah,dq100_10_mean_v2p0_2p4_ah,dq100_10_mean_ah,tavg_theilsen_10_100_degC_per_cycle,ir_change_91_100_vs_2_10_relative,tavg_median_2_100_degC,chargetime_median_2_100_minutes
dq100_10_log_variance,1.0,0.8909395937658835,0.5346321557861868,-0.629111216559734,-0.6221445538808873,-0.5007505929111203,-0.9738833725757137,-0.8914536069011334,-0.9542115466721555,0.4321795728219555,0.09354811688243038,0.41644185082252577,-0.6709884991117432
cycle10_rms_c_timeweighted,0.8909395937658835,1.0,0.5661311485301331,-0.6122625403710086,-0.6083844845353847,-0.528360594339655,-0.8969834599371126,-0.8507732928525056,-0.8864986494141666,0.36410853290338313,-0.01936824202371831,0.30467851928490586,-0.8734362078690839
capacity_mad_relative,0.5346321557861868,0.5661311485301331,1.0,-0.9590846035080755,-0.976107312354525,-0.9745277551396635,-0.6220526626767429,-0.717380281847485,-0.6501528034136655,-0.21679336441779848,-0.5821759559030671,-0.030537635496418303,-0.5896589377565572
capacity_q100_q10_change_relative,-0.629111216559734,-0.6122625403710086,-0.9590846035080755,1.0,0.9867204759877396,0.9576584107890733,0.7175673902861743,0.8068572331491511,0.7427085361019174,0.16490282630796477,0.4527929582925103,-0.011920984070262744,0.6185786459486596
capacity_theilsen_10_100_relative,-0.6221445538808873,-0.6083844845353847,-0.976107312354525,0.9867204759877396,1.0,0.9678039214291908,0.7044757801329742,0.7777325287515812,0.7243955126349586,0.1928428661582304,0.4951824237320656,-0.04442479659039255,0.6021573694109923
capacity_theilsen_60_100_relative,-0.5007505929111203,-0.528360594339655,-0.9745277551396635,0.9576584107890733,0.9678039214291908,1.0,0.5982645226502504,0.6828929187915876,0.618800299645743,0.3188140107677594,0.61493289972292,0.04753137853560941,0.5829726335237178
dq100_10_q05_ah,-0.9738833725757137,-0.8969834599371126,-0.6220526626767429,0.7175673902861743,0.7044757801329742,0.5982645226502504,1.0,0.9534980086882553,0.9932047110982007,-0.3701784818225296,-0.04979004532855336,-0.3334677757747892,0.6974685048186696
dq100_10_mean_v2p0_2p4_ah,-0.8914536069011334,-0.8507732928525056,-0.717380281847485,0.8068572331491511,0.7777325287515812,0.6828929187915876,0.9534980086882553,1.0,0.979840581687765,-0.3224728307450895,0.03156982561656353,-0.1979294959360848,0.7023191195090919
dq100_10_mean_ah,-0.9542115466721555,-0.8864986494141666,-0.6501528034136655,0.7427085361019174,0.7243955126349586,0.618800299645743,0.9932047110982007,0.979840581687765,1.0,-0.38079295300247956,-0.03704430185956413,-0.2933117819710547,0.6932931660344797
tavg_theilsen_10_100_degC_per_cycle,0.4321795728219555,0.36410853290338313,-0.21679336441779848,0.16490282630796477,0.1928428661582304,0.3188140107677594,-0.3701784818225296,-0.3224728307450895,-0.38079295300247956,1.0,0.5597952088944115,0.5510960011682399,-0.048344061016311925
ir_change_91_100_vs_2_10_relative,0.09354811688243038,-0.01936824202371831,-0.5821759559030671,0.4527929582925103,0.4951824237320656,0.61493289972292,-0.04979004532855336,0.03156982561656353,-0.03704430185956413,0.5597952088944115,1.0,0.2358770769620746,0.21300432654337148
tavg_median_2_100_degC,0.41644185082252577,0.30467851928490586,-0.030537635496418303,-0.011920984070262744,-0.04442479659039255,0.04753137853560941,-0.3334677757747892,-0.1979294959360848,-0.2933117819710547,0.5510960011682399,0.2358770769620746,1.0,-0.0329400686445693
chargetime_median_2_100_minutes,-0.6709884991117432,-0.8734362078690839,-0.5896589377565572,0.6185786459486596,0.6021573694109923,0.5829726335237178,0.6974685048186696,0.7023191195090919,0.6932931660344797,-0.048344061016311925,0.21300432654337148,-0.0329400686445693,1.0
