cell_key,batch,qd_invalid_2_100_n,q100_summary_ah,q100_curve_range_ah,q100_summary_to_curve_ratio,discharge_summary_curve_mismatch,capacity_slope_10_100_positive,capacity_slope_60_100_positive,ir_valid_2_100_n,ir_invalid_2_100_n,ir_constant_positive_flag,ir_all_missing_flag,ir_raw_min,ir_raw_max,tavg_valid_2_100_n,tavg_invalid_2_100_n,tavg_constant_positive_flag,tavg_all_missing_flag,tavg_raw_min,tavg_raw_max,tmax_valid_2_100_n,tmax_invalid_2_100_n,tmax_constant_positive_flag,tmax_all_missing_flag,tmax_raw_min,tmax_raw_max,chargetime_valid_2_100_n,chargetime_invalid_2_100_n,chargetime_constant_positive_flag,chargetime_all_missing_flag,chargetime_raw_min,chargetime_raw_max,temperature_above_100degC_flag
B1c0,B1,0,1.0759126,1.0598770875496153,1.0151295962888094,False,False,False,99,0,False,False,0.016443744,0.018950272,99,0,False,False,30.28257943076922,32.28574128255086,99,0,False,False,35.118328,35.994705,99,0,False,False,13.34010333333281,13.461158333333394,False
B1c1,B1,0,1.0806297,1.0649924592257687,1.0146829591503392,False,False,False,98,1,False,False,0.0,0.017038831,99,0,False,False,31.13248260036663,31.981176979797976,99,0,False,False,33.771145,34.712265,99,0,False,False,13.341041666666813,13.426406666666661,False
B1c2,B1,0,1.0849404,1.0678563378465717,1.0159984649132483,False,False,False,98,1,False,False,0.0,0.016878299,99,0,False,False,31.268309674127153,32.12018401831506,99,0,False,False,34.141102,35.127342,99,0,False,False,13.341089999999774,13.426306666666642,False
B1c3,B1,0,1.0847498,1.0665980988687567,1.0170183137870723,False,False,False,98,1,False,False,0.0,0.016408285,99,0,False,False,29.753553673617425,30.92172582060721,99,0,False,False,30.336483,31.691414,99,0,False,False,12.007673333333514,12.093001666667018,False
B1c4,B1,0,1.0826457,1.0659218549082492,1.0156895601818676,False,False,False,98,1,False,False,0.0,0.016787428,99,0,False,False,31.09803893321298,32.74071235299629,99,0,False,False,32.985813,35.651741,99,0,False,False,12.007773333333413,12.09293499999961,False
B1c5,B1,0,1.0797794,1.0598078788273373,1.0188444732027855,False,False,False,99,0,False,False,0.015922785,0.016835118,99,0,False,False,30.71392109177817,32.68150425207759,99,0,False,False,32.694057,34.654667,99,0,False,False,10.916876666666697,418.81941000000006,False
B1c6,B1,0,1.0792426,1.061236029472771,1.0169675454160512,False,False,False,98,1,False,False,0.0,0.017001977,99,0,False,False,32.083406914953294,32.95084463475838,99,0,False,False,35.349377,36.496124,99,0,False,False,10.007953333332747,10.179916666666653,False
B1c7,B1,0,1.0957625,1.0754069349422828,1.0189282441802459,False,False,False,98,1,False,False,0.0,0.016311171,99,0,False,False,31.829572527566512,32.67728035459658,99,0,False,False,34.959915,36.053928,99,0,False,False,10.007523333333666,10.094543333333423,False
B1c8,B1,0,1.0941359,1.0752797702474057,1.0175360220422036,False,False,False,99,0,False,False,0.016538974,0.016830463,99,0,False,False,31.931617436594262,32.792923807934905,99,0,False,False,34.106937,35.160984,99,0,False,False,11.207536666666662,11.299539999999979,False
B1c9,B1,0,1.0876312,1.068341767200902,1.0180554887876725,False,True,False,99,0,False,False,0.016611163,0.016978227,99,0,False,False,32.479827336371926,33.48871183242256,99,0,False,False,35.563446,36.799232,99,0,False,False,11.207688333333257,11.2965616666667,False
B1c10,B1,0,1.0816405,1.062698831770828,1.017824116920886,False,False,False,98,1,False,False,0.0,0.016678397,99,0,False,False,32.826765841818094,33.961540016934116,99,0,False,False,36.455139,37.614693,99,0,False,False,11.651226666666663,11.736088333333221,False
B1c11,B1,0,1.0599719,1.0393767229671298,1.0198149300227513,False,False,False,98,1,False,False,0.0,0.016587827,99,0,False,False,32.393739916211324,33.72736964040779,99,0,False,False,35.837601,37.128967,99,0,False,False,11.65155833333362,11.736013333333297,False
B1c12,B1,0,1.0819131,1.0630189671868913,1.0177740316930648,False,False,False,99,0,False,False,0.016234221,0.016551878,99,0,False,False,33.252135290806805,34.404097530442826,99,0,False,False,37.017033,38.354816,99,0,False,False,10.652026666666886,10.736731666666675,False
B1c13,B1,0,1.0836461,1.0647986431689525,1.017700489150658,False,False,False,99,0,False,False,0.016706679,0.017159661,99,0,False,False,31.890484755868577,33.404808020183474,99,0,False,False,34.294426,35.892479,99,0,False,False,10.652028333333268,10.736171666666632,False
B1c14,B1,0,1.0762016,1.0565787103152684,1.0185721039929685,False,True,False,99,0,False,False,0.016649306,0.018374495,99,0,False,False,32.3546779338768,34.344297407096164,99,0,False,False,36.27322,37.818813,99,0,False,False,10.762656666666347,419.7895399999999,False
B1c15,B1,0,1.0677497,1.049197645640877,1.0176821349496938,False,True,False,99,0,False,False,0.016542939,0.018155931,99,0,False,False,32.27850164113982,34.67798627056669,99,0,False,False,36.583126,38.47617,99,0,False,False,10.76270333333329,419.87335500000006,False
B1c16,B1,0,1.0863206,1.066243352054012,1.0188298927325654,False,True,False,98,1,False,False,0.0,0.01683085,99,0,False,False,32.107081208982486,34.17480236509432,99,0,False,False,35.334137,37.566532,99,0,False,False,10.096373333333334,10.180956666666559,False
B1c17,B1,0,1.0769763,1.056726316788597,1.0191629401952844,False,True,False,99,0,False,False,0.016238289,0.016800802,99,0,False,False,31.837954337394546,34.06085739811329,99,0,False,False,34.941006,37.208405,99,0,False,False,10.096515000000363,10.18090333333336,False
B1c18,B1,1,1.0645274,1.0433575824808987,1.0202900883403403,False,False,False,99,0,False,False,0.015845969,0.019886132,99,0,False,False,30.064620276555193,33.08456544528303,99,0,False,False,34.995213,36.084282,99,0,False,False,9.872441666666662,9.974201666666582,False
B1c19,B1,0,1.0870851,1.0662153402674195,1.019573681736136,False,False,False,99,0,False,False,0.016205151,0.016449727,99,0,False,False,32.847582607618996,33.744434010289936,99,0,False,False,36.365547,37.49086,99,0,False,False,9.874111666666673,9.958483333333183,False
B1c20,B1,0,1.0612478,1.0380694036526308,1.0223283686676556,False,False,False,98,1,False,False,0.0,0.015740737,99,0,False,False,31.951432247422705,32.73997725703559,99,0,False,False,34.514664,35.504932,99,0,False,False,8.985969999999845,9.10201333333389,False
B1c21,B1,0,1.0767291,1.0538711484769945,1.0216895125709047,False,False,False,98,1,False,False,0.0,0.015348774,99,0,False,False,32.8737447244996,33.6444178320755,99,0,False,False,36.321133,37.615559,99,0,False,False,8.896579999999995,9.080738333333283,False
B1c22,B1,0,1.0820541,1.062271418849447,1.0186230004869938,False,False,False,99,0,False,False,0.016250946,0.016732994,99,0,False,False,32.65172757713247,34.2307555088339,99,0,False,False,36.186062,37.758316,99,0,False,False,11.429220000000107,11.513886666666682,False
B1c23,B1,0,1.0816909,1.0629458797258262,1.0176349714804,False,False,False,99,0,False,False,0.016472535,0.016937815,99,0,False,False,31.81615758166973,33.451957368086994,99,0,False,False,34.461609,36.165897,99,0,False,False,11.429698333333363,11.514053333333383,False
B1c24,B1,0,1.0776314,1.05834642552247,1.0182217977143069,False,False,False,99,0,False,False,0.016390581,0.016691737,99,0,False,False,33.2226929389587,34.183592238138615,99,0,False,False,36.515209,37.596226,99,0,False,False,12.094783333333423,12.182196666666036,False
B1c25,B1,0,1.0780438,1.0609891929937179,1.0160742513862564,False,False,False,99,0,False,False,0.016397864,0.016699277,99,0,False,False,33.71110815571554,34.68948736306862,99,0,False,False,37.585171,38.670872,99,0,False,False,12.095434999999998,12.18101999999999,False
B1c26,B1,0,1.0893713,1.0693965299241484,1.0186785439422255,False,False,False,99,0,False,False,0.016129743,0.016389275,99,0,False,False,32.95830385296805,33.91036599442376,99,0,False,False,35.929279,37.077717,99,0,False,False,10.761511666666774,10.897493333333113,False
B1c27,B1,0,1.0810226,1.0613548218377056,1.0185308228291083,False,False,False,99,0,False,False,0.015953196,0.016209068,99,0,False,False,33.6704167525676,34.58802774590165,99,0,False,False,37.047932,38.178074,99,0,False,False,10.762820000000163,10.847453333333336,False
B1c28,B1,0,1.0796947,1.0595722778665946,1.0189910802252404,False,False,False,99,0,False,False,0.016467512,0.016806481,99,0,False,False,33.596728373515944,34.68290953452929,99,0,False,False,36.968616,38.303513,99,0,False,False,11.095753333333414,11.180176666666618,False
B1c29,B1,0,1.0818107,1.0616014290197247,1.0190365898423257,False,False,False,99,0,False,False,0.016308507,0.016658336,99,0,False,False,32.52407033272061,33.669942544198896,99,0,False,False,34.993706,36.258759,99,0,False,False,11.011841666666927,11.181148333333356,False
B1c30,B1,0,1.0814074,1.0617520876644484,1.018512148517445,False,False,False,99,0,False,False,0.015838005,0.016130757,99,0,False,False,33.30405536118849,34.313850718139626,99,0,False,False,36.233135,37.483994,99,0,False,False,10.096456666666684,10.180983333333279,False
B1c31,B1,0,1.0953494,1.0768759089150182,1.0171547073641887,False,False,False,99,0,False,False,0.016684072,0.016962912,99,0,False,False,30.214056897341884,31.3283164215413,99,0,False,False,30.407864,31.658901,99,0,False,False,10.096241666666659,10.18021333333357,False
B1c32,B1,0,1.0793804,1.0574608206683338,1.0207285025631614,False,False,False,99,0,False,False,0.015933495,0.016290806,99,0,False,False,32.872380319012784,34.16577198035539,99,0,False,False,35.908504,37.14436,99,0,False,False,10.095454999999978,10.180015000000033,False
B1c33,B1,0,1.0937657,1.0716059858402405,1.0206789757173522,False,False,False,99,0,False,False,0.016214989,0.016591828,99,0,False,False,33.441911741635685,34.90289117716894,99,0,False,False,37.165871,38.728722,99,0,False,False,10.095576666666602,10.180468333333556,False
B1c34,B1,0,1.0794187,1.0570988629738738,1.0211142380414024,False,False,False,99,0,False,False,0.016567618,0.0169825,99,0,False,False,32.397983270343566,33.94779903460843,99,0,False,False,35.519638,37.240925,99,0,False,False,10.995244999999947,11.084971666666661,False
B1c35,B1,0,1.0739936,1.0531916052130292,1.0197513868169916,False,False,False,99,0,False,False,0.016647711,0.017091474,99,0,False,False,31.876174531622297,33.464334959447065,99,0,False,False,34.377632,36.075569,99,0,False,False,11.000480000000001,11.084886666666716,False
B1c36,B1,0,1.0802411,1.0580361887076664,1.0209869109670584,False,False,False,99,0,False,False,0.016229769,0.016568841,99,0,False,False,31.85773462704176,33.000720757904254,99,0,False,False,33.565109,34.868446,99,0,False,False,11.523498333333313,11.608198333333712,False
B1c37,B1,0,1.0768065,1.0559461795515535,1.0197550981786834,False,False,False,99,0,False,False,0.016318144,0.016675115,99,0,False,False,32.74305088747728,34.023244050632854,99,0,False,False,35.548374,36.993626,99,0,False,False,11.523890000000028,11.611393333333156,False
B1c38,B1,0,1.0749754,1.048356374979488,1.0253911986952269,False,False,False,99,0,False,False,0.016066672,0.016367279,99,0,False,False,33.44877192974444,34.398442210380004,99,0,False,False,36.619118,37.995705,99,0,False,False,10.19055833333332,10.292221666666835,False
B1c39,B1,0,1.0847629,1.0606399212617932,1.022743796697289,False,False,False,99,0,False,False,0.016519627,0.01683517,99,0,False,False,33.302367387811664,34.222539419718395,99,0,False,False,36.749599,38.024876,99,0,False,False,10.190754999999383,10.275708333333265,False
B1c40,B1,0,1.0857353,1.0666380035340848,1.0179041965527578,False,False,False,99,0,False,False,0.016480761,0.016823037,99,0,False,False,33.29289748945509,34.14739648204664,99,0,False,False,37.195297,38.388569,99,0,False,False,12.053581666667014,12.138423333333533,False
B1c41,B1,0,1.0821686,1.0633824440313522,1.0176664153843167,False,False,False,99,0,False,False,0.016552322,0.016868001,99,0,False,False,32.89022783333322,33.84132145181812,99,0,False,False,36.347298,37.576675,99,0,False,False,12.053360000000005,12.138670000000275,False
B1c42,B1,0,1.0832821,1.0611455282377737,1.0208610140392222,False,False,False,99,0,False,False,0.016511114,0.016901791,99,0,False,False,33.35800053938824,34.46317240506331,99,0,False,False,36.976498,38.397423,99,0,False,False,11.136823333334178,11.225931666666778,False
B1c43,B1,0,1.0688359,1.0473234681301085,1.0205403894064362,False,False,False,99,0,False,False,0.015904058,0.016246699,99,0,False,False,33.13055117723881,34.311763580645014,99,0,False,False,36.216919,37.725166,99,0,False,False,11.136043333333388,11.22160500000003,False
B1c44,B1,0,1.0847102,1.0582734071909203,1.024981061254533,False,False,False,99,0,False,False,0.017142953,0.017589169,99,0,False,False,32.30420158156678,33.6422027099165,99,0,False,False,35.146301,36.804283,99,0,False,False,10.22021666666648,10.304883333333418,False
B1c45,B1,0,1.0858277,1.0565143977201454,1.0277452937159304,False,False,False,99,0,False,False,0.016382927,0.016865226,99,0,False,False,32.735706573937165,34.138789910599,99,0,False,False,36.013538,37.855122,99,0,False,False,10.220446666666733,10.305469999999938,False
B2c0,B2,0,1.1052729,1.0556440160649532,1.0470128975107014,False,True,True,99,0,False,False,0.017083954,0.017590752,99,0,False,False,31.415926421891033,32.22098085651713,99,0,False,False,34.261791,36.404427,99,0,False,False,10.17123166666667,10.175723333333735,False
B2c1,B2,0,1.1015422,1.0469207032449865,1.0521734803655245,False,False,True,99,0,False,False,0.017313389,0.01817438,99,0,False,False,32.89118368750365,33.84357171312329,99,0,False,False,35.75162077719039,37.4468,99,0,False,False,10.171570000000065,10.257113333333352,False
B2c2,B2,0,1.0728362,1.0258102992686386,1.0458426872540556,False,False,False,99,0,False,False,0.016255558,0.016859721,99,0,False,False,32.66131756028,33.479963418582415,99,0,False,False,36.825592,38.33985803206289,99,0,False,False,10.173333333333236,10.177569999999832,False
B2c3,B2,0,1.1003293,1.0583117162304474,1.0397024649025084,False,True,False,99,0,False,False,0.015764765,0.01629092,99,0,False,False,33.04200778784912,34.37961864284222,99,0,False,False,38.038235,39.422000644443116,99,0,False,False,10.171971666666893,10.174891666666614,False
B2c4,B2,0,1.0813601,1.0313053532366516,1.0485353310794483,False,False,False,99,0,False,False,0.01593901,0.017068394,99,0,False,False,32.43686536545101,33.55645691099679,99,0,False,False,36.6209899855315,38.209395652763355,99,0,False,False,10.149520000000484,10.272591666665782,False
B2c5,B2,0,1.0760076,1.0258167436628465,1.048927702386626,False,False,False,99,0,False,False,0.015142022,0.016014345,99,0,False,False,32.63883140949683,33.63336591172822,99,0,False,False,37.03873321983051,38.388368590154755,99,0,False,False,10.177048333333369,10.242031666665572,False
B2c6,B2,0,1.090597,1.0456856527211915,1.0429491856964237,False,True,False,99,0,False,False,0.015897563,0.016595399,99,0,False,False,32.997501115693694,34.41509951606967,99,0,False,False,39.380386,40.4669448483313,99,0,False,False,10.176524999999675,10.1812816666672,False
B2c7,B2,0,1.09727,1.0523426090591945,1.0426927414646556,False,True,True,99,0,False,False,0.014716571,0.014998153,99,0,False,False,33.09265703817965,34.19133492245269,99,0,False,False,36.576225,37.918381,99,0,False,False,10.03407999999957,10.040678333333926,False
B2c8,B2,0,1.0909338,1.0479489843697993,1.0410180421674344,False,False,False,99,0,False,False,0.016342103,0.016624823,99,0,False,False,33.04363927903742,33.946478820094626,99,0,False,False,34.74571139739283,36.451335340457405,99,0,False,False,10.03795666666653,10.044600000000113,False
B2c9,B2,0,1.0975486,1.0548282051811604,1.040499860175338,False,False,True,99,0,False,False,0.015197206,0.015598018,99,0,False,False,31.37816598686163,33.118462236375535,99,0,False,False,32.096527,35.00847845562602,99,0,False,False,10.023490000000068,10.041631666666945,False
B2c10,B2,0,1.1162933,1.0508659278038224,1.0622604372880493,False,True,True,99,0,False,False,0.016884135,0.017335583,99,0,False,False,31.380788894213524,31.9640311241299,99,0,False,False,33.43108999984014,35.078796,99,0,False,False,10.086493333332085,10.189141666666547,False
B2c11,B2,0,1.1086942,1.045808903956684,1.0601307713152923,False,True,True,99,0,False,False,0.016784718,0.017638493,99,0,False,False,32.28199799645514,33.93675083305151,99,0,False,False,36.613316,39.423817,99,0,False,False,10.172346666666757,10.180184999998891,False
B2c12,B2,0,1.1065857,1.0390452124454763,1.0650024529688766,False,True,True,99,0,False,False,0.016159201,0.017251369,99,0,False,False,30.62592972742348,32.00083197512348,99,0,False,False,32.70920845267531,35.747711,99,0,False,False,10.173428333333383,10.17747500000017,False
B2c13,B2,0,1.0951428,1.0303662442367216,1.0628675057297359,False,False,True,99,0,False,False,0.015610993,0.016970724,99,0,False,False,31.412116508819217,32.412618953944886,99,0,False,False,34.402645,36.19238897679291,99,0,False,False,10.198291666666531,10.235204999998677,False
B2c14,B2,0,1.0776343,1.0103029729458533,1.0666446886302048,False,False,True,99,0,False,False,0.015952863,0.017186515,99,0,False,False,31.735248298507436,32.50966752433833,99,0,False,False,34.572998,36.56760277779107,99,0,False,False,10.188053333334391,3934.7051666666666,False
B2c15,B2,0,1.0770745,1.0143594174637551,1.0618272788288927,False,True,False,99,0,False,False,0.016145013,0.017212247,99,0,False,False,32.652455154518464,33.06815573414788,99,0,False,False,35.477699,36.649116879455384,99,0,False,False,10.090539999999843,10.187401666666847,False
B2c16,B2,0,1.0940695,1.0533657992963013,1.0386415628178651,False,False,False,99,0,False,False,0.017414019,0.017776627,99,0,False,False,32.531609932788314,32.90359791481221,99,0,False,False,36.213661,37.601054318286856,99,0,False,False,10.169185000000288,10.174256666666285,False
B2c17,B2,0,1.0944375,1.055591795009978,1.0367999307816282,False,True,False,99,0,False,False,0.016950201,0.017503092,99,0,False,False,32.38178073215479,33.27681219684577,99,0,False,False,34.299175,35.36969,99,0,False,False,10.173661666666643,10.256706666667014,False
B2c18,B2,0,1.0858426,1.0460041555476844,1.0380863156623468,False,True,True,99,0,False,False,0.016488669,0.017179653,99,0,False,False,32.209753481306464,33.21656024979858,99,0,False,False,35.823204,36.964727535985794,99,0,False,False,10.172650000000916,10.175901666667778,False
B2c19,B2,0,1.0930592,1.042854534334899,1.0481415806444376,False,True,True,99,0,False,False,0.016542695,0.016931713,99,0,False,False,32.368933975638065,33.07421089506683,99,0,False,False,35.83588386058441,37.29125540144077,99,0,False,False,10.091778333333787,10.176683333333251,False
B2c20,B2,0,1.1038647,1.051628441859679,1.0496717814591885,False,True,True,99,0,False,False,0.016160993,0.01708124,99,0,False,False,32.83088893694032,34.31105059445413,99,0,False,False,35.923252,37.85651,99,0,False,False,10.171294999999615,3932.592796666666,False
B2c21,B2,0,1.1000447,1.049354469280866,1.0483061083771554,False,True,True,99,0,False,False,0.017071372,0.017412279,99,0,False,False,32.96524787647864,33.862287366213096,99,0,False,False,37.74208716302179,39.554886,99,0,False,False,10.172280000000077,10.176488333333205,False
B2c22,B2,1,1.0839342,1.0582316862168104,1.0242881725410022,False,False,False,99,0,True,False,0.021770682,0.021770682,99,0,False,False,30.91343258959885,34.72340033636196,99,0,False,False,37.03567891904012,38.540268,99,0,False,False,24.16815999999914,960.0854733333322,False
B2c23,B2,1,1.0753278,1.0617986445409302,1.012741733593867,False,False,True,99,0,True,False,0.021160889,0.021160889,99,0,False,False,30.65520094411443,34.411427146744614,99,0,False,False,35.027935,35.864387697699925,99,0,False,False,12.17004500000039,960.0515949999991,False
B2c24,B2,0,1.1019264,1.0446601743262323,1.0548180423463567,False,True,True,99,0,False,False,0.016424084,0.018285343,99,0,False,False,32.78123237884274,33.35820139755916,99,0,False,False,37.08859936287317,39.222355,99,0,False,False,10.168103333333177,10.173275000000043,False
B2c25,B2,0,1.1063702,1.0534000315863299,1.050284950470242,False,True,True,99,0,False,False,0.016576298,0.018564517,99,0,False,False,31.92786059105509,32.50665115060467,99,0,False,False,33.812508,35.15638,99,0,False,False,10.171348333333299,10.175423333334038,False
B2c26,B2,0,1.1065354,1.0392181073895244,1.0647768665035813,False,False,True,99,0,False,False,0.017513856,0.018412031,99,0,False,False,32.02557665876116,34.74887628091266,99,0,False,False,33.727785867696916,38.98082610957073,99,0,False,False,10.172106666666757,3933.121078333333,False
B2c27,B2,0,1.1031471,1.045845031565465,1.054790209548314,False,True,True,99,0,False,False,0.017410973,0.017801434,99,0,False,False,32.79524712031238,33.59260518916009,99,0,False,False,37.088142,39.292397,99,0,False,False,10.172933333334125,10.17856333333378,False
B2c28,B2,0,1.0995919,1.0362674490786066,1.0611082119559947,False,True,True,99,0,False,False,0.016122971,0.017149113,99,0,False,False,31.820860668214337,32.434079059738416,99,0,False,False,34.806871353030516,35.97005389341205,99,0,False,False,10.171025000000373,3933.7361466666666,False
B2c29,B2,0,1.1159806,1.0515269285098034,1.0612953123145774,False,True,True,99,0,False,False,0.016617509,0.016911158,99,0,False,False,31.565587330841858,31.92153684377415,99,0,False,False,33.587513,35.143738,99,0,False,False,10.171531666667821,10.175125000000117,False
B2c30,B2,0,1.092545,1.0257048617586921,1.0651650788967721,False,False,True,99,0,False,False,0.01667887,0.017830005,99,0,False,False,33.16137015674329,34.13452755339803,99,0,False,False,36.53985982973884,38.2883066025032,99,0,False,False,10.1739716666673,3933.4007583333337,False
B2c31,B2,0,1.1006228,1.0378448793393185,1.060488731900518,False,True,True,99,0,False,False,0.015888851,0.017027061,99,0,False,False,32.37276634569568,34.28296651768913,99,0,False,False,34.320602,37.238895,99,0,False,False,10.166629999999229,10.257450000000729,False
B2c32,B2,0,1.0874337,1.0440600377780442,1.041543264422095,False,False,False,99,0,False,False,0.014739397,0.016339961,99,0,False,False,31.8242107823664,32.3700850469932,99,0,False,False,33.53408033020773,34.753593,99,0,False,False,10.03900833333343,3933.4551883333334,False
B2c33,B2,0,1.0686773,1.0479795755402448,1.0197501219898157,False,False,False,99,0,False,False,0.014933125,0.015095364,99,0,False,False,32.46796923463387,33.057799280764335,99,0,False,False,33.7893025614035,35.019115,99,0,False,False,10.03675499999857,10.056469999999779,False
B2c34,B2,0,1.0644548,1.0470153882155575,1.016656308952789,False,False,False,99,0,False,False,0.014872484,0.015221281,99,0,False,False,35.31737304766907,36.11605103637264,99,0,False,False,38.25401579116698,39.697674,99,0,False,False,10.03911833333356,3934.1237716666665,False
B2c35,B2,1,1.0296415,1.0094400009191187,1.0200125803044138,False,False,False,99,0,True,False,0.020666521,0.020666521,99,0,False,False,31.09683468176208,37.23124828608998,99,0,False,False,37.028484,39.534397,99,0,False,False,8.046000000000156,959.8723566666672,False
B2c36,B2,1,1.0034419,0.9676103667745732,1.0370309521846768,False,False,False,99,0,True,False,0.02033557,0.02033557,99,0,False,False,31.062463892285425,39.500687748473354,99,0,False,False,39.015469,42.888380722662205,99,0,False,False,6.474444999999832,960.2771749999995,False
B2c37,B2,1,2.1673884,1.063111954672639,2.038720748528689,True,False,False,99,0,False,False,0.016990282,0.027307276,99,0,False,False,30.327728225505197,33.32046117607414,99,0,False,False,35.563614,39.1016536555162,99,0,False,False,13.503613333334215,480.3559083333336,False
B2c38,B2,1,2.1622672,1.0554753709836142,2.048619285152006,True,False,False,99,0,False,False,0.016356453,0.025906378,91,8,False,False,-8.657165653540657,73.5537788966189,99,0,True,False,400.0,400.0,99,0,False,False,10.086408333333384,480.3436683333343,True
B2c39,B2,1,2.1270139,1.0277017210564345,2.069680196519977,True,False,False,99,0,False,False,0.016586451,0.025266839,99,0,False,False,30.258042998811614,33.186613338460816,99,0,False,False,36.715382,38.63601253667498,99,0,False,False,10.090068333333086,480.3493683333334,False
B2c40,B2,1,2.1616216,1.047970995278701,2.062673117613461,True,False,True,0,99,False,True,0.0,0.0,99,0,False,False,30.341598272417755,32.605121067074286,99,0,False,False,35.73872677313257,37.46236706873202,99,0,False,False,10.170991666666426,3932.943618333333,False
B2c41,B2,0,1.108752,1.041482288501375,1.0645903557279133,False,True,True,0,99,False,True,0.0,0.0,99,0,False,False,29.233401142433014,31.340328774425895,99,0,False,False,30.02894882195531,34.98487001858617,99,0,False,False,10.172566666666535,3933.623046666667,False
B2c42,B2,0,1.1133598,1.0409602383699694,1.0695507464755813,False,True,True,0,99,False,True,0.0,0.0,99,0,False,False,31.226172748017316,32.25449822547921,99,0,False,False,34.734642,36.76044310987061,99,0,False,False,10.172896666666686,10.177431666666719,False
B2c43,B2,0,1.0966223,1.053767339764001,1.040668332200917,False,False,True,0,99,False,True,0.0,0.0,99,0,False,False,32.97215059357895,34.79963596705934,99,0,False,False,35.35804680436083,38.4212899272313,99,0,False,False,10.034655000000203,10.039461666666709,False
B2c44,B2,0,1.0974951,1.0561912740128998,1.0391063882114555,False,False,False,0,99,False,True,0.0,0.0,99,0,False,False,33.57534535028545,34.293947030774035,99,0,False,False,36.153274358201514,37.579971,99,0,False,False,10.039010000000417,3932.50703,False
B2c45,B2,0,1.0995457,1.059916684964072,1.037388801967271,False,False,False,0,99,False,True,0.0,0.0,99,0,False,False,34.85984591803312,35.54391880499814,99,0,False,False,37.449184,38.42024558425599,99,0,False,False,10.023244999999102,10.043775000000217,False
B2c46,B2,0,1.0998453,1.0543959451723703,1.0431046373383004,False,True,False,0,99,False,True,0.0,0.0,99,0,False,False,29.356555596300282,30.615660685382913,99,0,False,False,30.32559591994819,31.867259462197975,99,0,False,False,10.167883333332915,3933.8403033333334,False
B3c0,B3,0,1.0694544,1.0518110596075596,1.016774248788583,False,False,False,99,0,False,False,0.015180224,0.015398955,99,0,False,False,31.998853529279575,32.5298567788915,99,0,False,False,33.257191,33.974361,99,0,False,False,10.04055333333381,10.052676666666473,False
B3c1,B3,0,1.0664777,1.0496557502026298,1.016026158856485,False,False,False,99,0,False,False,0.014931546,0.015162034,99,0,False,False,34.591181827223586,35.19805729886823,99,0,False,False,37.43391293151932,38.707848,99,0,False,False,10.04006333333285,10.043931666666564,False
B3c2,B3,0,1.0606135,1.0461088220683656,1.013865362403651,False,False,False,99,0,False,False,0.014437579,0.01489381,99,0,False,False,35.95211235130107,37.602798797535996,99,0,False,False,39.49761471615167,41.645876083931206,99,0,False,False,10.040879999999985,10.050170000000314,False
B3c3,B3,0,1.0635946,1.0478284199321781,1.015046528389488,False,False,False,99,0,False,False,0.014885032,0.01506798,99,0,False,False,35.767692022743546,36.4142385887206,99,0,False,False,38.92644024403764,40.076626,99,0,False,False,10.040026666666382,10.048833333334187,False
B3c4,B3,0,1.0738586,1.0557667200617888,1.0171362476145795,False,False,False,99,0,False,False,0.015085269,0.015246842,99,0,False,False,31.86178263702605,32.45180501433001,99,0,False,False,32.60164967465904,33.39357830787951,99,0,False,False,10.041718333333847,10.046983333333628,False
B3c5,B3,0,1.0518515,1.0328836709694316,1.0183639547837617,False,False,False,99,0,False,False,0.015130546,0.015374157,99,0,False,False,35.01898500010497,36.48104245332522,99,0,False,False,39.128651,40.19554382518285,99,0,False,False,10.039908333333248,10.043693333333552,False
B3c6,B3,0,1.04378,1.0250948393192916,1.0182277385116056,False,False,False,99,0,False,False,0.013527169,0.013858472,99,0,False,False,33.63793138090202,34.692612457270776,99,0,False,False,36.33948354054216,37.461433,99,0,False,False,10.058943333333202,10.119386666666832,False
B3c7,B3,0,1.0684743,1.0525738038423806,1.0151063004794298,False,False,False,99,0,False,False,0.015372629,0.015535541,99,0,False,False,32.62100410108906,33.15155088982042,99,0,False,False,33.90802559849696,34.60008198094648,99,0,False,False,11.035356666666242,11.056544999999945,False
B3c8,B3,0,1.067026,1.0482918978101465,1.017871074105398,False,False,False,99,0,False,False,0.01520093,0.015438134,99,0,False,False,32.839802816488366,33.40101791366311,99,0,False,False,34.676776096410094,35.5458971642776,99,0,False,False,10.041443333333397,10.049093333333197,False
B3c9,B3,0,1.0724456,1.0520658998565058,1.019371125084725,False,False,False,99,0,False,False,0.015742281,0.015903223,99,0,False,False,32.87884640065013,33.518088130947284,99,0,False,False,34.60389607627136,35.6854391223452,99,0,False,False,10.024794999999964,10.043338333333184,False
B3c10,B3,0,1.0623909,1.0456689483123611,1.0159916307303827,False,False,False,99,0,False,False,0.015318613,0.015551002,99,0,False,False,32.33873469239691,32.84450815447289,99,0,False,False,34.48403893556191,35.20887742320281,99,0,False,False,11.03672000000006,11.070910000000003,False
B3c11,B3,0,1.0682998,1.0480780756204933,1.0192941011265166,False,False,False,99,0,False,False,0.015485173,0.015608084,99,0,False,False,33.95410396945013,34.68794069183384,99,0,False,False,36.911451941649055,38.22832463770115,99,0,False,False,10.040066666666341,10.048581666667209,False
B3c12,B3,0,1.0755343,1.0553661992903316,1.0191100498795869,False,False,False,99,0,False,False,0.01599754,0.016139418,99,0,False,False,32.99061165504812,33.5821573886437,99,0,False,False,34.852203,36.11585579982815,99,0,False,False,10.040389999999995,10.04386999999988,False
B3c13,B3,0,1.067306,1.0481054983616735,1.0183192452175276,False,False,False,99,0,False,False,0.01506449,0.015250437,99,0,False,False,33.74517892312127,34.49678394824356,99,0,False,False,36.526283,37.80334001741199,99,0,False,False,10.039300000000123,10.044450000000264,False
B3c14,B3,0,1.0763919,1.056715457099882,1.018620379561892,False,False,False,99,0,False,False,0.015496999,0.015668793,99,0,False,False,32.880465299003,33.463742583404866,99,0,False,False,34.827866,36.101499457512425,99,0,False,False,10.040386666666988,10.043568333333436,False
B3c15,B3,0,1.0693594,1.049402790430937,1.0190171112093838,False,False,False,99,0,False,False,0.01525728,0.015417448,99,0,False,False,33.14640581987665,33.88537955970563,99,0,False,False,36.092068,37.344582,99,0,False,False,10.039749999999913,10.04381999999993,False
B3c16,B3,0,1.0625579,1.0465679932073928,1.015278421370028,False,False,False,99,0,False,False,0.015253145,0.015453937,99,0,False,False,34.69647601781169,35.2875777718451,99,0,False,False,37.44658685738523,38.21816186151848,99,0,False,False,11.024205000000075,11.058390000000024,False
B3c17,B3,0,1.0664585,1.0505472282083363,1.0151456987029508,False,False,False,99,0,False,False,0.01535425,0.018645791,99,0,False,False,33.94106596021177,35.68559637339159,99,0,False,False,36.96913756563764,38.138309,99,0,False,False,10.026789999999648,10.044129999999617,False
B3c18,B3,0,1.0670015,1.050211553525223,1.0159872041194162,False,False,False,99,0,False,False,0.014978203,0.015098186,99,0,False,False,34.99382175855546,35.697249257813795,99,0,False,False,37.582333,38.518787,99,0,False,False,10.041461666666631,10.044616666667086,False
B3c19,B3,0,1.0708553,1.0530596249788733,1.0168990193897935,False,False,False,99,0,False,False,0.015178323,0.015555796,99,0,False,False,34.803046859558,35.48162735438807,99,0,False,False,37.320927,38.401493,99,0,False,False,10.04121499999989,10.046208333333682,False
B3c20,B3,0,1.0664401,1.0474752673311665,1.0181052796761048,False,False,False,99,0,False,False,0.015206913,0.015409848,99,0,False,False,32.879139986385674,33.509004120340535,99,0,False,False,35.311409,36.232254,99,0,False,False,10.042081666666975,10.0532249999999,False
B3c21,B3,0,1.0538316,1.035543289792905,1.0176605945761594,False,False,False,99,0,False,False,0.01394002,0.014178332,99,0,False,False,34.48911505519451,35.39033568219107,99,0,False,False,37.52780819751312,38.317612,99,0,False,False,10.061818333333456,10.11326500000044,False
B3c22,B3,0,1.0569046,1.0373206613465495,1.0188793488679078,False,False,False,99,0,False,False,0.015614755,0.015852775,99,0,False,False,34.26839457193657,35.049037047032144,99,0,False,False,37.092411,37.97354076473168,99,0,False,False,10.02550999999997,10.044803333333887,False
B3c23,B3,0,1.0669227,1.0496367568768363,1.0164685001834324,False,False,False,99,0,False,False,0.015194215,0.015350789,99,0,False,False,34.661729457036444,35.21610991806165,99,0,False,False,37.869362,38.5191,99,0,False,False,11.034686666666433,11.05499833333403,False
B3c24,B3,0,1.050084,1.032246751830935,1.0172800235383899,False,False,False,99,0,False,False,0.01550305,0.015751192,99,0,False,False,34.46042874080388,35.03293434728408,99,0,False,False,36.798317,37.871063,99,0,False,False,10.040130000000257,10.045090000000103,False
B3c25,B3,0,1.0643663,1.046532202866252,1.017041135556941,False,False,False,99,0,False,False,0.015591009,0.015752004,99,0,False,False,35.35936612064928,35.920397850007554,99,0,False,False,38.329975,39.595110804534556,99,0,False,False,10.025970000000477,10.046241666666658,False
B3c26,B3,0,1.074435,1.0565409128053431,1.0169364829868672,False,False,False,99,0,False,False,0.015538619,0.015693368,99,0,False,False,35.47844957267843,36.078890558275106,99,0,False,False,38.74163302662544,39.786995,99,0,False,False,10.040856666666999,10.044626666666591,False
B3c27,B3,0,1.0627574,1.0453839725255196,1.0166191829328588,False,False,False,99,0,False,False,0.014868693,0.015073455,99,0,False,False,35.04402991082508,35.65408523837473,99,0,False,False,37.853088,38.98098,99,0,False,False,10.043146666667115,10.046764999999626,False
B3c28,B3,0,1.0340093,1.013565463074487,1.0201702185702932,False,False,False,99,0,False,False,0.013169404,0.013605327,99,0,False,False,35.30096986246136,36.18769104859217,99,0,False,False,39.233108764548945,39.85648636436463,99,0,False,False,10.041436666666657,10.14409666666664,False
B3c29,B3,0,1.0696349,1.0498255963276326,1.018869137637396,False,False,False,99,0,False,False,0.014745088,0.014962286,99,0,False,False,31.002613538642414,31.561119005290006,99,0,False,False,31.461443,31.999889,99,0,False,False,10.039976666666917,10.056044999999964,False
B3c30,B3,0,1.0710108,1.0534807005427491,1.0166401714319204,False,False,False,99,0,False,False,0.015509814,0.015732529,99,0,False,False,32.042556612181926,32.569275339554544,99,0,False,False,33.63328143973401,34.756857996430846,99,0,False,False,10.027135000000028,10.044550000000163,False
B3c31,B3,0,1.0698149,1.0489287890529544,1.019911848320898,False,False,False,99,0,False,False,0.015812302,0.015983483,99,0,False,False,33.716604467019614,34.3547561918923,99,0,False,False,36.32536182537691,37.242977,99,0,False,False,10.029231666666844,10.048216666666365,False
B3c32,B3,0,1.0733908,1.0580989605666438,1.0144521826438304,False,False,False,99,0,False,False,0.015263474,0.015545605,99,0,False,False,35.05435710351588,35.89903071725052,99,0,False,False,37.65030605260015,38.663817380662245,99,0,False,False,11.021603333334012,11.055375000000156,False
B3c33,B3,0,1.0609198,1.0446630324944792,1.0155617333052385,False,False,False,99,0,False,False,0.015279103,0.015512635,99,0,False,False,32.86878091519006,33.432665965833635,99,0,False,False,34.03369277678369,34.695709,99,0,False,False,10.04203833333304,10.045731666666688,False
B3c34,B3,0,1.0615493,1.0445139309969627,1.0163093746263179,False,False,False,99,0,False,False,0.015220164,0.015438841,99,0,False,False,35.479451378429054,36.130207661708205,99,0,False,False,38.486091801591414,39.49040963165045,99,0,False,False,10.027009999999912,10.045091666666606,False
B3c35,B3,0,1.0632331,1.046574784062918,1.0159169857622716,False,False,False,99,0,False,False,0.015308049,0.01549053,99,0,False,False,35.20802981303255,35.929607880527264,99,0,False,False,38.119133,39.086731,99,0,False,False,10.042409999999897,10.044661666666313,False
B3c36,B3,0,1.0577667,1.0406217690493897,1.0164756604758252,False,False,False,99,0,False,False,0.015083324,0.015275053,99,0,False,False,35.593412343286666,36.24313701402739,99,0,False,False,38.930885,39.893036,99,0,False,False,10.04232333333348,10.044748333333215,False
B3c37,B3,0,1.0483961,1.0334300932522724,1.0144818762734387,False,False,False,99,0,False,False,0.01243343,0.015105647,99,0,False,False,32.50627536307353,35.75186084255455,99,0,False,False,37.539604,38.20889912669421,99,0,False,False,11.037473333333036,11.03980833333335,False
B3c38,B3,0,1.0710695,1.0534360740771516,1.0167389615343254,False,False,False,99,0,False,False,0.015742945,0.015988033,99,0,False,False,34.345505149638996,35.13555686929482,99,0,False,False,37.184914,38.268311,99,0,False,False,10.042595000000437,10.05276833333337,False
B3c39,B3,0,1.0495038,1.0343202329804277,1.0146797544275243,False,False,False,99,0,False,False,0.015480768,0.015740704,99,0,False,False,33.569883888758476,34.23797454747976,99,0,False,False,35.634205,36.491322,99,0,False,False,10.026743333333677,10.044561666666414,False
B3c40,B3,0,1.0617574,1.043760084011978,1.0172427708854743,False,False,False,99,0,False,False,0.015254971,0.015561919,99,0,False,False,33.662682568368645,34.63881062704304,99,0,False,False,36.918242398420354,38.358112,99,0,False,False,10.041983333332853,10.05444666666687,False
B3c41,B3,0,1.0541531,1.0379383041682673,1.0156221191246295,False,False,False,99,0,False,False,0.017006677,0.01854171,99,0,False,False,33.3944242723719,33.99743721880324,99,0,False,False,36.107761,37.245838,99,0,False,False,10.041863333332973,10.047905000000416,False
B3c42,B3,0,1.0689646,1.0527107767017885,1.0154399704628614,False,False,False,99,0,False,False,0.015753616,0.016376682,99,0,False,False,32.59817227792929,34.04851615450846,99,0,False,False,34.933067,37.087307,99,0,False,False,11.037019999999513,11.049676666666832,False
B3c43,B3,0,1.0724185,1.0549536054645243,1.0165551304294422,False,False,False,99,0,False,False,0.015550403,0.016024416,99,0,False,False,33.12399877078902,35.08478558900868,99,0,False,False,35.89484320170466,38.634735,99,0,False,False,10.04253833333302,10.044923333333282,False
B3c44,B3,0,1.0729284,1.0546022941485977,1.0173772671964432,False,False,False,99,0,False,False,0.01551657,0.015722955,99,0,False,False,33.043061784916794,33.7350708671305,99,0,False,False,35.899349,36.881859,99,0,False,False,10.026366666666581,10.044543333333179,False
B3c45,B3,0,1.0711251,1.0534201217148476,1.016807138880479,False,False,False,99,0,False,False,0.015557319,0.015742011,99,0,False,False,32.522653078288265,33.0481678928074,99,0,False,False,34.26325514018598,35.085537,99,0,False,False,11.035215000000123,11.056529999999718,False
