variant,MAPE_mean_percent,MAPE_repeat_sd,delta_MAPE_mean_pp,delta_MAPE_repeat_sd,MAE_mean_cycles,RMSE_mean_cycles
baseline2,7.1841006502042495,0.21885606303606828,0.0,0.0,60.32086582482637,78.74675472120431
baseline3,7.291693687931889,0.7088001915026444,0.0,0.0,59.416719958989916,75.57348675272333
baseline2+capacity_q100_q10_change_relative,8.064107795547212,0.49520745454729287,0.8800071453429631,0.6661283554270836,64.15313344666637,78.70179399913513
baseline2+capacity_theilsen_10_100_relative,7.200407014621295,0.3142172958806834,0.01630636441704514,0.5096331235085096,58.50789313452424,73.41791548262161
baseline2+capacity_theilsen_60_100_relative,8.884146960880615,0.34594622501078537,1.7000463106763668,0.3448445072013978,67.96947862353299,87.189909226417
baseline2+dq100_10_q05_ah,7.1373882659681875,0.2725053185155551,-0.046712384236061645,0.47837087243837334,59.30722598838301,78.15529040422223
baseline2+dq100_10_mean_v2p0_2p4_ah,7.894108899920687,1.0962804255280103,0.7100082497164385,0.9739275734481248,64.65426822572884,82.41996423148665
baseline2+dq100_10_mean_ah,7.192484392566198,0.05730791114548757,0.008383742361949054,0.1998806094699293,59.47464347349942,77.62485170652765
baseline2+tavg_theilsen_10_100_degC_per_cycle,7.61341757692517,0.7190224755744604,0.42931692672092164,0.6011045817810444,62.45691129506067,80.83218953285187
baseline2+ir_change_91_100_vs_2_10_relative,7.761050782526489,0.25879106009180497,0.57695013232224,0.2143132600086934,63.415414276285276,79.21183949453115
baseline2+tavg_median_2_100_degC,7.73350032463668,0.4090065000990854,0.5493996744324298,0.2738765618766858,64.7525235895091,83.03405798937216
baseline2+chargetime_median_2_100_minutes,7.120163777763928,0.2941367789820171,-0.06393687244032116,0.14123630063546108,58.756880737447624,76.28884405684532
baseline3+capacity_q100_q10_change_relative,7.406614847356068,0.7857704194736274,0.11492115942418035,0.09523668698717434,60.118569799183966,76.92367681957727
baseline3+capacity_theilsen_10_100_relative,7.636983451238759,0.3834932274671122,0.3452897633068712,0.41475837381440783,60.960100493158144,76.22583214674604
baseline3+capacity_theilsen_60_100_relative,8.53131814731683,0.09759251451698754,1.2396244593849406,0.6201577869992435,66.11025524038388,82.22914023813831
baseline3+dq100_10_q05_ah,7.9436135870131865,0.7181717727676553,0.6519198990812983,0.6921963657905842,65.53304898432278,88.62215372252814
baseline3+dq100_10_mean_v2p0_2p4_ah,7.936960301279465,0.7885894557164825,0.6452666133475766,1.074469196836344,64.58001119146572,83.55149821147712
baseline3+dq100_10_mean_ah,8.359368951269401,1.0053493272014387,1.067675263337512,1.0969852965210427,69.14838278188674,95.33264704808084
baseline3+tavg_theilsen_10_100_degC_per_cycle,7.690654992691058,0.7757291164292299,0.3989613047591698,0.3378732186609155,61.760537725380765,78.9022772945908
baseline3+ir_change_91_100_vs_2_10_relative,7.906135062910945,0.7062626688490555,0.6144413749790566,0.7128105583127229,63.61948236894805,83.34393782723589
baseline3+tavg_median_2_100_degC,7.849172311770552,0.7178137244331038,0.557478623838664,0.4443449987829646,63.49688583120278,79.66860184854924
baseline3+chargetime_median_2_100_minutes,7.417651002195875,0.8969199475137549,0.12595731426398604,0.5636888847987562,60.0819047994549,78.80672196542208
baseline2_inner_select_candidate,7.423920913812343,0.49736485731986074,0.2398202636080947,0.6940240747637614,60.582961590263686,76.85586713182595
baseline3_inner_select_candidate,8.971733375874779,1.7764377792336847,1.6800396879428907,1.901039219501076,72.55370304330303,99.4737709451375
