window_cycles,batch,side,signal,pearson_r_median,pearson_r_n_cells,spearman_rho_median,spearman_rho_n_cells,linear_cycle_detrended_pearson_r_median,linear_cycle_detrended_pearson_r_n_cells
50,B1,after,chargetime,-0.3324132817788506,44,-0.42583433373349333,44,-0.1931062959611682,44
50,B1,after,ir,-0.5948702778045469,44,-0.6381752701080432,44,-0.39486350278203697,44
50,B1,after,qd_qc_ratio,0.5102963259611129,44,0.7644657863145258,44,0.15288588933672548,44
50,B1,after,tavg,-0.03414586473522621,44,-0.0814405762304922,44,0.35657027178698913,44
50,B1,after,tmax,-0.10616860547653756,44,-0.14789915966386555,44,0.3879133165863944,44
50,B1,before,chargetime,-0.06250626846833941,44,-0.07928548065236929,44,-0.10696495372647685,44
50,B1,before,ir,-0.5766698995864822,44,-0.576422569027611,44,-0.4632139458247073,44
50,B1,before,qd_qc_ratio,0.3426888545958154,44,0.5326770708283313,44,0.17746698962877144,44
50,B1,before,tavg,-0.036657839971018374,44,-0.10237695078031211,44,0.3761540783717502,44
50,B1,before,tmax,-0.09389142692220244,44,-0.1551500600240096,44,0.39277502159455224,44
50,B2,after,chargetime,-0.9837202849954287,39,-0.9887635054021608,39,-0.6864104027619329,39
50,B2,after,ir,-0.9574110451546932,33,-0.9649459783913565,33,-0.23410651285739187,33
50,B2,after,qd_qc_ratio,0.9218055703667294,39,0.9216326530612244,39,0.7244917759266838,39
50,B2,after,tavg,-0.1834481093034695,39,-0.211812725090036,39,0.05451633698428006,39
50,B2,after,tmax,-0.2916586860773094,39,-0.3048739495798319,39,-0.006139920277213884,39
50,B2,before,chargetime,-0.9552550432422997,39,-0.9650420168067226,39,-0.2722433001560696,39
50,B2,before,ir,-0.854569772587783,33,-0.8436494597839136,33,-0.11942779838785728,33
50,B2,before,qd_qc_ratio,0.7553455939886922,39,0.7428091236494596,39,0.8149377193484222,39
50,B2,before,tavg,-0.21018967192220567,39,-0.24465786314525811,39,0.026345333209503538,39
50,B2,before,tmax,-0.16711134263709768,39,-0.23303721488595439,39,-0.006389047406746357,39
50,B3,after,chargetime,-0.9914864558455204,46,-0.9969747899159663,46,-0.7558035981876443,46
50,B3,after,ir,-0.8488048507970546,46,-0.8458103241296517,46,0.06408469632112195,46
50,B3,after,qd_qc_ratio,0.5401572954324172,46,0.7393517406962785,46,0.17168530132048518,46
50,B3,after,tavg,-0.06113069615766181,46,-0.06396158463385354,46,-0.0837783434609389,46
50,B3,after,tmax,0.038596696215851614,46,0.09330132052821127,46,-0.012019569937346854,46
50,B3,before,chargetime,-0.9772677981600972,46,-0.9872749099639856,46,-0.5065493509952375,46
50,B3,before,ir,-0.7662329825170591,46,-0.7132292917166866,46,-0.21630921236362183,46
50,B3,before,qd_qc_ratio,0.3355149013264364,46,0.4851860744297719,46,0.2541414379617103,46
50,B3,before,tavg,0.3023228111389418,46,0.3387755102040816,46,0.2172181231821636,46
50,B3,before,tmax,0.23803104990011925,46,0.23087635054021607,46,0.18775168336417744,46
100,B1,after,chargetime,-0.7717938721912768,44,-0.7373957395739573,44,-0.3740214555702794,44
100,B1,after,ir,-0.8102394524799736,44,-0.7972937293729372,44,-0.39673411499392386,44
100,B1,after,qd_qc_ratio,0.7175977664787979,44,0.8871947194719472,44,0.12303704151343006,44
100,B1,after,tavg,-0.07227723338202652,44,-0.13645964596459645,44,0.19507229317361524,44
100,B1,after,tmax,-0.029946076112538612,44,-0.1138253825382538,44,0.2103678584391637,44
100,B1,before,chargetime,-0.04853057794066251,44,-0.07033066604544765,44,-0.05995919328193751,44
100,B1,before,ir,-0.661605613355142,44,-0.6776717671767176,44,-0.4080495029230161,44
100,B1,before,qd_qc_ratio,0.38492016533949774,44,0.6919231923192319,44,0.1926184382591556,44
100,B1,before,tavg,-0.02655490998579778,44,-0.11126030306980761,44,0.2842183353147551,44
100,B1,before,tmax,-0.05465052815265904,44,-0.15737173717371739,44,0.34407265341705984,44
100,B2,after,chargetime,-0.96025857113066,37,-0.9979357935793578,37,-0.8843905626849233,37
100,B2,after,ir,-0.9908601987286242,31,-0.9918151815181516,31,-0.7947502491103895,31
100,B2,after,qd_qc_ratio,0.9813220534630462,37,0.9840264026402639,37,0.8216841667855945,37
100,B2,after,tavg,-0.04552064067237367,37,-0.01615361536153615,37,0.12325093080078006,37
100,B2,after,tmax,-0.16987751617637883,37,-0.18256225622562253,37,0.10803380240085816,37
100,B2,before,chargetime,-0.9680200423262916,37,-0.9749294929492948,37,-0.628720472636348,37
100,B2,before,ir,-0.9280639702239333,31,-0.9320612061206118,31,-0.2310750098250798,31
100,B2,before,qd_qc_ratio,0.8421892857032214,37,0.8480888088808879,37,0.7855476384976416,37
100,B2,before,tavg,-0.36190272836675225,37,-0.37251725172517247,37,0.02803045261826005,37
100,B2,before,tmax,-0.4002894430509135,37,-0.4314551455145514,37,0.03606191254285187,37
100,B3,after,chargetime,-0.9861495087353969,46,-0.9995319531953195,46,-0.9678269203154504,46
100,B3,after,ir,-0.9653288897035228,46,-0.9685043045324069,46,-0.6530448664200366,46
100,B3,after,qd_qc_ratio,0.8585890254433259,46,0.923108310831083,46,0.2033344456874875,46
100,B3,after,tavg,-0.4726644510548135,46,-0.46139813981398137,46,-0.35819774873484916,46
100,B3,after,tmax,-0.21201685704810871,46,-0.22703870387038702,46,-0.2588209321702988,46
100,B3,before,chargetime,-0.9743634719426498,46,-0.9824421904381817,46,-0.7869073233738032,46
100,B3,before,ir,-0.6378414725378734,46,-0.558019801980198,46,-0.2526725389754355,46
100,B3,before,qd_qc_ratio,0.41579201523782916,46,0.6135793579357935,46,0.1833321281902032,46
100,B3,before,tavg,0.046251043953933785,46,0.034563456345634555,46,0.2057176602495612,46
100,B3,before,tmax,-0.018294681590520532,46,-0.028667966662102147,46,0.21183912843857747,46
