scope,batch,life_group,n,mean,median,min,max,sd,variance,mad,iqr,log10_n,log10_mean,log10_median,log10_min,log10_max,log10_sd,log10_variance,log10_mad,log10_iqr,role
batch,B1,long_>1000,10,1120.9,1125.5,1014.0,1227.0,86.5286721908473,7487.211111111111,73.0,135.5,10,3.0483978778428824,3.0508903721034857,3.0060379549973173,3.088844562727004,0.03361702410962726,0.0011301043099872607,0.028668708651100605,0.05262648257785685,
batch,B1,mid_500_1000,36,768.0,772.5,534.0,966.0,118.55366476229838,14054.971428571429,100.5,190.5,36,2.8800846878076616,2.887811048494814,2.727541257028556,2.9849771264154934,0.06953144812928636,0.004834622278955639,0.05320063089853555,0.10726168333328712,
batch,B2,long_>1000,3,1118.3333333333333,1140.0,1029.0,1186.0,80.71142009240907,6514.333333333334,46.0,78.5,3,3.0478016383757165,3.0569048513364727,3.012415374762433,3.074084689028244,0.0318265210973568,0.0010129274451604973,0.017179837691771116,0.030834657132905008,
batch,B2,mid_500_1000,8,767.0,800.0,503.0,997.0,174.55658108475888,30470.0,72.5,145.5,8,2.8735920890683744,2.9030625025549743,2.7015679850559273,2.998695158311656,0.10902156681100417,0.011885702029926245,0.03741971058166338,0.08708256061777053,
batch,B2,short_<500,28,449.0357142857143,449.5,392.0,499.0,32.43053218788458,1051.739417989418,24.5,49.25,28,2.6511715657600656,2.6527294273893336,2.593286067020457,2.6981005456233897,0.031739330191252746,0.001007385080989368,0.023830162812818356,0.04764517998816853,
batch,B3,long_>1000,23,1271.4782608695652,1155.0,1002.0,1935.0,291.9735152318408,85248.53359683795,116.0,297.0,23,3.0945990073108938,3.062581984228163,3.0008677215312267,3.28668096935493,0.09113071679377321,0.0083048075433469,0.04596643667098599,0.10752300295443362,
batch,B3,mid_500_1000,21,827.6666666666666,828.0,541.0,989.0,99.61492525386612,9923.133333333333,42.0,80.0,21,2.9144934166725185,2.9180303367848803,2.7331972651065692,2.9951962915971793,0.057168020154751815,0.00326818252841411,0.022607790745472478,0.041591038430411675,
role,B1,long_>1000,7,1094.7142857142858,1054.0,1014.0,1227.0,92.45487960029347,8547.904761904761,37.0,116.0,7,3.038020221299681,3.022840610876528,3.0060379549973173,3.088844562727004,0.0356951177932473,0.0012741414342738002,0.015519657953783295,0.045285541297472864,train
role,B1,mid_500_1000,28,762.4285714285714,772.5,534.0,966.0,126.81495079852276,16082.031746031747,112.5,226.5,28,2.876128782730949,2.887811048494814,2.727541257028556,2.9849771264154934,0.07484277164524357,0.005601440467542075,0.05912224106050923,0.13071993269093563,train
role,B1,long_>1000,3,1182.0,1179.0,1177.0,1190.0,7.0,49.0,2.0,6.5,3,3.0726124097770184,3.071513805095089,3.0707764628434346,3.0755469613925306,0.0025679979141538995,6.594613287098778e-06,0.0007373422516545602,0.0023852492745479736,valid
role,B1,mid_500_1000,8,787.5,765.0,691.0,917.0,87.66657613611115,7685.428571428572,68.0,150.0,8,2.8939303555761553,2.883465061384291,2.8394780473741985,2.962369335670021,0.04781077259488746,0.002285869976120042,0.04024837518727997,0.08270900742810028,valid
role,B2,long_>1000,3,1118.3333333333333,1140.0,1029.0,1186.0,80.71142009240907,6514.333333333334,46.0,78.5,3,3.0478016383757165,3.0569048513364727,3.012415374762433,3.074084689028244,0.0318265210973568,0.0010129274451604973,0.017179837691771116,0.030834657132905008,test_b2
role,B2,mid_500_1000,8,767.0,800.0,503.0,997.0,174.55658108475888,30470.0,72.5,145.5,8,2.8735920890683744,2.9030625025549743,2.7015679850559273,2.998695158311656,0.10902156681100417,0.011885702029926245,0.03741971058166338,0.08708256061777053,test_b2
role,B2,short_<500,28,449.0357142857143,449.5,392.0,499.0,32.43053218788458,1051.739417989418,24.5,49.25,28,2.6511715657600656,2.6527294273893336,2.593286067020457,2.6981005456233897,0.031739330191252746,0.001007385080989368,0.023830162812818356,0.04764517998816853,test_b2
role,B3,long_>1000,23,1271.4782608695652,1155.0,1002.0,1935.0,291.9735152318408,85248.53359683795,116.0,297.0,23,3.0945990073108938,3.062581984228163,3.0008677215312267,3.28668096935493,0.09113071679377321,0.0083048075433469,0.04596643667098599,0.10752300295443362,test_b3
role,B3,mid_500_1000,21,827.6666666666666,828.0,541.0,989.0,99.61492525386612,9923.133333333333,42.0,80.0,21,2.9144934166725185,2.9180303367848803,2.7331972651065692,2.9951962915971793,0.057168020154751815,0.00326818252841411,0.022607790745472478,0.041591038430411675,test_b3
all_batches,,long_>1000,36,1216.888888888889,1150.5,1002.0,1935.0,247.59988204218027,61305.701587301584,101.0,186.75,36,3.077865579491848,3.060883300929767,3.0008677215312267,3.28668096935493,0.07796294186637559,0.006078220304459859,0.03990130159179195,0.07103521808300473,
all_batches,,mid_500_1000,65,787.1538461538462,816.0,503.0,997.0,122.12957140487501,14915.632211538463,81.0,172.0,65,2.890402264980703,2.9116901587538613,2.7015679850559273,2.998695158311656,0.0724629584679541,0.005250880349928441,0.04128625347483439,0.09493144702596856,
all_batches,,short_<500,28,449.0357142857143,449.5,392.0,499.0,32.43053218788458,1051.739417989418,24.5,49.25,28,2.6511715657600656,2.6527294273893336,2.593286067020457,2.6981005456233897,0.031739330191252746,0.001007385080989368,0.023830162812818356,0.04764517998816853,
