scope,batch,life_group,n_cells,qd_median_within_cell_variance_ah2,qd_median_pointwise_between_cell_variance_ah2,qd_variance_of_cell_early_means_ah2,dq_median_within_curve_variance_ah2,dq_median_pointwise_between_cell_variance_ah2
batch,B1,long_>1000,10,1.0744467812873665e-06,1.2251408082333184e-05,7.912687287759178e-06,5.12163369395804e-05,1.600522069103763e-05
batch,B1,mid_500_1000,36,6.825618283292113e-07,6.777047001735695e-05,6.77577987340972e-05,0.00016369907073276058,4.850483952322127e-05
batch,B2,long_>1000,3,1.0423133432908635e-05,0.000299367572143333,0.00029905173480568797,5.353682146929603e-05,7.236820008577734e-06
batch,B2,mid_500_1000,8,5.987469765057729e-06,2.4080320144107405e-05,2.19447997924391e-05,7.041166400973575e-05,5.099963280975852e-05
batch,B2,short_<500,28,9.259458343124028e-06,9.967504101972222e-05,9.798866811104632e-05,0.00035839194097309247,8.913642460224653e-05
batch,B3,long_>1000,23,4.2570208210470184e-07,4.7416069063833857e-05,4.73769934330211e-05,4.8271021766209893e-05,9.433357615002153e-06
batch,B3,mid_500_1000,21,4.920444313007573e-07,7.992505093990506e-05,7.92379552394838e-05,8.102718559186449e-05,4.882712579646093e-05
all_batches,,long_>1000,36,5.076500805988461e-07,0.00010523018551380131,0.00010557294512300073,4.889518997431146e-05,1.1501137774196759e-05
all_batches,,mid_500_1000,65,6.65149787606675e-07,0.0001738251254574665,0.00017297170898838266,0.00011175471070011387,4.998217688633634e-05
all_batches,,short_<500,28,9.259458343124028e-06,9.967504101972222e-05,9.798866811104632e-05,0.00035839194097309247,8.913642460224653e-05
