model,cell_key,actual_cycle_life,predicted_cycle_life
OLS_delta_only,B1c5,1074.0,977.8250359066376
OLS_delta_only,B1c6,636.0,771.0142127730904
OLS_delta_only,B1c7,870.0,796.1362349624716
OLS_delta_only,B1c9,1054.0,934.6960815517858
OLS_delta_only,B1c11,788.0,1039.2496863344973
OLS_delta_only,B1c16,862.0,993.0896329532247
OLS_delta_only,B1c17,857.0,896.9888543190928
OLS_delta_only,B1c20,534.0,584.0360322651669
OLS_delta_only,B1c21,559.0,577.3686091365728
OLS_delta_only,B1c23,1014.0,894.7864912505657
OLS_delta_only,B1c24,1017.0,837.9398567721172
OLS_delta_only,B1c25,854.0,887.3959831286593
OLS_delta_only,B1c26,870.0,789.7790684558028
OLS_delta_only,B1c27,842.0,826.6672827924926
OLS_delta_only,B1c30,709.0,757.7303840938166
OLS_delta_only,B1c31,876.0,775.9370652775358
OLS_delta_only,B1c32,731.0,695.1714113544898
OLS_delta_only,B1c33,757.0,706.5363679811954
OLS_delta_only,B1c36,704.0,715.9594864469523
OLS_delta_only,B1c37,648.0,718.4436759508004
OLS_delta_only,B1c38,617.0,610.742786082222
OLS_delta_only,B1c39,625.0,641.1379757058
OLS_delta_only,B1c40,966.0,903.1170254639154
OLS_delta_only,B1c41,1051.0,912.6284343186028
OLS_delta_only,B1c42,702.0,715.9830275023178
OLS_delta_only,B1c43,651.0,716.9735025335856
OLS_delta_only,B1c44,616.0,581.9517492673592
OLS_delta_only,B1c45,599.0,584.0599071000318
OLS_two_features,B1c5,1074.0,982.4502419773968
OLS_two_features,B1c6,636.0,772.582123266711
OLS_two_features,B1c7,870.0,816.2610779608615
OLS_two_features,B1c9,1054.0,948.5314662921811
OLS_two_features,B1c11,788.0,1018.9672382640423
OLS_two_features,B1c16,862.0,876.652799210037
OLS_two_features,B1c17,857.0,809.2368136140993
OLS_two_features,B1c20,534.0,565.260895512795
OLS_two_features,B1c21,559.0,564.0735776924676
OLS_two_features,B1c23,1014.0,909.4161534728586
OLS_two_features,B1c24,1017.0,865.3597406669646
OLS_two_features,B1c25,854.0,905.1610779799147
OLS_two_features,B1c26,870.0,809.1233176244934
OLS_two_features,B1c27,842.0,830.7441187858353
OLS_two_features,B1c30,709.0,732.4699284267663
OLS_two_features,B1c31,876.0,757.2919956241564
OLS_two_features,B1c32,731.0,662.1141753933259
OLS_two_features,B1c33,757.0,683.9735642675884
OLS_two_features,B1c36,704.0,742.1249588447482
OLS_two_features,B1c37,648.0,744.1506907200668
OLS_two_features,B1c38,617.0,605.7532969614787
OLS_two_features,B1c39,625.0,638.7459252302268
OLS_two_features,B1c40,966.0,934.9613055273497
OLS_two_features,B1c41,1051.0,937.7652730292389
OLS_two_features,B1c42,702.0,745.3737595600027
OLS_two_features,B1c43,651.0,740.2936416468309
OLS_two_features,B1c44,616.0,579.7930441573345
OLS_two_features,B1c45,599.0,581.3814799417961
Ridge_existing,B1c5,1074.0,973.406827479692
Ridge_existing,B1c6,636.0,772.9686663384178
Ridge_existing,B1c7,870.0,816.7389199262384
Ridge_existing,B1c9,1054.0,945.1516271013546
Ridge_existing,B1c11,788.0,1007.6327092333573
Ridge_existing,B1c16,862.0,863.9745959247554
Ridge_existing,B1c17,857.0,800.796913166894
Ridge_existing,B1c20,534.0,569.2569814162728
Ridge_existing,B1c21,559.0,568.6775636631934
Ridge_existing,B1c23,1014.0,906.6887723902685
Ridge_existing,B1c24,1017.0,868.5449920579548
Ridge_existing,B1c25,854.0,903.6025343655263
Ridge_existing,B1c26,870.0,811.4363422200175
Ridge_existing,B1c27,842.0,829.7662191233816
Ridge_existing,B1c30,709.0,732.0990797460926
Ridge_existing,B1c31,876.0,756.7274146086633
Ridge_existing,B1c32,731.0,661.9316476997468
Ridge_existing,B1c33,757.0,684.268721730221
Ridge_existing,B1c36,704.0,747.567430561832
Ridge_existing,B1c37,648.0,749.4557033185393
Ridge_existing,B1c38,617.0,610.3741348396632
Ridge_existing,B1c39,625.0,642.8917565874291
Ridge_existing,B1c40,966.0,936.6018075000268
Ridge_existing,B1c41,1051.0,937.1361876410139
Ridge_existing,B1c42,702.0,748.382778837749
Ridge_existing,B1c43,651.0,743.0052030343805
Ridge_existing,B1c44,616.0,584.0634147016383
Ridge_existing,B1c45,599.0,585.5742743757862
XGBoost,B1c5,1074.0,886.7858276367188
XGBoost,B1c6,636.0,833.1198120117188
XGBoost,B1c7,870.0,833.1198120117188
XGBoost,B1c9,1054.0,1014.0111083984375
XGBoost,B1c11,788.0,956.1204833984375
XGBoost,B1c16,862.0,848.4109497070312
XGBoost,B1c17,857.0,847.5958251953125
XGBoost,B1c20,534.0,656.7772216796875
XGBoost,B1c21,559.0,656.7772216796875
XGBoost,B1c23,1014.0,886.7858276367188
XGBoost,B1c24,1017.0,871.39892578125
XGBoost,B1c25,854.0,886.7858276367188
XGBoost,B1c26,870.0,859.8897094726562
XGBoost,B1c27,842.0,859.8897094726562
XGBoost,B1c30,709.0,843.2484130859375
XGBoost,B1c31,876.0,843.2484130859375
XGBoost,B1c32,731.0,676.6138305664062
XGBoost,B1c33,757.0,676.6138305664062
XGBoost,B1c36,704.0,703.2327270507812
XGBoost,B1c37,648.0,703.2327270507812
XGBoost,B1c38,617.0,656.7772216796875
XGBoost,B1c39,625.0,656.7772216796875
XGBoost,B1c40,966.0,886.7858276367188
XGBoost,B1c41,1051.0,886.7858276367188
XGBoost,B1c42,702.0,705.3941040039062
XGBoost,B1c43,651.0,705.3941040039062
XGBoost,B1c44,616.0,575.6168823242188
XGBoost,B1c45,599.0,575.6168823242188
