scenario,model,trial,features,parameters,CV_seconds,MAPE_percent,MAE_cycles,RMSE_cycles
unfinished_b1_excluded_sensitivity,OLS_delta_only,0,dq100_10_log_variance,{},0.009042999998200685,8.734820993308885,71.87129516451255,91.93026208793529
unfinished_b1_excluded_sensitivity,OLS_two_features,1,dq100_10_log_variance;cycle10_rms_c_timeweighted,{},0.00909154100008891,8.285222606931999,66.81069825205894,84.36125839093285
unfinished_b1_excluded_sensitivity,Ridge_existing,2,dq100_10_log_variance;cycle10_rms_c_timeweighted,"{""alpha"": 1.0}",0.00903262499923585,8.33114939693697,67.11809951660659,84.28635951863387
unfinished_b1_excluded_sensitivity,XGBoost,3,dq100_10_log_variance,"{""learning_rate"": 0.1, ""max_depth"": 3, ""min_child_weight"": 3, ""n_estimators"": 300, ""reg_lambda"": 1.0}",0.04652470899964101,10.43053463915573,80.56476266043526,104.38126562947645
unfinished_b1_excluded_sensitivity,XGBoost,4,dq100_10_log_variance,"{""learning_rate"": 0.1, ""max_depth"": 3, ""min_child_weight"": 5, ""n_estimators"": 300, ""reg_lambda"": 1.0}",0.03199454200148466,11.586465933126576,90.23414393833706,112.00677655718248
unfinished_b1_excluded_sensitivity,XGBoost,5,dq100_10_log_variance,"{""learning_rate"": 0.05, ""max_depth"": 3, ""min_child_weight"": 5, ""n_estimators"": 200, ""reg_lambda"": 1.0}",0.025021125002240296,11.411787738293047,88.7482670375279,109.97519513451323
unfinished_b1_excluded_sensitivity,XGBoost,6,dq100_10_log_variance,"{""learning_rate"": 0.1, ""max_depth"": 2, ""min_child_weight"": 3, ""n_estimators"": 300, ""reg_lambda"": 1.0}",0.030535042002156842,10.385541646782768,80.54448808942523,102.7110427979944
unfinished_b1_excluded_sensitivity,XGBoost,7,dq100_10_log_variance,"{""learning_rate"": 0.03, ""max_depth"": 1, ""min_child_weight"": 5, ""n_estimators"": 100, ""reg_lambda"": 1.0}",0.016467833000206156,11.64591717483947,90.82793317522321,113.06233481497678
unfinished_b1_excluded_sensitivity,XGBoost,8,dq100_10_log_variance,"{""learning_rate"": 0.05, ""max_depth"": 2, ""min_child_weight"": 5, ""n_estimators"": 100, ""reg_lambda"": 1.0}",0.021281625002302462,11.409227391048658,88.92514038085938,111.38418947899308
unfinished_b1_excluded_sensitivity,XGBoost,9,dq100_10_log_variance,"{""learning_rate"": 0.1, ""max_depth"": 2, ""min_child_weight"": 5, ""n_estimators"": 50, ""reg_lambda"": 30.0}",0.014233624999178573,12.7729666014454,99.47680010114398,124.09414863394653
unfinished_b1_excluded_sensitivity,XGBoost,10,dq100_10_log_variance,"{""learning_rate"": 0.05, ""max_depth"": 1, ""min_child_weight"": 3, ""n_estimators"": 50, ""reg_lambda"": 10.0}",0.013738665998971555,12.84498599496473,100.03170994349888,125.25857610394014
unfinished_b1_excluded_sensitivity,XGBoost,11,dq100_10_log_variance,"{""learning_rate"": 0.1, ""max_depth"": 3, ""min_child_weight"": 5, ""n_estimators"": 50, ""reg_lambda"": 10.0}",0.014129125000181375,11.605495859415146,90.48435756138393,111.98676378499134
unfinished_b1_excluded_sensitivity,XGBoost,12,dq100_10_log_variance,"{""learning_rate"": 0.05, ""max_depth"": 3, ""min_child_weight"": 5, ""n_estimators"": 200, ""reg_lambda"": 10.0}",0.024285667001095135,11.416220639520304,88.87219892229352,110.49846995150372
unfinished_b1_excluded_sensitivity,XGBoost,13,dq100_10_log_variance,"{""learning_rate"": 0.1, ""max_depth"": 1, ""min_child_weight"": 5, ""n_estimators"": 100, ""reg_lambda"": 1.0}",0.016508917000464862,11.425921675898106,89.20511300223214,111.2758450184397
unfinished_b1_excluded_sensitivity,XGBoost,14,dq100_10_log_variance,"{""learning_rate"": 0.03, ""max_depth"": 2, ""min_child_weight"": 3, ""n_estimators"": 200, ""reg_lambda"": 1.0}",0.024335999998584157,10.470143495802363,81.64948163713727,102.37157891589808
unfinished_b1_excluded_sensitivity,XGBoost,15,dq100_10_log_variance,"{""learning_rate"": 0.1, ""max_depth"": 2, ""min_child_weight"": 5, ""n_estimators"": 300, ""reg_lambda"": 10.0}",0.030307499997434206,11.46604201841747,89.37161472865513,110.6066413056601
unfinished_b1_excluded_sensitivity,XGBoost,16,dq100_10_log_variance,"{""learning_rate"": 0.03, ""max_depth"": 1, ""min_child_weight"": 3, ""n_estimators"": 300, ""reg_lambda"": 1.0}",0.027636332997644786,10.633204975089829,83.14284842354911,104.25819442970202
unfinished_b1_excluded_sensitivity,XGBoost,17,dq100_10_log_variance,"{""learning_rate"": 0.03, ""max_depth"": 3, ""min_child_weight"": 5, ""n_estimators"": 200, ""reg_lambda"": 10.0}",0.02458699999988312,11.471659446865456,89.54125322614398,110.87533054084179
unfinished_b1_excluded_sensitivity,XGBoost,18,dq100_10_log_variance,"{""learning_rate"": 0.1, ""max_depth"": 2, ""min_child_weight"": 3, ""n_estimators"": 200, ""reg_lambda"": 30.0}",0.023882707999291597,10.661903546109134,83.73011779785156,106.41330471317885
unfinished_b1_excluded_sensitivity,XGBoost,19,dq100_10_log_variance,"{""learning_rate"": 0.1, ""max_depth"": 2, ""min_child_weight"": 3, ""n_estimators"": 100, ""reg_lambda"": 10.0}",0.0174944169993978,10.650765063775234,83.45595223563058,105.33398908311902
unfinished_b1_excluded_sensitivity,XGBoost,20,dq100_10_log_variance,"{""learning_rate"": 0.03, ""max_depth"": 1, ""min_child_weight"": 5, ""n_estimators"": 200, ""reg_lambda"": 1.0}",0.02185954200103879,11.469506877739812,89.61775643484933,111.87888914680937
unfinished_b1_excluded_sensitivity,XGBoost,21,dq100_10_log_variance,"{""learning_rate"": 0.1, ""max_depth"": 1, ""min_child_weight"": 3, ""n_estimators"": 300, ""reg_lambda"": 10.0}",0.02883175000170013,10.578814183329174,82.61327689034599,103.46070206118335
unfinished_b1_excluded_sensitivity,XGBoost,22,dq100_10_log_variance,"{""learning_rate"": 0.03, ""max_depth"": 3, ""min_child_weight"": 5, ""n_estimators"": 200, ""reg_lambda"": 1.0}",0.026662375003070338,11.366847727617033,88.33263724190849,109.94309148360416
unfinished_b1_excluded_sensitivity,XGBoost,23,dq100_10_log_variance,"{""learning_rate"": 0.1, ""max_depth"": 2, ""min_child_weight"": 5, ""n_estimators"": 200, ""reg_lambda"": 1.0}",0.02390512500278419,11.507384495805551,89.66668265206474,111.28216608190723
unfinished_b1_excluded_sensitivity,XGBoost,24,dq100_10_log_variance,"{""learning_rate"": 0.05, ""max_depth"": 3, ""min_child_weight"": 5, ""n_estimators"": 300, ""reg_lambda"": 10.0}",0.031138582999119535,11.435340401208803,88.92909894670758,110.02644343195696
unfinished_b1_excluded_sensitivity,XGBoost,25,dq100_10_log_variance,"{""learning_rate"": 0.05, ""max_depth"": 1, ""min_child_weight"": 3, ""n_estimators"": 200, ""reg_lambda"": 10.0}",0.021725791000790196,10.844336705323485,84.98384966169085,106.93741206176384
unfinished_b1_excluded_sensitivity,XGBoost,26,dq100_10_log_variance,"{""learning_rate"": 0.03, ""max_depth"": 2, ""min_child_weight"": 3, ""n_estimators"": 50, ""reg_lambda"": 10.0}",0.014160250000713859,13.80802131250151,106.62755693708148,136.31579623279978
unfinished_b1_excluded_sensitivity,XGBoost,27,dq100_10_log_variance,"{""learning_rate"": 0.05, ""max_depth"": 2, ""min_child_weight"": 3, ""n_estimators"": 200, ""reg_lambda"": 30.0}",0.023620166997716296,11.272429240384785,88.1433345249721,110.764201607576
unfinished_b1_excluded_sensitivity,XGBoost,28,dq100_10_log_variance,"{""learning_rate"": 0.1, ""max_depth"": 1, ""min_child_weight"": 3, ""n_estimators"": 50, ""reg_lambda"": 30.0}",0.013697333000891376,12.862712923123185,100.26051330566406,125.20189421929459
unfinished_b1_excluded_sensitivity,XGBoost,29,dq100_10_log_variance,"{""learning_rate"": 0.1, ""max_depth"": 1, ""min_child_weight"": 5, ""n_estimators"": 100, ""reg_lambda"": 30.0}",0.018750125000224216,11.789121217306256,92.0322265625,113.72631681412803
unfinished_b1_excluded_sensitivity,XGBoost,30,dq100_10_log_variance,"{""learning_rate"": 0.03, ""max_depth"": 1, ""min_child_weight"": 5, ""n_estimators"": 100, ""reg_lambda"": 10.0}",0.016260665997833712,12.60297878770743,98.26549203055245,121.79698437037935
unfinished_b1_excluded_sensitivity,XGBoost,31,dq100_10_log_variance,"{""learning_rate"": 0.03, ""max_depth"": 2, ""min_child_weight"": 5, ""n_estimators"": 300, ""reg_lambda"": 1.0}",0.030591499998990912,11.42029761162237,88.93870544433594,110.44942508369199
unfinished_b1_excluded_sensitivity,XGBoost,32,dq100_10_log_variance,"{""learning_rate"": 0.1, ""max_depth"": 3, ""min_child_weight"": 3, ""n_estimators"": 200, ""reg_lambda"": 10.0}",0.026828624999325257,10.473413816288645,81.17468915666852,102.98911348183532
unfinished_b1_excluded_sensitivity,XGBoost,33,dq100_10_log_variance,"{""learning_rate"": 0.05, ""max_depth"": 2, ""min_child_weight"": 5, ""n_estimators"": 50, ""reg_lambda"": 1.0}",0.014210417000867892,11.37606651022621,88.54512023925781,111.64489644009612
unfinished_b1_excluded_sensitivity,XGBoost,34,dq100_10_log_variance,"{""learning_rate"": 0.03, ""max_depth"": 3, ""min_child_weight"": 3, ""n_estimators"": 200, ""reg_lambda"": 10.0}",0.02516220799952862,10.73436950271848,84.24735804966518,106.95782403211838
unfinished_b1_excluded_sensitivity,XGBoost,35,dq100_10_log_variance,"{""learning_rate"": 0.05, ""max_depth"": 2, ""min_child_weight"": 5, ""n_estimators"": 100, ""reg_lambda"": 10.0}",0.01705129199763178,11.602713609169623,90.47448294503349,111.90061400677229
unfinished_b1_excluded_sensitivity,XGBoost,36,dq100_10_log_variance,"{""learning_rate"": 0.1, ""max_depth"": 3, ""min_child_weight"": 3, ""n_estimators"": 50, ""reg_lambda"": 1.0}",0.014793124999414431,10.404426246049924,80.87412806919643,101.46582584990605
unfinished_b1_excluded_sensitivity,XGBoost,37,dq100_10_log_variance,"{""learning_rate"": 0.05, ""max_depth"": 3, ""min_child_weight"": 3, ""n_estimators"": 100, ""reg_lambda"": 10.0}",0.018183208001573803,11.037472271495485,86.43339538574219,109.16263112294605
unfinished_b1_excluded_sensitivity,XGBoost,38,dq100_10_log_variance,"{""learning_rate"": 0.05, ""max_depth"": 3, ""min_child_weight"": 3, ""n_estimators"": 200, ""reg_lambda"": 30.0}",0.025030916000105208,11.260421128035661,88.08575657435826,110.45938717775476
unfinished_b1_excluded_sensitivity,XGBoost,39,dq100_10_log_variance,"{""learning_rate"": 0.05, ""max_depth"": 1, ""min_child_weight"": 3, ""n_estimators"": 100, ""reg_lambda"": 1.0}",0.01731616700271843,10.802489270589358,84.60980878557477,106.01769566148559
unfinished_b1_excluded_sensitivity,XGBoost,40,dq100_10_log_variance,"{""learning_rate"": 0.05, ""max_depth"": 3, ""min_child_weight"": 5, ""n_estimators"": 100, ""reg_lambda"": 1.0}",0.01826183299999684,11.346595768492374,88.19066728864398,110.11936445566941
unfinished_b1_excluded_sensitivity,XGBoost,41,dq100_10_log_variance,"{""learning_rate"": 0.05, ""max_depth"": 2, ""min_child_weight"": 5, ""n_estimators"": 300, ""reg_lambda"": 10.0}",0.030019625002751127,11.474389166372763,89.5032479422433,111.11445110958653
unfinished_b1_excluded_sensitivity,XGBoost,42,dq100_10_log_variance,"{""learning_rate"": 0.05, ""max_depth"": 2, ""min_child_weight"": 3, ""n_estimators"": 50, ""reg_lambda"": 30.0}",0.01417520799805061,13.952024232941415,108.07102312360492,141.02340769263085
unfinished_b1_excluded_sensitivity,XGBoost,43,dq100_10_log_variance;cycle10_rms_c_timeweighted,"{""learning_rate"": 0.1, ""max_depth"": 3, ""min_child_weight"": 3, ""n_estimators"": 300, ""reg_lambda"": 1.0}",0.03324633300144342,9.269948031967221,70.94295610700335,91.97242271964991
unfinished_b1_excluded_sensitivity,XGBoost,44,dq100_10_log_variance;cycle10_rms_c_timeweighted,"{""learning_rate"": 0.1, ""max_depth"": 3, ""min_child_weight"": 5, ""n_estimators"": 300, ""reg_lambda"": 1.0}",0.03382529199734563,11.287971057981872,86.12071228027344,109.94872245170741
unfinished_b1_excluded_sensitivity,XGBoost,45,dq100_10_log_variance;cycle10_rms_c_timeweighted,"{""learning_rate"": 0.05, ""max_depth"": 3, ""min_child_weight"": 5, ""n_estimators"": 200, ""reg_lambda"": 1.0}",0.025037499999598367,10.543603129171828,80.55194963727679,103.72407562890791
unfinished_b1_excluded_sensitivity,XGBoost,46,dq100_10_log_variance;cycle10_rms_c_timeweighted,"{""learning_rate"": 0.1, ""max_depth"": 2, ""min_child_weight"": 3, ""n_estimators"": 300, ""reg_lambda"": 1.0}",0.03160704200126929,9.728437245665889,74.03750174386161,99.8396936829213
unfinished_b1_excluded_sensitivity,XGBoost,47,dq100_10_log_variance;cycle10_rms_c_timeweighted,"{""learning_rate"": 0.03, ""max_depth"": 1, ""min_child_weight"": 5, ""n_estimators"": 100, ""reg_lambda"": 1.0}",0.01693520800108672,10.895218995182844,84.3616224016462,107.45068019585449
unfinished_b1_excluded_sensitivity,XGBoost,48,dq100_10_log_variance;cycle10_rms_c_timeweighted,"{""learning_rate"": 0.05, ""max_depth"": 2, ""min_child_weight"": 5, ""n_estimators"": 100, ""reg_lambda"": 1.0}",0.017655416999332374,10.660900316396994,82.26624625069755,104.37708716488153
unfinished_b1_excluded_sensitivity,XGBoost,49,dq100_10_log_variance;cycle10_rms_c_timeweighted,"{""learning_rate"": 0.1, ""max_depth"": 2, ""min_child_weight"": 5, ""n_estimators"": 50, ""reg_lambda"": 30.0}",0.01421279200076242,12.34677239130149,96.16080583844867,121.01152696114742
unfinished_b1_excluded_sensitivity,XGBoost,50,dq100_10_log_variance;cycle10_rms_c_timeweighted,"{""learning_rate"": 0.05, ""max_depth"": 1, ""min_child_weight"": 3, ""n_estimators"": 50, ""reg_lambda"": 10.0}",0.015329750000091735,12.488064576533926,97.06735665457589,122.91933480775575
unfinished_b1_excluded_sensitivity,XGBoost,51,dq100_10_log_variance;cycle10_rms_c_timeweighted,"{""learning_rate"": 0.1, ""max_depth"": 3, ""min_child_weight"": 5, ""n_estimators"": 50, ""reg_lambda"": 10.0}",0.014355875002365792,10.941567230248635,84.81548854282924,106.8159512148814
unfinished_b1_excluded_sensitivity,XGBoost,52,dq100_10_log_variance;cycle10_rms_c_timeweighted,"{""learning_rate"": 0.05, ""max_depth"": 3, ""min_child_weight"": 5, ""n_estimators"": 200, ""reg_lambda"": 10.0}",0.02502883300257963,10.73616251103367,82.67513602120536,104.8955200193101
unfinished_b1_excluded_sensitivity,XGBoost,53,dq100_10_log_variance;cycle10_rms_c_timeweighted,"{""learning_rate"": 0.1, ""max_depth"": 1, ""min_child_weight"": 5, ""n_estimators"": 100, ""reg_lambda"": 1.0}",0.01693774999876041,10.462213066770468,80.91966465541294,103.84679224871765
unfinished_b1_excluded_sensitivity,XGBoost,54,dq100_10_log_variance;cycle10_rms_c_timeweighted,"{""learning_rate"": 0.03, ""max_depth"": 2, ""min_child_weight"": 3, ""n_estimators"": 200, ""reg_lambda"": 1.0}",0.024757833998592105,9.428913891127658,72.41147068568638,95.10846637474907
unfinished_b1_excluded_sensitivity,XGBoost,55,dq100_10_log_variance;cycle10_rms_c_timeweighted,"{""learning_rate"": 0.1, ""max_depth"": 2, ""min_child_weight"": 5, ""n_estimators"": 300, ""reg_lambda"": 10.0}",0.04649158400206943,10.717702303697425,82.25161961146763,105.27696180594393
unfinished_b1_excluded_sensitivity,XGBoost,56,dq100_10_log_variance;cycle10_rms_c_timeweighted,"{""learning_rate"": 0.03, ""max_depth"": 1, ""min_child_weight"": 3, ""n_estimators"": 300, ""reg_lambda"": 1.0}",0.07060762500259443,9.248520336872089,71.4564950125558,92.86404903429646
unfinished_b1_excluded_sensitivity,XGBoost,57,dq100_10_log_variance;cycle10_rms_c_timeweighted,"{""learning_rate"": 0.03, ""max_depth"": 3, ""min_child_weight"": 5, ""n_estimators"": 200, ""reg_lambda"": 10.0}",0.025146083997242386,10.819979879406329,83.72804914202008,105.78274252992423
unfinished_b1_excluded_sensitivity,XGBoost,58,dq100_10_log_variance;cycle10_rms_c_timeweighted,"{""learning_rate"": 0.1, ""max_depth"": 2, ""min_child_weight"": 3, ""n_estimators"": 200, ""reg_lambda"": 30.0}",0.024520999999367632,9.75697369522784,76.03228323800224,99.92442050604376
unfinished_b1_excluded_sensitivity,XGBoost,59,dq100_10_log_variance;cycle10_rms_c_timeweighted,"{""learning_rate"": 0.1, ""max_depth"": 2, ""min_child_weight"": 3, ""n_estimators"": 100, ""reg_lambda"": 10.0}",0.017484167001384776,9.699731651114957,75.34268406459263,98.76252811445674
unfinished_b1_excluded_sensitivity,XGBoost,60,dq100_10_log_variance;cycle10_rms_c_timeweighted,"{""learning_rate"": 0.03, ""max_depth"": 1, ""min_child_weight"": 5, ""n_estimators"": 200, ""reg_lambda"": 1.0}",0.023202624997793464,10.545514243247109,81.6554456438337,104.22560529273619
unfinished_b1_excluded_sensitivity,XGBoost,61,dq100_10_log_variance;cycle10_rms_c_timeweighted,"{""learning_rate"": 0.1, ""max_depth"": 1, ""min_child_weight"": 3, ""n_estimators"": 300, ""reg_lambda"": 10.0}",0.02789729200230795,9.29668776607389,71.81789071219308,93.32688180998498
unfinished_b1_excluded_sensitivity,XGBoost,62,dq100_10_log_variance;cycle10_rms_c_timeweighted,"{""learning_rate"": 0.03, ""max_depth"": 3, ""min_child_weight"": 5, ""n_estimators"": 200, ""reg_lambda"": 1.0}",0.025463083999056835,10.63784941768593,81.50779070172992,103.30415647135337
unfinished_b1_excluded_sensitivity,XGBoost,63,dq100_10_log_variance;cycle10_rms_c_timeweighted,"{""learning_rate"": 0.1, ""max_depth"": 2, ""min_child_weight"": 5, ""n_estimators"": 200, ""reg_lambda"": 1.0}",0.023794374999852153,10.883783000111675,83.29523141043526,105.84991541514155
unfinished_b1_excluded_sensitivity,XGBoost,64,dq100_10_log_variance;cycle10_rms_c_timeweighted,"{""learning_rate"": 0.05, ""max_depth"": 3, ""min_child_weight"": 5, ""n_estimators"": 300, ""reg_lambda"": 10.0}",0.03231949999826611,10.583985793916426,81.28129141671317,103.52625348794821
unfinished_b1_excluded_sensitivity,XGBoost,65,dq100_10_log_variance;cycle10_rms_c_timeweighted,"{""learning_rate"": 0.05, ""max_depth"": 1, ""min_child_weight"": 3, ""n_estimators"": 200, ""reg_lambda"": 10.0}",0.022107541000877973,9.450296858322256,73.41546412876674,96.74258548448164
unfinished_b1_excluded_sensitivity,XGBoost,66,dq100_10_log_variance;cycle10_rms_c_timeweighted,"{""learning_rate"": 0.03, ""max_depth"": 2, ""min_child_weight"": 3, ""n_estimators"": 50, ""reg_lambda"": 10.0}",0.014297375000751344,13.892332305490537,108.14077758789062,133.36778133720347
unfinished_b1_excluded_sensitivity,XGBoost,67,dq100_10_log_variance;cycle10_rms_c_timeweighted,"{""learning_rate"": 0.05, ""max_depth"": 2, ""min_child_weight"": 3, ""n_estimators"": 200, ""reg_lambda"": 30.0}",0.02462583299711696,10.582995977941836,82.24044581821987,106.00110775343255
unfinished_b1_excluded_sensitivity,XGBoost,68,dq100_10_log_variance;cycle10_rms_c_timeweighted,"{""learning_rate"": 0.1, ""max_depth"": 1, ""min_child_weight"": 3, ""n_estimators"": 50, ""reg_lambda"": 30.0}",0.01380208299815422,12.420430918067185,96.6818368094308,122.80187804554572
unfinished_b1_excluded_sensitivity,XGBoost,69,dq100_10_log_variance;cycle10_rms_c_timeweighted,"{""learning_rate"": 0.1, ""max_depth"": 1, ""min_child_weight"": 5, ""n_estimators"": 100, ""reg_lambda"": 30.0}",0.016202415998122888,10.995185285150376,85.3234383719308,108.60584327062985
unfinished_b1_excluded_sensitivity,XGBoost,70,dq100_10_log_variance;cycle10_rms_c_timeweighted,"{""learning_rate"": 0.03, ""max_depth"": 1, ""min_child_weight"": 5, ""n_estimators"": 100, ""reg_lambda"": 10.0}",0.016008209000574425,12.14458193097223,94.33496747698102,119.02892426153907
unfinished_b1_excluded_sensitivity,XGBoost,71,dq100_10_log_variance;cycle10_rms_c_timeweighted,"{""learning_rate"": 0.03, ""max_depth"": 2, ""min_child_weight"": 5, ""n_estimators"": 300, ""reg_lambda"": 1.0}",0.031797375002497574,10.653965616101356,81.85295104980469,104.125213931234
unfinished_b1_excluded_sensitivity,XGBoost,72,dq100_10_log_variance;cycle10_rms_c_timeweighted,"{""learning_rate"": 0.1, ""max_depth"": 3, ""min_child_weight"": 3, ""n_estimators"": 200, ""reg_lambda"": 10.0}",0.026349542000389192,9.41479585542571,72.28659493582589,92.85553633645358
unfinished_b1_excluded_sensitivity,XGBoost,73,dq100_10_log_variance;cycle10_rms_c_timeweighted,"{""learning_rate"": 0.05, ""max_depth"": 2, ""min_child_weight"": 5, ""n_estimators"": 50, ""reg_lambda"": 1.0}",0.014161417002469534,10.808011258770552,83.70592825753349,106.0569697667298
unfinished_b1_excluded_sensitivity,XGBoost,74,dq100_10_log_variance;cycle10_rms_c_timeweighted,"{""learning_rate"": 0.03, ""max_depth"": 3, ""min_child_weight"": 3, ""n_estimators"": 200, ""reg_lambda"": 10.0}",0.026013750000856817,10.131184247328896,79.00406973702567,101.4254125390991
unfinished_b1_excluded_sensitivity,XGBoost,75,dq100_10_log_variance;cycle10_rms_c_timeweighted,"{""learning_rate"": 0.05, ""max_depth"": 2, ""min_child_weight"": 5, ""n_estimators"": 100, ""reg_lambda"": 10.0}",0.017374125000060303,10.862398146851652,84.29032461983817,106.0571908819996
unfinished_b1_excluded_sensitivity,XGBoost,76,dq100_10_log_variance;cycle10_rms_c_timeweighted,"{""learning_rate"": 0.1, ""max_depth"": 3, ""min_child_weight"": 3, ""n_estimators"": 50, ""reg_lambda"": 1.0}",0.01484474999961094,9.354376476483798,71.79905918666294,93.46377231437143
unfinished_b1_excluded_sensitivity,XGBoost,77,dq100_10_log_variance;cycle10_rms_c_timeweighted,"{""learning_rate"": 0.05, ""max_depth"": 3, ""min_child_weight"": 3, ""n_estimators"": 100, ""reg_lambda"": 10.0}",0.018284791000041878,10.433465251249597,81.35605294363839,103.87767849561855
unfinished_b1_excluded_sensitivity,XGBoost,78,dq100_10_log_variance;cycle10_rms_c_timeweighted,"{""learning_rate"": 0.05, ""max_depth"": 3, ""min_child_weight"": 3, ""n_estimators"": 200, ""reg_lambda"": 30.0}",0.02526949999810313,10.734207148399463,83.47331237792969,106.7352091970226
unfinished_b1_excluded_sensitivity,XGBoost,79,dq100_10_log_variance;cycle10_rms_c_timeweighted,"{""learning_rate"": 0.05, ""max_depth"": 1, ""min_child_weight"": 3, ""n_estimators"": 100, ""reg_lambda"": 1.0}",0.01807320900115883,9.405617191710999,72.90023367745536,95.19272606604653
unfinished_b1_excluded_sensitivity,XGBoost,80,dq100_10_log_variance;cycle10_rms_c_timeweighted,"{""learning_rate"": 0.05, ""max_depth"": 3, ""min_child_weight"": 5, ""n_estimators"": 100, ""reg_lambda"": 1.0}",0.01963541700024507,10.695926545367536,82.13186863490513,103.55252201492092
unfinished_b1_excluded_sensitivity,XGBoost,81,dq100_10_log_variance;cycle10_rms_c_timeweighted,"{""learning_rate"": 0.05, ""max_depth"": 2, ""min_child_weight"": 5, ""n_estimators"": 300, ""reg_lambda"": 10.0}",0.03084645800117869,10.662711360657172,82.38740757533482,105.13077868256607
unfinished_b1_excluded_sensitivity,XGBoost,82,dq100_10_log_variance;cycle10_rms_c_timeweighted,"{""learning_rate"": 0.05, ""max_depth"": 2, ""min_child_weight"": 3, ""n_estimators"": 50, ""reg_lambda"": 30.0}",0.013759041998127941,14.045595721344828,109.38069588797433,139.20829305778156
unfinished_b1_excluded_sensitivity,XGBoost,83,dq100_10_log_variance;cycle10_rms_c_timeweighted;capacity_mad_relative,"{""learning_rate"": 0.1, ""max_depth"": 3, ""min_child_weight"": 3, ""n_estimators"": 300, ""reg_lambda"": 1.0}",0.03252125000290107,10.790527447665125,84.74046761648995,118.43451943356567
unfinished_b1_excluded_sensitivity,XGBoost,84,dq100_10_log_variance;cycle10_rms_c_timeweighted;capacity_mad_relative,"{""learning_rate"": 0.1, ""max_depth"": 3, ""min_child_weight"": 5, ""n_estimators"": 300, ""reg_lambda"": 1.0}",0.03377174999695853,10.961734830546552,82.37462071010044,101.05497592171757
unfinished_b1_excluded_sensitivity,XGBoost,85,dq100_10_log_variance;cycle10_rms_c_timeweighted;capacity_mad_relative,"{""learning_rate"": 0.05, ""max_depth"": 3, ""min_child_weight"": 5, ""n_estimators"": 200, ""reg_lambda"": 1.0}",0.025723624999955064,10.455761975338278,78.83833748953683,97.89538941488155
unfinished_b1_excluded_sensitivity,XGBoost,86,dq100_10_log_variance;cycle10_rms_c_timeweighted;capacity_mad_relative,"{""learning_rate"": 0.1, ""max_depth"": 2, ""min_child_weight"": 3, ""n_estimators"": 300, ""reg_lambda"": 1.0}",0.03214095799921779,10.736466492103338,83.8480965750558,117.8106226287593
unfinished_b1_excluded_sensitivity,XGBoost,87,dq100_10_log_variance;cycle10_rms_c_timeweighted;capacity_mad_relative,"{""learning_rate"": 0.03, ""max_depth"": 1, ""min_child_weight"": 5, ""n_estimators"": 100, ""reg_lambda"": 1.0}",0.0172262080013752,10.918970313626271,84.67283848353794,106.42522699703156
unfinished_b1_excluded_sensitivity,XGBoost,88,dq100_10_log_variance;cycle10_rms_c_timeweighted;capacity_mad_relative,"{""learning_rate"": 0.05, ""max_depth"": 2, ""min_child_weight"": 5, ""n_estimators"": 100, ""reg_lambda"": 1.0}",0.017621875002078013,10.840999175232858,83.21949986049107,101.28943354362812
unfinished_b1_excluded_sensitivity,XGBoost,89,dq100_10_log_variance;cycle10_rms_c_timeweighted;capacity_mad_relative,"{""learning_rate"": 0.1, ""max_depth"": 2, ""min_child_weight"": 5, ""n_estimators"": 50, ""reg_lambda"": 30.0}",0.014080750002904097,12.397710764370858,96.53863961356026,120.8864574581617
unfinished_b1_excluded_sensitivity,XGBoost,90,dq100_10_log_variance;cycle10_rms_c_timeweighted;capacity_mad_relative,"{""learning_rate"": 0.05, ""max_depth"": 1, ""min_child_weight"": 3, ""n_estimators"": 50, ""reg_lambda"": 10.0}",0.013690625000890577,12.46527172310995,96.8441140311105,122.86616374066872
unfinished_b1_excluded_sensitivity,XGBoost,91,dq100_10_log_variance;cycle10_rms_c_timeweighted;capacity_mad_relative,"{""learning_rate"": 0.1, ""max_depth"": 3, ""min_child_weight"": 5, ""n_estimators"": 50, ""reg_lambda"": 10.0}",0.017415833000995917,10.984850528438793,85.12989589146206,106.25206252884334
unfinished_b1_excluded_sensitivity,XGBoost,92,dq100_10_log_variance;cycle10_rms_c_timeweighted;capacity_mad_relative,"{""learning_rate"": 0.05, ""max_depth"": 3, ""min_child_weight"": 5, ""n_estimators"": 200, ""reg_lambda"": 10.0}",0.02558958300141967,10.583090320800002,81.2225102015904,99.68743768741172
unfinished_b1_excluded_sensitivity,XGBoost,93,dq100_10_log_variance;cycle10_rms_c_timeweighted;capacity_mad_relative,"{""learning_rate"": 0.1, ""max_depth"": 1, ""min_child_weight"": 5, ""n_estimators"": 100, ""reg_lambda"": 1.0}",0.01646262500071316,10.521405138847774,81.33440508161273,98.99577079104209
unfinished_b1_excluded_sensitivity,XGBoost,94,dq100_10_log_variance;cycle10_rms_c_timeweighted;capacity_mad_relative,"{""learning_rate"": 0.03, ""max_depth"": 2, ""min_child_weight"": 3, ""n_estimators"": 200, ""reg_lambda"": 1.0}",0.02739287499935017,9.601386528591641,74.57954842703683,100.25097503081741
unfinished_b1_excluded_sensitivity,XGBoost,95,dq100_10_log_variance;cycle10_rms_c_timeweighted;capacity_mad_relative,"{""learning_rate"": 0.1, ""max_depth"": 2, ""min_child_weight"": 5, ""n_estimators"": 300, ""reg_lambda"": 10.0}",0.030697499998495914,10.414150522298863,79.22785077776227,97.88612893615684
unfinished_b1_excluded_sensitivity,XGBoost,96,dq100_10_log_variance;cycle10_rms_c_timeweighted;capacity_mad_relative,"{""learning_rate"": 0.03, ""max_depth"": 1, ""min_child_weight"": 3, ""n_estimators"": 300, ""reg_lambda"": 1.0}",0.027649250001559267,9.810828766568394,76.35116141183036,96.19552732660907
unfinished_b1_excluded_sensitivity,XGBoost,97,dq100_10_log_variance;cycle10_rms_c_timeweighted;capacity_mad_relative,"{""learning_rate"": 0.03, ""max_depth"": 3, ""min_child_weight"": 5, ""n_estimators"": 200, ""reg_lambda"": 10.0}",0.025419875000807224,10.742954300107305,83.06507873535156,104.54702166385891
unfinished_b1_excluded_sensitivity,XGBoost,98,dq100_10_log_variance;cycle10_rms_c_timeweighted;capacity_mad_relative,"{""learning_rate"": 0.1, ""max_depth"": 2, ""min_child_weight"": 3, ""n_estimators"": 200, ""reg_lambda"": 30.0}",0.02609245799976634,9.971526585670224,77.85696629115513,102.82636667308624
unfinished_b1_excluded_sensitivity,XGBoost,99,dq100_10_log_variance;cycle10_rms_c_timeweighted;capacity_mad_relative,"{""learning_rate"": 0.1, ""max_depth"": 2, ""min_child_weight"": 3, ""n_estimators"": 100, ""reg_lambda"": 10.0}",0.017569458999787457,9.826091260346912,76.70634460449219,101.16255351858176
unfinished_b1_excluded_sensitivity,XGBoost,100,dq100_10_log_variance;cycle10_rms_c_timeweighted;capacity_mad_relative,"{""learning_rate"": 0.03, ""max_depth"": 1, ""min_child_weight"": 5, ""n_estimators"": 200, ""reg_lambda"": 1.0}",0.02192624999952386,10.629186725479125,82.40866306849888,100.86161082324527
unfinished_b1_excluded_sensitivity,XGBoost,101,dq100_10_log_variance;cycle10_rms_c_timeweighted;capacity_mad_relative,"{""learning_rate"": 0.1, ""max_depth"": 1, ""min_child_weight"": 3, ""n_estimators"": 300, ""reg_lambda"": 10.0}",0.028019749999657506,9.771124109628063,75.99993678501674,96.19810122791503
unfinished_b1_excluded_sensitivity,XGBoost,102,dq100_10_log_variance;cycle10_rms_c_timeweighted;capacity_mad_relative,"{""learning_rate"": 0.03, ""max_depth"": 3, ""min_child_weight"": 5, ""n_estimators"": 200, ""reg_lambda"": 1.0}",0.02545608299988089,10.662041192129108,81.01452200753349,98.43265076802724
unfinished_b1_excluded_sensitivity,XGBoost,103,dq100_10_log_variance;cycle10_rms_c_timeweighted;capacity_mad_relative,"{""learning_rate"": 0.1, ""max_depth"": 2, ""min_child_weight"": 5, ""n_estimators"": 200, ""reg_lambda"": 1.0}",0.02400649999981397,10.637889776959696,79.8864004952567,99.88077974513693
unfinished_b1_excluded_sensitivity,XGBoost,104,dq100_10_log_variance;cycle10_rms_c_timeweighted;capacity_mad_relative,"{""learning_rate"": 0.05, ""max_depth"": 3, ""min_child_weight"": 5, ""n_estimators"": 300, ""reg_lambda"": 10.0}",0.032979333998810034,10.508407972100885,80.32540457589286,97.6787925562423
unfinished_b1_excluded_sensitivity,XGBoost,105,dq100_10_log_variance;cycle10_rms_c_timeweighted;capacity_mad_relative,"{""learning_rate"": 0.05, ""max_depth"": 1, ""min_child_weight"": 3, ""n_estimators"": 200, ""reg_lambda"": 10.0}",0.022207750000234228,9.813400092721537,76.66981506347656,99.36559062989701
unfinished_b1_excluded_sensitivity,XGBoost,106,dq100_10_log_variance;cycle10_rms_c_timeweighted;capacity_mad_relative,"{""learning_rate"": 0.03, ""max_depth"": 2, ""min_child_weight"": 3, ""n_estimators"": 50, ""reg_lambda"": 10.0}",0.014147792000585468,13.888933460120098,108.14415631975446,133.29633406438023
unfinished_b1_excluded_sensitivity,XGBoost,107,dq100_10_log_variance;cycle10_rms_c_timeweighted;capacity_mad_relative,"{""learning_rate"": 0.05, ""max_depth"": 2, ""min_child_weight"": 3, ""n_estimators"": 200, ""reg_lambda"": 30.0}",0.024101041999529116,10.7923960261964,84.04514421735492,108.35583472458991
unfinished_b1_excluded_sensitivity,XGBoost,108,dq100_10_log_variance;cycle10_rms_c_timeweighted;capacity_mad_relative,"{""learning_rate"": 0.1, ""max_depth"": 1, ""min_child_weight"": 3, ""n_estimators"": 50, ""reg_lambda"": 30.0}",0.013762708997091977,12.378117350292657,96.34427315848214,122.51258878773159
unfinished_b1_excluded_sensitivity,XGBoost,109,dq100_10_log_variance;cycle10_rms_c_timeweighted;capacity_mad_relative,"{""learning_rate"": 0.1, ""max_depth"": 1, ""min_child_weight"": 5, ""n_estimators"": 100, ""reg_lambda"": 30.0}",0.01629233299900079,10.970765340093957,85.2648446219308,108.06541961960218
unfinished_b1_excluded_sensitivity,XGBoost,110,dq100_10_log_variance;cycle10_rms_c_timeweighted;capacity_mad_relative,"{""learning_rate"": 0.03, ""max_depth"": 1, ""min_child_weight"": 5, ""n_estimators"": 100, ""reg_lambda"": 10.0}",0.016736207999201724,12.055604957251994,93.61477225167411,118.63030248344178
unfinished_b1_excluded_sensitivity,XGBoost,111,dq100_10_log_variance;cycle10_rms_c_timeweighted;capacity_mad_relative,"{""learning_rate"": 0.03, ""max_depth"": 2, ""min_child_weight"": 5, ""n_estimators"": 300, ""reg_lambda"": 1.0}",0.03083133299878682,10.697742266293146,81.3456551688058,99.21060665837093
unfinished_b1_excluded_sensitivity,XGBoost,112,dq100_10_log_variance;cycle10_rms_c_timeweighted;capacity_mad_relative,"{""learning_rate"": 0.1, ""max_depth"": 3, ""min_child_weight"": 3, ""n_estimators"": 200, ""reg_lambda"": 10.0}",0.027999625002848916,10.218127963024314,79.12571280343192,106.6154919799776
unfinished_b1_excluded_sensitivity,XGBoost,113,dq100_10_log_variance;cycle10_rms_c_timeweighted;capacity_mad_relative,"{""learning_rate"": 0.05, ""max_depth"": 2, ""min_child_weight"": 5, ""n_estimators"": 50, ""reg_lambda"": 1.0}",0.014472957998805214,10.837078937794475,83.79854256766183,105.51705253926303
unfinished_b1_excluded_sensitivity,XGBoost,114,dq100_10_log_variance;cycle10_rms_c_timeweighted;capacity_mad_relative,"{""learning_rate"": 0.03, ""max_depth"": 3, ""min_child_weight"": 3, ""n_estimators"": 200, ""reg_lambda"": 10.0}",0.026414334002765827,10.291758950666239,80.63255746023995,105.6422700190797
unfinished_b1_excluded_sensitivity,XGBoost,115,dq100_10_log_variance;cycle10_rms_c_timeweighted;capacity_mad_relative,"{""learning_rate"": 0.05, ""max_depth"": 2, ""min_child_weight"": 5, ""n_estimators"": 100, ""reg_lambda"": 10.0}",0.01918404199750512,10.894590539499553,84.5119149344308,106.46046559465653
unfinished_b1_excluded_sensitivity,XGBoost,116,dq100_10_log_variance;cycle10_rms_c_timeweighted;capacity_mad_relative,"{""learning_rate"": 0.1, ""max_depth"": 3, ""min_child_weight"": 3, ""n_estimators"": 50, ""reg_lambda"": 1.0}",0.014823582998360507,9.84908136922343,76.82101440429688,102.29536635988175
unfinished_b1_excluded_sensitivity,XGBoost,117,dq100_10_log_variance;cycle10_rms_c_timeweighted;capacity_mad_relative,"{""learning_rate"": 0.05, ""max_depth"": 3, ""min_child_weight"": 3, ""n_estimators"": 100, ""reg_lambda"": 10.0}",0.018716083002800588,10.600645604156748,82.94542585100446,107.3152731754766
unfinished_b1_excluded_sensitivity,XGBoost,118,dq100_10_log_variance;cycle10_rms_c_timeweighted;capacity_mad_relative,"{""learning_rate"": 0.05, ""max_depth"": 3, ""min_child_weight"": 3, ""n_estimators"": 200, ""reg_lambda"": 30.0}",0.027559750000364147,10.840903570628027,84.40469142368862,109.05083339883879
unfinished_b1_excluded_sensitivity,XGBoost,119,dq100_10_log_variance;cycle10_rms_c_timeweighted;capacity_mad_relative,"{""learning_rate"": 0.05, ""max_depth"": 1, ""min_child_weight"": 3, ""n_estimators"": 100, ""reg_lambda"": 1.0}",0.016741958999773487,9.695564040887747,75.6893288748605,97.10074643253834
unfinished_b1_excluded_sensitivity,XGBoost,120,dq100_10_log_variance;cycle10_rms_c_timeweighted;capacity_mad_relative,"{""learning_rate"": 0.05, ""max_depth"": 3, ""min_child_weight"": 5, ""n_estimators"": 100, ""reg_lambda"": 1.0}",0.01824783299889532,10.667748603411995,81.27765110560826,98.94534035123466
unfinished_b1_excluded_sensitivity,XGBoost,121,dq100_10_log_variance;cycle10_rms_c_timeweighted;capacity_mad_relative,"{""learning_rate"": 0.05, ""max_depth"": 2, ""min_child_weight"": 5, ""n_estimators"": 300, ""reg_lambda"": 10.0}",0.03213004200006253,10.491011058261844,80.90003095354352,99.55863988629226
unfinished_b1_excluded_sensitivity,XGBoost,122,dq100_10_log_variance;cycle10_rms_c_timeweighted;capacity_mad_relative,"{""learning_rate"": 0.05, ""max_depth"": 2, ""min_child_weight"": 3, ""n_estimators"": 50, ""reg_lambda"": 30.0}",0.014178707999235485,14.045430248032362,109.38069588797433,139.208587147146
