scenario,model,role,cell_key,actual_cycle_life,predicted_cycle_life,APE_percent
unfinished_b1_excluded_sensitivity,OLS_delta_only,valid,B1c14,880.0,938.4037084466415,6.636785050754719
unfinished_b1_excluded_sensitivity,OLS_delta_only,valid,B1c15,719.0,919.3221969531185,27.861223498347492
unfinished_b1_excluded_sensitivity,OLS_delta_only,valid,B1c18,691.0,702.6721515719103,1.6891681001317314
unfinished_b1_excluded_sensitivity,OLS_delta_only,valid,B1c19,788.0,687.3523406833741,12.772545598556583
unfinished_b1_excluded_sensitivity,OLS_delta_only,valid,B1c28,860.0,810.0356170572103,5.809811970091827
unfinished_b1_excluded_sensitivity,OLS_delta_only,valid,B1c29,917.0,806.2393909550592,12.078583320058975
unfinished_b1_excluded_sensitivity,OLS_delta_only,valid,B1c34,742.0,812.3493969024046,9.481050795472315
unfinished_b1_excluded_sensitivity,OLS_delta_only,valid,B1c35,703.0,768.4697613419885,9.3129105749628
unfinished_b1_excluded_sensitivity,OLS_delta_only,test_b2,B2c0,477.0,623.8721415461407,30.790805355585054
unfinished_b1_excluded_sensitivity,OLS_delta_only,test_b2,B2c1,491.0,543.3293365721335,10.65770602283777
unfinished_b1_excluded_sensitivity,OLS_delta_only,test_b2,B2c2,424.0,611.6795919851113,44.26405471346965
unfinished_b1_excluded_sensitivity,OLS_delta_only,test_b2,B2c3,499.0,627.9775811026432,25.847210641812257
unfinished_b1_excluded_sensitivity,OLS_delta_only,test_b2,B2c4,444.0,517.9258584981251,16.64996813020835
unfinished_b1_excluded_sensitivity,OLS_delta_only,test_b2,B2c5,416.0,465.31528208071046,11.8546351155554
unfinished_b1_excluded_sensitivity,OLS_delta_only,test_b2,B2c6,393.0,643.6754407589982,63.78509942977053
unfinished_b1_excluded_sensitivity,OLS_delta_only,test_b2,B2c7,777.0,1074.6716351590605,38.310377755348846
unfinished_b1_excluded_sensitivity,OLS_delta_only,test_b2,B2c8,904.0,977.8425333822182,8.168421834316176
unfinished_b1_excluded_sensitivity,OLS_delta_only,test_b2,B2c9,791.0,1166.9444049202266,47.52773766374546
unfinished_b1_excluded_sensitivity,OLS_delta_only,test_b2,B2c10,492.0,607.5164428385121,23.478951796445557
unfinished_b1_excluded_sensitivity,OLS_delta_only,test_b2,B2c11,449.0,623.0197173955612,38.7571753664947
unfinished_b1_excluded_sensitivity,OLS_delta_only,test_b2,B2c12,466.0,494.07314200187324,6.024279399543613
unfinished_b1_excluded_sensitivity,OLS_delta_only,test_b2,B2c13,460.0,562.0610584324706,22.187186615754488
unfinished_b1_excluded_sensitivity,OLS_delta_only,test_b2,B2c14,426.0,476.54352237807996,11.86467661457276
unfinished_b1_excluded_sensitivity,OLS_delta_only,test_b2,B2c15,396.0,637.2244719136022,60.91527068525308
unfinished_b1_excluded_sensitivity,OLS_delta_only,test_b2,B2c16,472.0,627.3530464554117,32.913781028688916
unfinished_b1_excluded_sensitivity,OLS_delta_only,test_b2,B2c17,471.0,629.8618735043709,33.72863556356071
unfinished_b1_excluded_sensitivity,OLS_delta_only,test_b2,B2c18,449.0,732.6690328053533,63.177958308541925
unfinished_b1_excluded_sensitivity,OLS_delta_only,test_b2,B2c19,392.0,540.9160800120059,37.98879592143007
unfinished_b1_excluded_sensitivity,OLS_delta_only,test_b2,B2c20,489.0,603.273011828745,23.368714075407972
unfinished_b1_excluded_sensitivity,OLS_delta_only,test_b2,B2c21,408.0,554.8121628227024,35.98337324085843
unfinished_b1_excluded_sensitivity,OLS_delta_only,test_b2,B2c24,514.0,697.9676959233755,35.791380529839586
unfinished_b1_excluded_sensitivity,OLS_delta_only,test_b2,B2c25,493.0,645.7658534595116,30.986988531341098
unfinished_b1_excluded_sensitivity,OLS_delta_only,test_b2,B2c26,450.0,513.985737670188,14.219052815597328
unfinished_b1_excluded_sensitivity,OLS_delta_only,test_b2,B2c27,474.0,623.3886830044249,31.516599789963067
unfinished_b1_excluded_sensitivity,OLS_delta_only,test_b2,B2c28,437.0,595.4379611723432,36.25582635522728
unfinished_b1_excluded_sensitivity,OLS_delta_only,test_b2,B2c29,452.0,633.5094064225701,40.15694832357746
unfinished_b1_excluded_sensitivity,OLS_delta_only,test_b2,B2c30,412.0,500.40872886922097,21.458429337189557
unfinished_b1_excluded_sensitivity,OLS_delta_only,test_b2,B2c31,425.0,565.3188718347025,33.016205137577046
unfinished_b1_excluded_sensitivity,OLS_delta_only,test_b2,B2c32,809.0,998.8119207661938,23.462536559480075
unfinished_b1_excluded_sensitivity,OLS_delta_only,test_b2,B2c33,1140.0,1074.6388415476065,5.733434951964343
unfinished_b1_excluded_sensitivity,OLS_delta_only,test_b2,B2c34,1186.0,1259.207289275992,6.172621355479935
unfinished_b1_excluded_sensitivity,OLS_delta_only,test_b2,B2c41,442.0,495.6629287086737,12.140934096984997
unfinished_b1_excluded_sensitivity,OLS_delta_only,test_b2,B2c42,474.0,621.7440775424218,31.169636612325274
unfinished_b1_excluded_sensitivity,OLS_delta_only,test_b2,B2c43,1029.0,1106.6294311372021,7.544162404004092
unfinished_b1_excluded_sensitivity,OLS_delta_only,test_b2,B2c44,841.0,1184.204393221315,40.809083617278844
unfinished_b1_excluded_sensitivity,OLS_delta_only,test_b2,B2c45,997.0,1031.2502267676803,3.435328662756295
unfinished_b1_excluded_sensitivity,OLS_delta_only,test_b2,B2c46,503.0,633.7996333643235,26.00390325334464
unfinished_b1_excluded_sensitivity,OLS_delta_only,test_b3,B3c0,1009.0,1085.2791535240447,7.559876464226428
unfinished_b1_excluded_sensitivity,OLS_delta_only,test_b3,B3c1,1063.0,1117.8104100646788,5.156200382378059
unfinished_b1_excluded_sensitivity,OLS_delta_only,test_b3,B3c2,1267.0,1603.429620443196,26.55324549670055
unfinished_b1_excluded_sensitivity,OLS_delta_only,test_b3,B3c3,1115.0,988.0286608715347,11.387564047395989
unfinished_b1_excluded_sensitivity,OLS_delta_only,test_b3,B3c4,1048.0,1033.702165691422,1.3642971668490556
unfinished_b1_excluded_sensitivity,OLS_delta_only,test_b3,B3c5,828.0,986.4536452506147,19.136913677610472
unfinished_b1_excluded_sensitivity,OLS_delta_only,test_b3,B3c6,667.0,641.6418321673743,3.801824262762469
unfinished_b1_excluded_sensitivity,OLS_delta_only,test_b3,B3c7,1836.0,1296.6954654994659,29.373885321379856
unfinished_b1_excluded_sensitivity,OLS_delta_only,test_b3,B3c8,828.0,970.286263029116,17.184331283709657
unfinished_b1_excluded_sensitivity,OLS_delta_only,test_b3,B3c9,1039.0,895.6869734117205,13.793361558063474
unfinished_b1_excluded_sensitivity,OLS_delta_only,test_b3,B3c10,1078.0,1225.4211418240486,13.675430595922878
unfinished_b1_excluded_sensitivity,OLS_delta_only,test_b3,B3c11,817.0,834.1832881491293,2.103217643712281
unfinished_b1_excluded_sensitivity,OLS_delta_only,test_b3,B3c12,932.0,872.7519536775998,6.3570865152789935
unfinished_b1_excluded_sensitivity,OLS_delta_only,test_b3,B3c13,816.0,972.1755540099446,19.13916103063046
unfinished_b1_excluded_sensitivity,OLS_delta_only,test_b3,B3c14,858.0,907.1258372224185,5.725622053894925
unfinished_b1_excluded_sensitivity,OLS_delta_only,test_b3,B3c15,876.0,907.7998729207027,3.6301224795322695
unfinished_b1_excluded_sensitivity,OLS_delta_only,test_b3,B3c16,1638.0,1507.0366341673812,7.995321479402858
unfinished_b1_excluded_sensitivity,OLS_delta_only,test_b3,B3c17,1315.0,1251.0721241810938,4.8614354234909625
unfinished_b1_excluded_sensitivity,OLS_delta_only,test_b3,B3c18,1146.0,1092.3881421176943,4.67817259007903
unfinished_b1_excluded_sensitivity,OLS_delta_only,test_b3,B3c19,1155.0,1028.7873054899997,10.927506018181848
unfinished_b1_excluded_sensitivity,OLS_delta_only,test_b3,B3c20,813.0,952.4065912302966,17.147182193148414
unfinished_b1_excluded_sensitivity,OLS_delta_only,test_b3,B3c21,772.0,731.0778290012013,5.300799352176
unfinished_b1_excluded_sensitivity,OLS_delta_only,test_b3,B3c22,1002.0,938.9197661597503,6.295432518986992
unfinished_b1_excluded_sensitivity,OLS_delta_only,test_b3,B3c24,825.0,1016.3219123772009,23.190534833600108
unfinished_b1_excluded_sensitivity,OLS_delta_only,test_b3,B3c25,989.0,1009.8871186220272,2.111943237818723
unfinished_b1_excluded_sensitivity,OLS_delta_only,test_b3,B3c26,1028.0,1065.1650046645987,3.615272827295589
unfinished_b1_excluded_sensitivity,OLS_delta_only,test_b3,B3c27,850.0,997.8391131503708,17.3928368412201
unfinished_b1_excluded_sensitivity,OLS_delta_only,test_b3,B3c28,541.0,607.8528544223905,12.357274384915058
unfinished_b1_excluded_sensitivity,OLS_delta_only,test_b3,B3c29,858.0,950.4822056135048,10.778811843065826
unfinished_b1_excluded_sensitivity,OLS_delta_only,test_b3,B3c30,935.0,976.2743852659888,4.414372755720731
unfinished_b1_excluded_sensitivity,OLS_delta_only,test_b3,B3c31,731.0,807.0180216375882,10.399182166564728
unfinished_b1_excluded_sensitivity,OLS_delta_only,test_b3,B3c33,1284.0,1211.6608687304858,5.633888728155308
unfinished_b1_excluded_sensitivity,OLS_delta_only,test_b3,B3c34,1158.0,1134.3594119317934,2.041501560294182
unfinished_b1_excluded_sensitivity,OLS_delta_only,test_b3,B3c35,1093.0,1077.1776110740714,1.4476110636714212
unfinished_b1_excluded_sensitivity,OLS_delta_only,test_b3,B3c36,923.0,1091.9141427660916,18.300557179424874
unfinished_b1_excluded_sensitivity,OLS_delta_only,test_b3,B3c37,1390.0,2024.934536085224,45.67874360325352
unfinished_b1_excluded_sensitivity,OLS_delta_only,test_b3,B3c38,1935.0,1164.9234567154049,39.797237379048845
unfinished_b1_excluded_sensitivity,OLS_delta_only,test_b3,B3c39,1156.0,1264.784993213929,9.410466540997323
unfinished_b1_excluded_sensitivity,OLS_delta_only,test_b3,B3c40,796.0,1125.6491598170744,41.41321103229578
unfinished_b1_excluded_sensitivity,OLS_delta_only,test_b3,B3c41,786.0,1065.1665274043626,35.517369898773865
unfinished_b1_excluded_sensitivity,OLS_delta_only,test_b3,B3c42,1642.0,1168.453473430054,28.839617939704386
unfinished_b1_excluded_sensitivity,OLS_delta_only,test_b3,B3c43,1046.0,1143.585849088044,9.329431079162898
unfinished_b1_excluded_sensitivity,OLS_delta_only,test_b3,B3c44,940.0,998.833349710506,6.258866990479363
unfinished_b1_excluded_sensitivity,OLS_delta_only,test_b3,B3c45,1801.0,1327.471510431925,26.292531347477787
unfinished_b1_excluded_sensitivity,OLS_two_features,valid,B1c14,880.0,889.5155700273414,1.0813147758342463
unfinished_b1_excluded_sensitivity,OLS_two_features,valid,B1c15,719.0,870.422433918537,21.060143799518354
unfinished_b1_excluded_sensitivity,OLS_two_features,valid,B1c18,691.0,683.3603773964371,1.1055893782290716
unfinished_b1_excluded_sensitivity,OLS_two_features,valid,B1c19,788.0,690.4205432713313,12.383179787902115
unfinished_b1_excluded_sensitivity,OLS_two_features,valid,B1c28,860.0,806.6471925314291,6.203814821926843
unfinished_b1_excluded_sensitivity,OLS_two_features,valid,B1c29,917.0,802.1085911700414,12.529052217007475
unfinished_b1_excluded_sensitivity,OLS_two_features,valid,B1c34,742.0,813.3640101417919,9.617791124230719
unfinished_b1_excluded_sensitivity,OLS_two_features,valid,B1c35,703.0,768.3275230133809,9.292677526796709
unfinished_b1_excluded_sensitivity,OLS_two_features,test_b2,B2c0,477.0,673.0938114759065,41.10981372660513
unfinished_b1_excluded_sensitivity,OLS_two_features,test_b2,B2c1,491.0,470.83842719244484,4.106226641049931
unfinished_b1_excluded_sensitivity,OLS_two_features,test_b2,B2c2,424.0,643.6309135292965,51.799743756909564
unfinished_b1_excluded_sensitivity,OLS_two_features,test_b2,B2c3,499.0,674.5099903364442,35.17234275279442
unfinished_b1_excluded_sensitivity,OLS_two_features,test_b2,B2c4,444.0,588.7506940321105,32.601507664889745
unfinished_b1_excluded_sensitivity,OLS_two_features,test_b2,B2c5,416.0,526.2577140625513,26.504258188113283
unfinished_b1_excluded_sensitivity,OLS_two_features,test_b2,B2c6,393.0,678.6768035515515,72.69129861362634
unfinished_b1_excluded_sensitivity,OLS_two_features,test_b2,B2c7,777.0,985.8430090944993,26.878122148584204
unfinished_b1_excluded_sensitivity,OLS_two_features,test_b2,B2c8,904.0,916.9161848198208,1.4287815066173497
unfinished_b1_excluded_sensitivity,OLS_two_features,test_b2,B2c9,791.0,1046.510754564743,32.30224457202818
unfinished_b1_excluded_sensitivity,OLS_two_features,test_b2,B2c10,492.0,667.9642368764289,35.76508879602214
unfinished_b1_excluded_sensitivity,OLS_two_features,test_b2,B2c11,449.0,670.7579034650516,49.38928807684892
unfinished_b1_excluded_sensitivity,OLS_two_features,test_b2,B2c12,466.0,574.2845673277081,23.237031615388016
unfinished_b1_excluded_sensitivity,OLS_two_features,test_b2,B2c13,460.0,626.886164733908,36.27960102911044
unfinished_b1_excluded_sensitivity,OLS_two_features,test_b2,B2c14,426.0,532.0291050629519,24.88946128238307
unfinished_b1_excluded_sensitivity,OLS_two_features,test_b2,B2c15,396.0,660.0022393025799,66.66723214711615
unfinished_b1_excluded_sensitivity,OLS_two_features,test_b2,B2c16,472.0,671.8897760875345,42.349528832104774
unfinished_b1_excluded_sensitivity,OLS_two_features,test_b2,B2c17,471.0,511.23625861110156,8.542730066051286
unfinished_b1_excluded_sensitivity,OLS_two_features,test_b2,B2c18,449.0,732.8739872891133,63.223605186884924
unfinished_b1_excluded_sensitivity,OLS_two_features,test_b2,B2c19,392.0,572.5116323230098,46.048885796686186
unfinished_b1_excluded_sensitivity,OLS_two_features,test_b2,B2c20,489.0,649.685178603831,32.859954724709816
unfinished_b1_excluded_sensitivity,OLS_two_features,test_b2,B2c21,408.0,586.7204514547143,43.80403221929272
unfinished_b1_excluded_sensitivity,OLS_two_features,test_b2,B2c24,514.0,726.5643256389997,41.35492716712056
unfinished_b1_excluded_sensitivity,OLS_two_features,test_b2,B2c25,493.0,681.5741828920194,38.250341357407585
unfinished_b1_excluded_sensitivity,OLS_two_features,test_b2,B2c26,450.0,473.4817595746,5.218168794355557
unfinished_b1_excluded_sensitivity,OLS_two_features,test_b2,B2c27,474.0,666.8857997722268,40.693206703001444
unfinished_b1_excluded_sensitivity,OLS_two_features,test_b2,B2c28,437.0,648.115086883854,48.310088531774376
unfinished_b1_excluded_sensitivity,OLS_two_features,test_b2,B2c29,452.0,684.554336628547,51.45007447534227
unfinished_b1_excluded_sensitivity,OLS_two_features,test_b2,B2c30,412.0,471.0611037005535,14.335219344794533
unfinished_b1_excluded_sensitivity,OLS_two_features,test_b2,B2c31,425.0,505.91653085273674,19.039183730055704
unfinished_b1_excluded_sensitivity,OLS_two_features,test_b2,B2c32,809.0,934.5048490545458,15.513578375098374
unfinished_b1_excluded_sensitivity,OLS_two_features,test_b2,B2c33,1140.0,945.4579085607983,17.065095740280853
unfinished_b1_excluded_sensitivity,OLS_two_features,test_b2,B2c34,1186.0,1053.7725087901654,11.149029612970878
unfinished_b1_excluded_sensitivity,OLS_two_features,test_b2,B2c41,442.0,460.8074254599922,4.255073633482398
unfinished_b1_excluded_sensitivity,OLS_two_features,test_b2,B2c42,474.0,673.8161831092058,42.155312892237504
unfinished_b1_excluded_sensitivity,OLS_two_features,test_b2,B2c43,1029.0,1013.7202638947194,1.4849111861302782
unfinished_b1_excluded_sensitivity,OLS_two_features,test_b2,B2c44,841.0,1050.7038533457867,24.93505985086643
unfinished_b1_excluded_sensitivity,OLS_two_features,test_b2,B2c45,997.0,959.6754929569219,3.7436817495564836
unfinished_b1_excluded_sensitivity,OLS_two_features,test_b2,B2c46,503.0,686.420220516781,36.46525258782922
unfinished_b1_excluded_sensitivity,OLS_two_features,test_b3,B3c0,1009.0,973.1416555646608,3.5538497953755375
unfinished_b1_excluded_sensitivity,OLS_two_features,test_b3,B3c1,1063.0,983.6753068991201,7.462341778069607
unfinished_b1_excluded_sensitivity,OLS_two_features,test_b3,B3c2,1267.0,1255.0811442926151,0.940714736178758
unfinished_b1_excluded_sensitivity,OLS_two_features,test_b3,B3c3,1115.0,891.0279701224003,20.087177567497726
unfinished_b1_excluded_sensitivity,OLS_two_features,test_b3,B3c4,1048.0,945.5478571298596,9.775967831120266
unfinished_b1_excluded_sensitivity,OLS_two_features,test_b3,B3c5,828.0,884.29095588789,6.798424624141311
unfinished_b1_excluded_sensitivity,OLS_two_features,test_b3,B3c6,667.0,642.1594121468945,3.7242260649333567
unfinished_b1_excluded_sensitivity,OLS_two_features,test_b3,B3c7,1836.0,1215.2784107957689,33.80836542506705
unfinished_b1_excluded_sensitivity,OLS_two_features,test_b3,B3c8,828.0,910.1839189402576,9.925594074910341
unfinished_b1_excluded_sensitivity,OLS_two_features,test_b3,B3c9,1039.0,859.3324299923527,17.292355149917935
unfinished_b1_excluded_sensitivity,OLS_two_features,test_b3,B3c10,1078.0,1155.919411369471,7.2281457671123315
unfinished_b1_excluded_sensitivity,OLS_two_features,test_b3,B3c11,817.0,819.2475317815299,0.2750956892937472
unfinished_b1_excluded_sensitivity,OLS_two_features,test_b3,B3c12,932.0,845.8822568865648,9.240101192428666
unfinished_b1_excluded_sensitivity,OLS_two_features,test_b3,B3c13,816.0,917.1997549838105,12.401930757819917
unfinished_b1_excluded_sensitivity,OLS_two_features,test_b3,B3c14,858.0,872.2383795749301,1.659484798942908
unfinished_b1_excluded_sensitivity,OLS_two_features,test_b3,B3c15,876.0,872.1109506303975,0.4439554074888702
unfinished_b1_excluded_sensitivity,OLS_two_features,test_b3,B3c16,1638.0,1308.5874849771174,20.11065415280114
unfinished_b1_excluded_sensitivity,OLS_two_features,test_b3,B3c17,1315.0,1048.9779669352458,20.22981240036153
unfinished_b1_excluded_sensitivity,OLS_two_features,test_b3,B3c18,1146.0,962.9517844964572,15.972793673956614
unfinished_b1_excluded_sensitivity,OLS_two_features,test_b3,B3c19,1155.0,927.0393620633496,19.736851769406965
unfinished_b1_excluded_sensitivity,OLS_two_features,test_b3,B3c20,813.0,896.2248464031516,10.236758475172394
unfinished_b1_excluded_sensitivity,OLS_two_features,test_b3,B3c21,772.0,704.3235188420899,8.76638356967747
unfinished_b1_excluded_sensitivity,OLS_two_features,test_b3,B3c22,1002.0,818.6026148790203,18.303132247602765
unfinished_b1_excluded_sensitivity,OLS_two_features,test_b3,B3c24,825.0,910.8319827145575,10.403876692673638
unfinished_b1_excluded_sensitivity,OLS_two_features,test_b3,B3c25,989.0,916.7809169942814,7.3022328620544625
unfinished_b1_excluded_sensitivity,OLS_two_features,test_b3,B3c26,1028.0,974.8155178570934,5.1735877570920845
unfinished_b1_excluded_sensitivity,OLS_two_features,test_b3,B3c27,850.0,911.6806627986457,7.256548564546553
unfinished_b1_excluded_sensitivity,OLS_two_features,test_b3,B3c28,541.0,619.190360356183,14.452931673970973
unfinished_b1_excluded_sensitivity,OLS_two_features,test_b3,B3c29,858.0,902.7498259483897,5.215597429882248
unfinished_b1_excluded_sensitivity,OLS_two_features,test_b3,B3c30,935.0,911.510286307687,2.5122688440976457
unfinished_b1_excluded_sensitivity,OLS_two_features,test_b3,B3c31,731.0,763.6459162272165,4.465925612478318
unfinished_b1_excluded_sensitivity,OLS_two_features,test_b3,B3c33,1284.0,1026.5637777303034,20.049550021004407
unfinished_b1_excluded_sensitivity,OLS_two_features,test_b3,B3c34,1158.0,975.4528798318486,15.764000014520848
unfinished_b1_excluded_sensitivity,OLS_two_features,test_b3,B3c35,1093.0,947.9301759289139,13.272628002844112
unfinished_b1_excluded_sensitivity,OLS_two_features,test_b3,B3c36,923.0,941.3734131524935,1.990618976434835
unfinished_b1_excluded_sensitivity,OLS_two_features,test_b3,B3c37,1390.0,1580.599111735167,13.712166311882523
unfinished_b1_excluded_sensitivity,OLS_two_features,test_b3,B3c38,1935.0,1008.2108053111133,47.89608241286236
unfinished_b1_excluded_sensitivity,OLS_two_features,test_b3,B3c39,1156.0,1033.5732540352944,10.590548958884565
unfinished_b1_excluded_sensitivity,OLS_two_features,test_b3,B3c40,796.0,1007.8206749095051,26.610637551445365
unfinished_b1_excluded_sensitivity,OLS_two_features,test_b3,B3c41,786.0,937.3616548884988,19.257208001081278
unfinished_b1_excluded_sensitivity,OLS_two_features,test_b3,B3c42,1642.0,1123.1856335298703,31.596490040811798
unfinished_b1_excluded_sensitivity,OLS_two_features,test_b3,B3c43,1046.0,1021.6372519766186,2.3291346102659096
unfinished_b1_excluded_sensitivity,OLS_two_features,test_b3,B3c44,940.0,926.5863143799851,1.4269878319164806
unfinished_b1_excluded_sensitivity,OLS_two_features,test_b3,B3c45,1801.0,1215.8250137452153,32.49167053052663
unfinished_b1_excluded_sensitivity,Ridge_existing,valid,B1c14,880.0,881.0685020350209,0.12142068579782456
unfinished_b1_excluded_sensitivity,Ridge_existing,valid,B1c15,719.0,862.4800123980807,19.955495465657954
unfinished_b1_excluded_sensitivity,Ridge_existing,valid,B1c18,691.0,683.1101692897324,1.1417989450459587
unfinished_b1_excluded_sensitivity,Ridge_existing,valid,B1c19,788.0,692.6032933964274,12.106181041062516
unfinished_b1_excluded_sensitivity,Ridge_existing,valid,B1c28,860.0,805.4355665872895,6.344701559617502
unfinished_b1_excluded_sensitivity,Ridge_existing,valid,B1c29,917.0,800.9217526114203,12.658478450226795
unfinished_b1_excluded_sensitivity,Ridge_existing,valid,B1c34,742.0,812.4987627934743,9.501180969470926
unfinished_b1_excluded_sensitivity,Ridge_existing,valid,B1c35,703.0,768.4090484623929,9.304274318974807
unfinished_b1_excluded_sensitivity,Ridge_existing,test_b2,B2c0,477.0,681.2727220959158,42.8244700410725
unfinished_b1_excluded_sensitivity,Ridge_existing,test_b2,B2c1,491.0,468.4660231527936,4.589404653198863
unfinished_b1_excluded_sensitivity,Ridge_existing,test_b2,B2c2,424.0,650.2392214954681,53.358306956478316
unfinished_b1_excluded_sensitivity,Ridge_existing,test_b2,B2c3,499.0,682.3181622372292,36.737106660767374
unfinished_b1_excluded_sensitivity,Ridge_existing,test_b2,B2c4,444.0,601.4279035752959,35.45673503948106
unfinished_b1_excluded_sensitivity,Ridge_existing,test_b2,B2c5,416.0,538.687745891905,29.492246608631017
unfinished_b1_excluded_sensitivity,Ridge_existing,test_b2,B2c6,393.0,684.9541669735866,74.28859210523831
unfinished_b1_excluded_sensitivity,Ridge_existing,test_b2,B2c7,777.0,970.4164021723054,24.892715852291563
unfinished_b1_excluded_sensitivity,Ridge_existing,test_b2,B2c8,904.0,906.4183993915583,0.2675220565883071
unfinished_b1_excluded_sensitivity,Ridge_existing,test_b2,B2c9,791.0,1025.9812166326146,29.7068541886997
unfinished_b1_excluded_sensitivity,Ridge_existing,test_b2,B2c10,492.0,677.6934796851245,37.742577171773284
unfinished_b1_excluded_sensitivity,Ridge_existing,test_b2,B2c11,449.0,678.7970977201405,51.17975450337205
unfinished_b1_excluded_sensitivity,Ridge_existing,test_b2,B2c12,466.0,588.517393166324,26.291286087194
unfinished_b1_excluded_sensitivity,Ridge_existing,test_b2,B2c13,460.0,638.0270992932521,38.70154332462003
unfinished_b1_excluded_sensitivity,Ridge_existing,test_b2,B2c14,426.0,543.636390577844,27.61417619198217
unfinished_b1_excluded_sensitivity,Ridge_existing,test_b2,B2c15,396.0,665.1608760353431,67.9699181907432
unfinished_b1_excluded_sensitivity,Ridge_existing,test_b2,B2c16,472.0,679.500434015406,43.96195635919618
unfinished_b1_excluded_sensitivity,Ridge_existing,test_b2,B2c17,471.0,503.82235982499617,6.968653890657361
unfinished_b1_excluded_sensitivity,Ridge_existing,test_b2,B2c18,449.0,733.8048804068894,63.430931048305
unfinished_b1_excluded_sensitivity,Ridge_existing,test_b2,B2c19,392.0,580.3773732761854,48.05545236637382
unfinished_b1_excluded_sensitivity,Ridge_existing,test_b2,B2c20,489.0,657.9867878203036,34.55762532112547
unfinished_b1_excluded_sensitivity,Ridge_existing,test_b2,B2c21,408.0,594.3803235685796,45.68145185504402
unfinished_b1_excluded_sensitivity,Ridge_existing,test_b2,B2c24,514.0,731.0215725050051,42.22209581809438
unfinished_b1_excluded_sensitivity,Ridge_existing,test_b2,B2c25,493.0,687.8910704885049,39.531657299899564
unfinished_b1_excluded_sensitivity,Ridge_existing,test_b2,B2c26,450.0,474.3986675421411,5.4219261204757965
unfinished_b1_excluded_sensitivity,Ridge_existing,test_b2,B2c27,474.0,674.4689057561715,42.293018092019295
unfinished_b1_excluded_sensitivity,Ridge_existing,test_b2,B2c28,437.0,657.2487932831751,50.40018152933069
unfinished_b1_excluded_sensitivity,Ridge_existing,test_b2,B2c29,452.0,692.723258269585,53.257358024244475
unfinished_b1_excluded_sensitivity,Ridge_existing,test_b2,B2c30,412.0,473.2214322661026,14.859570938374421
unfinished_b1_excluded_sensitivity,Ridge_existing,test_b2,B2c31,425.0,504.40574733371153,18.683705254990947
unfinished_b1_excluded_sensitivity,Ridge_existing,test_b2,B2c32,809.0,923.1552919764562,14.110666498943903
unfinished_b1_excluded_sensitivity,Ridge_existing,test_b2,B2c33,1140.0,927.0542451396626,18.67945218073135
unfinished_b1_excluded_sensitivity,Ridge_existing,test_b2,B2c34,1186.0,1024.644784775063,13.604992852018293
unfinished_b1_excluded_sensitivity,Ridge_existing,test_b2,B2c41,442.0,462.48741853133225,4.635162563649831
unfinished_b1_excluded_sensitivity,Ridge_existing,test_b2,B2c42,474.0,682.3433484978083,43.95429293202706
unfinished_b1_excluded_sensitivity,Ridge_existing,test_b2,B2c43,1029.0,997.0396378805351,3.105963276915927
unfinished_b1_excluded_sensitivity,Ridge_existing,test_b2,B2c44,841.0,1028.7146721562033,22.32041286042845
unfinished_b1_excluded_sensitivity,Ridge_existing,test_b2,B2c45,997.0,946.8351980912945,5.0315749156174014
unfinished_b1_excluded_sensitivity,Ridge_existing,test_b2,B2c46,503.0,694.7501643038158,38.12130503057969
unfinished_b1_excluded_sensitivity,Ridge_existing,test_b3,B3c0,1009.0,955.6658381592576,5.285843591748499
unfinished_b1_excluded_sensitivity,Ridge_existing,test_b3,B3c1,1063.0,963.6576556552822,9.34546983487468
unfinished_b1_excluded_sensitivity,Ridge_existing,test_b3,B3c2,1267.0,1205.9666675760716,4.817153308913055
unfinished_b1_excluded_sensitivity,Ridge_existing,test_b3,B3c3,1115.0,877.4246495366264,21.307206319585077
unfinished_b1_excluded_sensitivity,Ridge_existing,test_b3,B3c4,1048.0,931.353494980819,11.130391700303525
unfinished_b1_excluded_sensitivity,Ridge_existing,test_b3,B3c5,828.0,870.3379085276139,5.113273976764961
unfinished_b1_excluded_sensitivity,Ridge_existing,test_b3,B3c6,667.0,645.0124513943742,3.2964840488194542
unfinished_b1_excluded_sensitivity,Ridge_existing,test_b3,B3c7,1836.0,1193.3736540505734,35.00143496456572
unfinished_b1_excluded_sensitivity,Ridge_existing,test_b3,B3c8,828.0,899.9595768277608,8.690770148280286
unfinished_b1_excluded_sensitivity,Ridge_existing,test_b3,B3c9,1039.0,853.060165868565,17.896037933728103
unfinished_b1_excluded_sensitivity,Ridge_existing,test_b3,B3c10,1078.0,1137.2747836066662,5.498588460729707
unfinished_b1_excluded_sensitivity,Ridge_existing,test_b3,B3c11,817.0,816.3991420527259,0.07354442439095564
unfinished_b1_excluded_sensitivity,Ridge_existing,test_b3,B3c12,932.0,841.0140989126754,9.762435738983324
unfinished_b1_excluded_sensitivity,Ridge_existing,test_b3,B3c13,816.0,907.3387246707397,11.193471160629862
unfinished_b1_excluded_sensitivity,Ridge_existing,test_b3,B3c14,858.0,865.7923981349609,0.908204910834601
unfinished_b1_excluded_sensitivity,Ridge_existing,test_b3,B3c15,876.0,865.5792769423251,1.1895802577254426
unfinished_b1_excluded_sensitivity,Ridge_existing,test_b3,B3c16,1638.0,1271.4159696827567,22.379977430845134
unfinished_b1_excluded_sensitivity,Ridge_existing,test_b3,B3c17,1315.0,1020.3202392722138,22.409107279679557
unfinished_b1_excluded_sensitivity,Ridge_existing,test_b3,B3c18,1146.0,944.0158612207888,17.62514299993117
unfinished_b1_excluded_sensitivity,Ridge_existing,test_b3,B3c19,1155.0,911.9520785218264,21.04311008469036
unfinished_b1_excluded_sensitivity,Ridge_existing,test_b3,B3c20,813.0,886.8035229661729,9.077924104080303
unfinished_b1_excluded_sensitivity,Ridge_existing,test_b3,B3c21,772.0,702.7954465405589,8.964320396300655
unfinished_b1_excluded_sensitivity,Ridge_existing,test_b3,B3c22,1002.0,804.5384915349332,19.706737371763154
unfinished_b1_excluded_sensitivity,Ridge_existing,test_b3,B3c24,825.0,895.8111651614521,8.583171534721465
unfinished_b1_excluded_sensitivity,Ridge_existing,test_b3,B3c25,989.0,902.8754997291321,8.708240674506358
unfinished_b1_excluded_sensitivity,Ridge_existing,test_b3,B3c26,1028.0,959.5507900144804,6.658483461626419
unfinished_b1_excluded_sensitivity,Ridge_existing,test_b3,B3c27,850.0,898.6421343002274,5.722604035320876
unfinished_b1_excluded_sensitivity,Ridge_existing,test_b3,B3c28,541.0,623.755909384243,15.296840921301841
unfinished_b1_excluded_sensitivity,Ridge_existing,test_b3,B3c29,858.0,894.0731479028257,4.204329592403925
unfinished_b1_excluded_sensitivity,Ridge_existing,test_b3,B3c30,935.0,900.7474707909555,3.6633721079191974
unfinished_b1_excluded_sensitivity,Ridge_existing,test_b3,B3c31,731.0,758.9548135283483,3.8241878971748653
unfinished_b1_excluded_sensitivity,Ridge_existing,test_b3,B3c33,1284.0,1000.2366777838014,22.09994721309958
unfinished_b1_excluded_sensitivity,Ridge_existing,test_b3,B3c34,1158.0,953.2242623186144,17.68356974796076
unfinished_b1_excluded_sensitivity,Ridge_existing,test_b3,B3c35,1093.0,929.4486585602474,14.963526206747721
unfinished_b1_excluded_sensitivity,Ridge_existing,test_b3,B3c36,923.0,920.9657933828736,0.22039074941781314
unfinished_b1_excluded_sensitivity,Ridge_existing,test_b3,B3c37,1390.0,1510.055335264639,8.637074479470439
unfinished_b1_excluded_sensitivity,Ridge_existing,test_b3,B3c38,1935.0,985.210937434095,49.08470607575737
unfinished_b1_excluded_sensitivity,Ridge_existing,test_b3,B3c39,1156.0,1002.6807595606896,13.262910072604708
unfinished_b1_excluded_sensitivity,Ridge_existing,test_b3,B3c40,796.0,988.735255277495,24.212971768529517
unfinished_b1_excluded_sensitivity,Ridge_existing,test_b3,B3c41,786.0,919.3283086099393,16.962889136124595
unfinished_b1_excluded_sensitivity,Ridge_existing,test_b3,B3c42,1642.0,1108.2480813789334,32.50620698057653
unfinished_b1_excluded_sensitivity,Ridge_existing,test_b3,B3c43,1046.0,1001.7140038280987,4.233842846262072
unfinished_b1_excluded_sensitivity,Ridge_existing,test_b3,B3c44,940.0,914.6067265581513,2.7014120682817757
unfinished_b1_excluded_sensitivity,Ridge_existing,test_b3,B3c45,1801.0,1190.7032823127818,33.88654734520923
unfinished_b1_excluded_sensitivity,XGBoost,valid,B1c14,880.0,848.8651733398438,3.53804874420166
unfinished_b1_excluded_sensitivity,XGBoost,valid,B1c15,719.0,842.6468505859375,17.197059631347656
unfinished_b1_excluded_sensitivity,XGBoost,valid,B1c18,691.0,700.2144165039062,1.3334901332855225
unfinished_b1_excluded_sensitivity,XGBoost,valid,B1c19,788.0,700.2144165039062,11.140302658081055
unfinished_b1_excluded_sensitivity,XGBoost,valid,B1c28,860.0,842.6468505859375,2.017808198928833
unfinished_b1_excluded_sensitivity,XGBoost,valid,B1c29,917.0,842.6468505859375,8.108304023742676
unfinished_b1_excluded_sensitivity,XGBoost,valid,B1c34,742.0,842.6468505859375,13.564266204833984
unfinished_b1_excluded_sensitivity,XGBoost,valid,B1c35,703.0,842.6468505859375,19.864418029785156
unfinished_b1_excluded_sensitivity,XGBoost,test_b2,B2c0,477.0,615.9795532226562,29.13617515563965
unfinished_b1_excluded_sensitivity,XGBoost,test_b2,B2c1,491.0,579.5292358398438,18.0303955078125
unfinished_b1_excluded_sensitivity,XGBoost,test_b2,B2c2,424.0,624.9293823242188,47.389007568359375
unfinished_b1_excluded_sensitivity,XGBoost,test_b2,B2c3,499.0,615.9795532226562,23.44279670715332
unfinished_b1_excluded_sensitivity,XGBoost,test_b2,B2c4,444.0,568.968017578125,28.145950317382812
unfinished_b1_excluded_sensitivity,XGBoost,test_b2,B2c5,416.0,579.5292358398438,39.309913635253906
unfinished_b1_excluded_sensitivity,XGBoost,test_b2,B2c6,393.0,687.453857421875,74.92464447021484
unfinished_b1_excluded_sensitivity,XGBoost,test_b2,B2c7,777.0,848.8651733398438,9.249056816101074
unfinished_b1_excluded_sensitivity,XGBoost,test_b2,B2c8,904.0,848.8651733398438,6.098985195159912
unfinished_b1_excluded_sensitivity,XGBoost,test_b2,B2c9,791.0,848.8651733398438,7.315445899963379
unfinished_b1_excluded_sensitivity,XGBoost,test_b2,B2c10,492.0,615.9795532226562,25.1990966796875
unfinished_b1_excluded_sensitivity,XGBoost,test_b2,B2c11,449.0,615.9795532226562,37.189208984375
unfinished_b1_excluded_sensitivity,XGBoost,test_b2,B2c12,466.0,568.968017578125,22.096139907836914
unfinished_b1_excluded_sensitivity,XGBoost,test_b2,B2c13,460.0,568.968017578125,23.68869972229004
unfinished_b1_excluded_sensitivity,XGBoost,test_b2,B2c14,426.0,579.5292358398438,36.03972625732422
unfinished_b1_excluded_sensitivity,XGBoost,test_b2,B2c15,396.0,697.4422607421875,76.12178039550781
unfinished_b1_excluded_sensitivity,XGBoost,test_b2,B2c16,472.0,615.9795532226562,30.50414276123047
unfinished_b1_excluded_sensitivity,XGBoost,test_b2,B2c17,471.0,627.4133911132812,33.20878601074219
unfinished_b1_excluded_sensitivity,XGBoost,test_b2,B2c18,449.0,697.4422607421875,55.33235168457031
unfinished_b1_excluded_sensitivity,XGBoost,test_b2,B2c19,392.0,579.5292358398438,47.839088439941406
unfinished_b1_excluded_sensitivity,XGBoost,test_b2,B2c20,489.0,615.9795532226562,25.96718978881836
unfinished_b1_excluded_sensitivity,XGBoost,test_b2,B2c21,408.0,579.5292358398438,42.041481018066406
unfinished_b1_excluded_sensitivity,XGBoost,test_b2,B2c24,514.0,687.453857421875,33.745887756347656
unfinished_b1_excluded_sensitivity,XGBoost,test_b2,B2c25,493.0,687.453857421875,39.44297409057617
unfinished_b1_excluded_sensitivity,XGBoost,test_b2,B2c26,450.0,579.5292358398438,28.78427505493164
unfinished_b1_excluded_sensitivity,XGBoost,test_b2,B2c27,474.0,615.9795532226562,29.9534912109375
unfinished_b1_excluded_sensitivity,XGBoost,test_b2,B2c28,437.0,591.0475463867188,35.251155853271484
unfinished_b1_excluded_sensitivity,XGBoost,test_b2,B2c29,452.0,687.453857421875,52.0915641784668
unfinished_b1_excluded_sensitivity,XGBoost,test_b2,B2c30,412.0,579.5292358398438,40.66243362426758
unfinished_b1_excluded_sensitivity,XGBoost,test_b2,B2c31,425.0,579.5292358398438,36.35982131958008
unfinished_b1_excluded_sensitivity,XGBoost,test_b2,B2c32,809.0,848.8651733398438,4.927710056304932
unfinished_b1_excluded_sensitivity,XGBoost,test_b2,B2c33,1140.0,864.6218872070312,24.155975341796875
unfinished_b1_excluded_sensitivity,XGBoost,test_b2,B2c34,1186.0,864.6218872070312,27.09764862060547
unfinished_b1_excluded_sensitivity,XGBoost,test_b2,B2c41,442.0,579.5292358398438,31.11521339416504
unfinished_b1_excluded_sensitivity,XGBoost,test_b2,B2c42,474.0,615.9795532226562,29.9534912109375
unfinished_b1_excluded_sensitivity,XGBoost,test_b2,B2c43,1029.0,848.8651733398438,17.505813598632812
unfinished_b1_excluded_sensitivity,XGBoost,test_b2,B2c44,841.0,848.8651733398438,0.9352167844772339
unfinished_b1_excluded_sensitivity,XGBoost,test_b2,B2c45,997.0,848.8651733398438,14.858057022094727
unfinished_b1_excluded_sensitivity,XGBoost,test_b2,B2c46,503.0,687.453857421875,36.670745849609375
unfinished_b1_excluded_sensitivity,XGBoost,test_b3,B3c0,1009.0,848.8651733398438,15.870647430419922
unfinished_b1_excluded_sensitivity,XGBoost,test_b3,B3c1,1063.0,861.1987915039062,18.984121322631836
unfinished_b1_excluded_sensitivity,XGBoost,test_b3,B3c2,1267.0,864.6218872070312,31.75833511352539
unfinished_b1_excluded_sensitivity,XGBoost,test_b3,B3c3,1115.0,864.6218872070312,22.45543670654297
unfinished_b1_excluded_sensitivity,XGBoost,test_b3,B3c4,1048.0,848.8651733398438,19.001415252685547
unfinished_b1_excluded_sensitivity,XGBoost,test_b3,B3c5,828.0,864.6218872070312,4.422933101654053
unfinished_b1_excluded_sensitivity,XGBoost,test_b3,B3c6,667.0,700.2144165039062,4.979672431945801
unfinished_b1_excluded_sensitivity,XGBoost,test_b3,B3c7,1836.0,1019.5018920898438,44.47157287597656
unfinished_b1_excluded_sensitivity,XGBoost,test_b3,B3c8,828.0,848.8651733398438,2.5199484825134277
unfinished_b1_excluded_sensitivity,XGBoost,test_b3,B3c9,1039.0,842.6468505859375,18.89828109741211
unfinished_b1_excluded_sensitivity,XGBoost,test_b3,B3c10,1078.0,1019.5018920898438,5.426540374755859
unfinished_b1_excluded_sensitivity,XGBoost,test_b3,B3c11,817.0,842.6468505859375,3.1391494274139404
unfinished_b1_excluded_sensitivity,XGBoost,test_b3,B3c12,932.0,842.6468505859375,9.587247848510742
unfinished_b1_excluded_sensitivity,XGBoost,test_b3,B3c13,816.0,848.8651733398438,4.027594566345215
unfinished_b1_excluded_sensitivity,XGBoost,test_b3,B3c14,858.0,842.6468505859375,1.7894113063812256
unfinished_b1_excluded_sensitivity,XGBoost,test_b3,B3c15,876.0,842.6468505859375,3.807436943054199
unfinished_b1_excluded_sensitivity,XGBoost,test_b3,B3c16,1638.0,848.8651733398438,48.17673110961914
unfinished_b1_excluded_sensitivity,XGBoost,test_b3,B3c17,1315.0,864.6218872070312,34.24928665161133
unfinished_b1_excluded_sensitivity,XGBoost,test_b3,B3c18,1146.0,864.6218872070312,24.553064346313477
unfinished_b1_excluded_sensitivity,XGBoost,test_b3,B3c19,1155.0,861.1987915039062,25.437334060668945
unfinished_b1_excluded_sensitivity,XGBoost,test_b3,B3c20,813.0,848.8651733398438,4.4114603996276855
unfinished_b1_excluded_sensitivity,XGBoost,test_b3,B3c21,772.0,700.2144165039062,9.298650741577148
unfinished_b1_excluded_sensitivity,XGBoost,test_b3,B3c22,1002.0,864.6218872070312,13.710390090942383
unfinished_b1_excluded_sensitivity,XGBoost,test_b3,B3c24,825.0,864.6218872070312,4.802652835845947
unfinished_b1_excluded_sensitivity,XGBoost,test_b3,B3c25,989.0,861.1987915039062,12.922266006469727
unfinished_b1_excluded_sensitivity,XGBoost,test_b3,B3c26,1028.0,848.8651733398438,17.425567626953125
unfinished_b1_excluded_sensitivity,XGBoost,test_b3,B3c27,850.0,861.1987915039062,1.3175048828125
unfinished_b1_excluded_sensitivity,XGBoost,test_b3,B3c28,541.0,627.4133911132812,15.972900390625
unfinished_b1_excluded_sensitivity,XGBoost,test_b3,B3c29,858.0,848.8651733398438,1.0646651983261108
unfinished_b1_excluded_sensitivity,XGBoost,test_b3,B3c30,935.0,848.8651733398438,9.212281227111816
unfinished_b1_excluded_sensitivity,XGBoost,test_b3,B3c31,731.0,858.2880859375,17.412870407104492
unfinished_b1_excluded_sensitivity,XGBoost,test_b3,B3c33,1284.0,864.6218872070312,32.66184616088867
unfinished_b1_excluded_sensitivity,XGBoost,test_b3,B3c34,1158.0,864.6218872070312,25.334897994995117
unfinished_b1_excluded_sensitivity,XGBoost,test_b3,B3c35,1093.0,864.6218872070312,20.89461326599121
unfinished_b1_excluded_sensitivity,XGBoost,test_b3,B3c36,923.0,864.6218872070312,6.324822425842285
unfinished_b1_excluded_sensitivity,XGBoost,test_b3,B3c37,1390.0,848.8651733398438,38.93056106567383
unfinished_b1_excluded_sensitivity,XGBoost,test_b3,B3c38,1935.0,864.6218872070312,55.31669998168945
unfinished_b1_excluded_sensitivity,XGBoost,test_b3,B3c39,1156.0,864.6218872070312,25.205718994140625
unfinished_b1_excluded_sensitivity,XGBoost,test_b3,B3c40,796.0,848.8651733398438,6.641353607177734
unfinished_b1_excluded_sensitivity,XGBoost,test_b3,B3c41,786.0,864.6218872070312,10.002784729003906
unfinished_b1_excluded_sensitivity,XGBoost,test_b3,B3c42,1642.0,1019.5018920898438,37.91096878051758
unfinished_b1_excluded_sensitivity,XGBoost,test_b3,B3c43,1046.0,848.8651733398438,18.846542358398438
unfinished_b1_excluded_sensitivity,XGBoost,test_b3,B3c44,940.0,848.8651733398438,9.695194244384766
unfinished_b1_excluded_sensitivity,XGBoost,test_b3,B3c45,1801.0,930.5786743164062,48.329891204833984
