cell_key,fold,actual_cycle_life,predicted_cycle_life,baseline_cycle_life
B1c3,1,1226.0,1261.9319721308386,870.0
B1c4,1,1227.0,1376.717369256107,870.0
B1c5,3,1074.0,990.2630094456979,799.5
B1c6,2,636.0,766.794993668063,870.0
B1c7,2,870.0,810.8604043591029,870.0
B1c8,5,879.0,918.5798344580181,854.0
B1c9,5,1054.0,932.9707173439805,854.0
B1c10,3,906.0,917.0760632765626,799.5
B1c11,3,788.0,963.8702817502844,799.5
B1c12,4,902.0,904.1825328037897,857.0
B1c13,4,897.0,883.5089325849881,857.0
B1c16,2,862.0,847.6283767093087,870.0
B1c17,2,857.0,794.7897123576828,870.0
B1c20,1,534.0,545.9334286695255,870.0
B1c21,1,559.0,546.2732941958948,870.0
B1c22,5,891.0,887.9898861244474,854.0
B1c23,5,1014.0,919.7029884510218,854.0
B1c24,3,1017.0,888.035823671416,799.5
B1c25,3,854.0,921.5070195548489,799.5
B1c26,4,870.0,800.7224271149794,857.0
B1c27,4,842.0,812.3400097971812,857.0
B1c30,2,709.0,723.9466875882329,870.0
B1c31,2,876.0,748.0943462222516,870.0
B1c32,1,731.0,666.1184413069395,870.0
B1c33,1,757.0,686.6131276653533,870.0
B1c36,4,704.0,747.3647883712061,857.0
B1c37,4,648.0,748.8752780828136,857.0
B1c38,5,617.0,610.9870570634672,854.0
B1c39,5,625.0,642.7104369202233,854.0
B1c40,3,966.0,960.2050269733271,799.5
B1c41,3,1051.0,958.6726155672286,799.5
B1c42,2,702.0,748.9819604746523,870.0
B1c43,2,651.0,742.825399807224,870.0
B1c44,1,616.0,584.6686545944908,870.0
B1c45,1,599.0,586.2404926169971,870.0
