model,n_train,nested_MAPE_percent,repeat_MAPE_sd,fit_MAPE_percent,overfit_gap_percent_points,outer_fold_MAPE_sd,features,parameters,elapsed_seconds,valid_MAPE_percent,valid_MAE_cycles,valid_RMSE_cycles,test_b2_MAPE_percent,test_b2_MAE_cycles,test_b2_RMSE_cycles,test_b3_MAPE_percent,test_b3_MAE_cycles,test_b3_RMSE_cycles
OLS_delta_only,35,7.510005210652543,0.1760378463919341,6.977428830070721,0.5325763805818218,2.403639018672149,dq100_10_log_variance,{},0.16092849999768077,18.202677794543032,185.90484869305996,268.3243008488101,28.863681255366842,144.11003506846288,163.063504954495,12.594941839493051,150.18570711165418,230.8346366183883
OLS_two_features,35,7.164924420554843,0.27286597064870305,6.397742423909883,0.7671819966449593,2.763207698005684,dq100_10_log_variance;cycle10_rms_c_timeweighted,{},0.14903312499882304,16.69896215406388,171.93041407523168,246.97109328928636,32.6521499612803,162.23289486302087,179.119383171663,13.398171897850908,168.6749301602043,262.1226146981166
Ridge_existing,35,7.101784414952789,0.22213564276078251,6.43013072193767,0.6716536930151191,2.646664072404415,dq100_10_log_variance;cycle10_rms_c_timeweighted,"{""alpha"": 1.0}",0.16972562500086497,16.15349249195701,165.65225655522912,234.91990744308066,33.560840968271464,166.67517111273546,183.67929738885584,13.742185423387726,173.45678013238455,269.47704536952017
Ridge_tuned,35,7.68317350811573,0.2987684691164567,6.648600520178992,1.0345729879367376,2.4393221341225595,dq100_10_log_variance;cycle10_rms_c_timeweighted,"{""alpha"": 1.0}",1.8157488750002813,16.15349249195701,165.65225655522912,234.91990744308066,33.560840968271464,166.67517111273546,183.67929738885584,13.742185423387726,173.45678013238455,269.47704536952017
XGBoost,35,9.351915777037238,0.6097567807395406,4.5102760526737855,4.841639724363453,2.971851487393324,dq100_10_log_variance;cycle10_rms_c_timeweighted,"{""learning_rate"": 0.03, ""max_depth"": 3, ""min_child_weight"": 5, ""n_estimators"": 250, ""reg_lambda"": 10.0}",7.765250541000569,8.937630890421177,76.28122780539773,86.82359883660843,33.08181576803093,163.487791403746,175.06185070328112,17.16308208601804,218.54274680397728,324.5708870021264
CatBoost,35,8.392895481829699,0.27452897035008056,3.352805966705314,5.040089515124385,3.567828316118095,dq100_10_log_variance;cycle10_rms_c_timeweighted,"{""depth"": 1, ""iterations"": 250, ""l2_leaf_reg"": 10.0, ""learning_rate"": 0.07}",6.558310666998295,5.108178261433767,39.948218455709906,61.28140738021482,30.16884866073437,150.31425425744,157.76169126039926,14.071768535119647,176.36231483341402,264.39970345502695
LightGBM,35,8.97029815258544,0.4018707183400386,3.575708053566859,5.394590099018582,3.3801822118396796,dq100_10_log_variance;cycle10_rms_c_timeweighted,"{""learning_rate"": 0.07, ""max_depth"": 2, ""min_child_samples"": 3, ""n_estimators"": 100, ""reg_lambda"": 10.0}",6.184380041999248,7.242449832501681,64.9032449639951,79.53626189237329,31.669461517531044,157.48222758286707,166.71955069652887,17.142312645651703,218.7699429338118,326.76012747888717
GradientBoosting,35,8.978689858890407,0.39885829523429167,3.203738540057299,5.774951318833108,3.381665120937046,dq100_10_log_variance;cycle10_rms_c_timeweighted,"{""learning_rate"": 0.07, ""max_depth"": 1, ""min_samples_leaf"": 3, ""n_estimators"": 100}",29.691574750002474,5.406353999508381,43.16277027384624,62.054081125075136,31.159862896396262,151.94893491749013,161.04947399549596,14.059351004462428,176.76799576766282,274.8670728067003
Stacking_Ridge,35,6.960183220525703,0.11699253584306203,5.457157032141754,1.5030261883839495,2.6675135883667496,dq100_10_log_variance;cycle10_rms_c_timeweighted,"{""learning_rate"": 0.03, ""max_depth"": 3, ""min_child_weight"": 5, ""n_estimators"": 250, ""reg_lambda"": 10.0}",0.583548750000773,13.834623034349894,136.3187291765845,181.76123801609756,29.76441922489057,147.7559398448667,159.73798747222347,13.06426296295862,162.9553259631657,252.69533396710182
Voting_equal,35,6.89263866736371,0.2939064143195228,5.374008941250643,1.5186297261130672,2.2322747122613418,dq100_10_log_variance;cycle10_rms_c_timeweighted,"{""learning_rate"": 0.03, ""max_depth"": 3, ""min_child_weight"": 5, ""n_estimators"": 250, ""reg_lambda"": 10.0}",0.18732987499970477,12.744421227839092,123.79156271267696,161.6252919817061,31.591550442559395,155.99341632662126,166.4694846105502,13.124574075776394,164.59937638559776,258.4783346116342
