model,n_train,nested_MAPE_percent,repeat_MAPE_sd,fit_MAPE_percent,overfit_gap_percent_points,outer_fold_MAPE_sd,features,parameters,elapsed_seconds
OLS_delta_only,35,7.510005210652543,0.1760378463919341,6.977428830070721,0.5325763805818218,2.403639018672149,dq100_10_log_variance,{},0.16092849999768077
OLS_two_features,35,7.164924420554843,0.27286597064870305,6.397742423909883,0.7671819966449593,2.763207698005684,dq100_10_log_variance;cycle10_rms_c_timeweighted,{},0.14903312499882304
Ridge_existing,35,7.101784414952789,0.22213564276078251,6.43013072193767,0.6716536930151191,2.646664072404415,dq100_10_log_variance;cycle10_rms_c_timeweighted,"{""alpha"": 1.0}",0.16972562500086497
Ridge_tuned,35,7.68317350811573,0.2987684691164567,6.648600520178992,1.0345729879367376,2.4393221341225595,dq100_10_log_variance;cycle10_rms_c_timeweighted,"{""alpha"": 1.0}",1.8157488750002813
XGBoost,35,9.351915777037238,0.6097567807395406,4.5102760526737855,4.841639724363453,2.971851487393324,dq100_10_log_variance;cycle10_rms_c_timeweighted,"{""learning_rate"": 0.03, ""max_depth"": 3, ""min_child_weight"": 5, ""n_estimators"": 250, ""reg_lambda"": 10.0}",7.765250541000569
CatBoost,35,8.392895481829699,0.27452897035008056,3.352805966705314,5.040089515124385,3.567828316118095,dq100_10_log_variance;cycle10_rms_c_timeweighted,"{""depth"": 1, ""iterations"": 250, ""l2_leaf_reg"": 10.0, ""learning_rate"": 0.07}",6.558310666998295
LightGBM,35,8.97029815258544,0.4018707183400386,3.575708053566859,5.394590099018582,3.3801822118396796,dq100_10_log_variance;cycle10_rms_c_timeweighted,"{""learning_rate"": 0.07, ""max_depth"": 2, ""min_child_samples"": 3, ""n_estimators"": 100, ""reg_lambda"": 10.0}",6.184380041999248
GradientBoosting,35,8.978689858890407,0.39885829523429167,3.203738540057299,5.774951318833108,3.381665120937046,dq100_10_log_variance;cycle10_rms_c_timeweighted,"{""learning_rate"": 0.07, ""max_depth"": 1, ""min_samples_leaf"": 3, ""n_estimators"": 100}",29.691574750002474
Stacking_Ridge,35,6.960183220525703,0.11699253584306203,5.457157032141754,1.5030261883839495,2.6675135883667496,dq100_10_log_variance;cycle10_rms_c_timeweighted,"{""learning_rate"": 0.03, ""max_depth"": 3, ""min_child_weight"": 5, ""n_estimators"": 250, ""reg_lambda"": 10.0}",0.583548750000773
Voting_equal,35,6.89263866736371,0.2939064143195228,5.374008941250643,1.5186297261130672,2.2322747122613418,dq100_10_log_variance;cycle10_rms_c_timeweighted,"{""learning_rate"": 0.03, ""max_depth"": 3, ""min_child_weight"": 5, ""n_estimators"": 250, ""reg_lambda"": 10.0}",0.18732987499970477
