model,model_kind,variant,n_train,nested_MAPE_percent,repeat_MAPE_sd,repeat_MAPE_values,fit_MAPE_percent,overfit_gap_percent_points
OLS_delta_only,ols_delta,baseline,35,7.510005210652543,0.1760378463919341,"[7.322614773050972, 7.5354879578375815, 7.671912901069075]",6.977428830070721,0.5325763805818218
Ridge_alpha1_baseline,ridge_existing,baseline,35,7.101784414952789,0.22213564276078251,"[6.8704400887110495, 7.313394557109923, 7.121518599037392]",6.43013072193767,0.6716536930151191
Ridge_alpha1_plus_top2,ridge_existing,plus_top2,35,6.911931110521066,0.064828427296361,"[6.9306398442878585, 6.965347855196667, 6.839805632078673]",6.242858171722491,0.6690729387985748
CatBoost_baseline,cat,baseline,35,8.178094422837495,0.3408889934387549,"[8.176323730020506, 8.519865313575604, 7.8380942249163725]",3.473841065129088,4.7042533577084065
CatBoost_plus_top2,cat,plus_top2,35,8.151280562446804,0.238759569222285,"[8.181269749586658, 8.37362879768413, 7.8989431400696235]",2.9516268201766502,5.199653742270153
Voting_equal_baseline,voting,baseline,35,6.649884972700584,0.21980115662271402,"[6.422950033444471, 6.861779818913111, 6.66492506574417]",5.234117921609085,1.4157670510914988
Voting_equal_plus_top2,voting,plus_top2,35,6.4520153079842535,0.4814814854808834,"[6.173640789173696, 7.007982055030924, 6.1744230797481405]",4.778278361225519,1.6737369467587344
Stacking_Ridge_baseline,stacking,baseline,35,6.889656876701792,0.14606797834723012,"[6.777796856539366, 7.054909145337213, 6.836264628228796]",5.5692725774923915,1.3203842992094001
Stacking_Ridge_plus_top2,stacking,plus_top2,35,6.644962770645576,0.1286120227447716,"[6.496736479976893, 6.726999138837692, 6.711152693122144]",5.434672870181093,1.210289900464483
