batch,subset,policy_feature,degradation_feature,n,spearman_rho,nominal_p_value,exploratory_multiple_comparisons
ALL,no_high_capacity,c1,early_2_100_qd_slope,130,-0.1873786484021605,0.032780852505156,True
ALL,no_high_capacity,c1,early20_slope,130,-0.1875546398536763,0.03261438342900047,True
ALL,no_high_capacity,c1,late20_slope,130,-0.08297996938970069,0.34793645333706646,True
ALL,no_high_capacity,c1,post_slope,130,-0.030957996268201563,0.7266012373529578,True
ALL,no_high_capacity,c1,knee_observed_position,129,-0.07212914677938419,0.41661117496668004,True
ALL,no_high_capacity,c2,early_2_100_qd_slope,130,-0.17341552457403964,0.0484817887403615,True
ALL,no_high_capacity,c2,early20_slope,130,-0.06010087632855037,0.4969785318525352,True
ALL,no_high_capacity,c2,late20_slope,130,-0.07996815991144564,0.36577236403109475,True
ALL,no_high_capacity,c2,post_slope,130,-0.09526150185348282,0.2809838015908569,True
ALL,no_high_capacity,c2,knee_observed_position,129,0.07858146581798899,0.3760506397973718,True
ALL,no_high_capacity,switch_soc_pct,early_2_100_qd_slope,130,0.1941187990545299,0.02689670389733408,True
ALL,no_high_capacity,switch_soc_pct,early20_slope,130,0.1464509064423932,0.09638306611719735,True
ALL,no_high_capacity,switch_soc_pct,late20_slope,130,0.0962944169242639,0.27577648808772176,True
ALL,no_high_capacity,switch_soc_pct,post_slope,130,0.04214133965975573,0.6340343728894443,True
ALL,no_high_capacity,switch_soc_pct,knee_observed_position,129,0.2198326625076881,0.01230700252170788,True
ALL,no_high_capacity,c_eff_0_80,early_2_100_qd_slope,130,-0.2686690945820467,0.001996537793915759,True
ALL,no_high_capacity,c_eff_0_80,early20_slope,130,-0.03881644801453501,0.6610481964981293,True
ALL,no_high_capacity,c_eff_0_80,late20_slope,130,-0.2418803942979964,0.0055624361574295785,True
ALL,no_high_capacity,c_eff_0_80,post_slope,130,-0.30281768978126006,0.00046195440916995957,True
ALL,no_high_capacity,c_eff_0_80,knee_observed_position,129,0.30249383302774374,0.0004935657405877858,True
ALL,high_capacity_flagged,c1,early_2_100_qd_slope,1,,,True
ALL,high_capacity_flagged,c1,early20_slope,1,,,True
ALL,high_capacity_flagged,c1,late20_slope,1,,,True
ALL,high_capacity_flagged,c1,post_slope,1,,,True
ALL,high_capacity_flagged,c1,knee_observed_position,1,,,True
ALL,high_capacity_flagged,c2,early_2_100_qd_slope,1,,,True
ALL,high_capacity_flagged,c2,early20_slope,1,,,True
ALL,high_capacity_flagged,c2,late20_slope,1,,,True
ALL,high_capacity_flagged,c2,post_slope,1,,,True
ALL,high_capacity_flagged,c2,knee_observed_position,1,,,True
ALL,high_capacity_flagged,switch_soc_pct,early_2_100_qd_slope,1,,,True
ALL,high_capacity_flagged,switch_soc_pct,early20_slope,1,,,True
ALL,high_capacity_flagged,switch_soc_pct,late20_slope,1,,,True
ALL,high_capacity_flagged,switch_soc_pct,post_slope,1,,,True
ALL,high_capacity_flagged,switch_soc_pct,knee_observed_position,1,,,True
ALL,high_capacity_flagged,c_eff_0_80,early_2_100_qd_slope,1,,,True
ALL,high_capacity_flagged,c_eff_0_80,early20_slope,1,,,True
ALL,high_capacity_flagged,c_eff_0_80,late20_slope,1,,,True
ALL,high_capacity_flagged,c_eff_0_80,post_slope,1,,,True
ALL,high_capacity_flagged,c_eff_0_80,knee_observed_position,1,,,True
ALL,no_high_capacity_labeled,c1,early_2_100_qd_slope,128,-0.19533749803937106,0.027129903184743703,True
ALL,no_high_capacity_labeled,c1,early20_slope,128,-0.19852912719348045,0.024673461957840214,True
ALL,no_high_capacity_labeled,c1,late20_slope,128,-0.05536958086668914,0.534753209921941,True
ALL,no_high_capacity_labeled,c1,post_slope,128,-0.0007201329318838979,0.9935631755494334,True
ALL,no_high_capacity_labeled,c1,knee_observed_position,127,-0.052436211672188336,0.558220712949045,True
ALL,no_high_capacity_labeled,c2,early_2_100_qd_slope,128,-0.16982996572209072,0.05530092424208631,True
ALL,no_high_capacity_labeled,c2,early20_slope,128,-0.049097228725004646,0.582076074868462,True
ALL,no_high_capacity_labeled,c2,late20_slope,128,-0.11057130326049552,0.21404714150809023,True
ALL,no_high_capacity_labeled,c2,post_slope,128,-0.12648934229470546,0.15480967459184464,True
ALL,no_high_capacity_labeled,c2,knee_observed_position,127,0.055375857333077316,0.5363389127085857,True
ALL,no_high_capacity_labeled,switch_soc_pct,early_2_100_qd_slope,128,0.20258041527477108,0.021831635716049482,True
ALL,no_high_capacity_labeled,switch_soc_pct,early20_slope,128,0.15662280899877715,0.07747725732238613,True
ALL,no_high_capacity_labeled,switch_soc_pct,late20_slope,128,0.06017539023372586,0.4998409128354832,True
ALL,no_high_capacity_labeled,switch_soc_pct,post_slope,128,0.003479676089978891,0.9689047679960072,True
ALL,no_high_capacity_labeled,switch_soc_pct,knee_observed_position,127,0.19129692054315375,0.031206515443002267,True
ALL,no_high_capacity_labeled,c_eff_0_80,early_2_100_qd_slope,128,-0.2677171149442983,0.002249627866123722,True
ALL,no_high_capacity_labeled,c_eff_0_80,early20_slope,128,-0.03629337046037882,0.6842146491957611,True
ALL,no_high_capacity_labeled,c_eff_0_80,late20_slope,128,-0.24946844169452972,0.004514630452384025,True
ALL,no_high_capacity_labeled,c_eff_0_80,post_slope,128,-0.3115920736770542,0.0003432822450947476,True
ALL,no_high_capacity_labeled,c_eff_0_80,knee_observed_position,127,0.3071302069840383,0.00044433921103296067,True
B1,no_high_capacity,c1,early_2_100_qd_slope,45,-0.5323187781741389,0.00016736655303409764,True
B1,no_high_capacity,c1,early20_slope,45,-0.26511297931386724,0.07840245161616329,True
B1,no_high_capacity,c1,late20_slope,45,-0.5540570973335647,7.861866420869163e-05,True
B1,no_high_capacity,c1,post_slope,45,-0.494580516030912,0.0005534877069842811,True
B1,no_high_capacity,c1,knee_observed_position,44,-0.28147161372846635,0.06417807402269482,True
B1,no_high_capacity,c2,early_2_100_qd_slope,45,-0.10223325086828476,0.5039694358388447,True
B1,no_high_capacity,c2,early20_slope,45,-0.16730412749852921,0.2719892836775712,True
B1,no_high_capacity,c2,late20_slope,45,0.0359138359731259,0.8148193410336396,True
B1,no_high_capacity,c2,post_slope,45,0.004700379350265966,0.9755534884430671,True
B1,no_high_capacity,c2,knee_observed_position,44,0.36841654511124894,0.01386722083303028,True
B1,no_high_capacity,switch_soc_pct,early_2_100_qd_slope,45,0.23971020487631478,0.11274021998875032,True
B1,no_high_capacity,switch_soc_pct,early20_slope,45,-0.01839807600920641,0.9045187144845583,True
B1,no_high_capacity,switch_soc_pct,late20_slope,45,0.238505967173894,0.11461401727118763,True
B1,no_high_capacity,switch_soc_pct,post_slope,45,0.1829772286733801,0.22893877852676933,True
B1,no_high_capacity,switch_soc_pct,knee_observed_position,44,0.2165959837180636,0.15789056905719298,True
B1,no_high_capacity,c_eff_0_80,early_2_100_qd_slope,45,-0.46601747653545195,0.0012540077310485569,True
B1,no_high_capacity,c_eff_0_80,early20_slope,45,-0.4075669303865672,0.0054544843908559395,True
B1,no_high_capacity,c_eff_0_80,late20_slope,45,-0.6347570622503318,2.828164916082607e-06,True
B1,no_high_capacity,c_eff_0_80,post_slope,45,-0.6657675895623532,6.021525416304743e-07,True
B1,no_high_capacity,c_eff_0_80,knee_observed_position,44,0.32620241746614187,0.030696340030398873,True
B1,high_capacity_flagged,c1,early_2_100_qd_slope,1,,,True
B1,high_capacity_flagged,c1,early20_slope,1,,,True
B1,high_capacity_flagged,c1,late20_slope,1,,,True
B1,high_capacity_flagged,c1,post_slope,1,,,True
B1,high_capacity_flagged,c1,knee_observed_position,1,,,True
B1,high_capacity_flagged,c2,early_2_100_qd_slope,1,,,True
B1,high_capacity_flagged,c2,early20_slope,1,,,True
B1,high_capacity_flagged,c2,late20_slope,1,,,True
B1,high_capacity_flagged,c2,post_slope,1,,,True
B1,high_capacity_flagged,c2,knee_observed_position,1,,,True
B1,high_capacity_flagged,switch_soc_pct,early_2_100_qd_slope,1,,,True
B1,high_capacity_flagged,switch_soc_pct,early20_slope,1,,,True
B1,high_capacity_flagged,switch_soc_pct,late20_slope,1,,,True
B1,high_capacity_flagged,switch_soc_pct,post_slope,1,,,True
B1,high_capacity_flagged,switch_soc_pct,knee_observed_position,1,,,True
B1,high_capacity_flagged,c_eff_0_80,early_2_100_qd_slope,1,,,True
B1,high_capacity_flagged,c_eff_0_80,early20_slope,1,,,True
B1,high_capacity_flagged,c_eff_0_80,late20_slope,1,,,True
B1,high_capacity_flagged,c_eff_0_80,post_slope,1,,,True
B1,high_capacity_flagged,c_eff_0_80,knee_observed_position,1,,,True
B1,no_high_capacity_labeled,c1,early_2_100_qd_slope,45,-0.5323187781741389,0.00016736655303409764,True
B1,no_high_capacity_labeled,c1,early20_slope,45,-0.26511297931386724,0.07840245161616329,True
B1,no_high_capacity_labeled,c1,late20_slope,45,-0.5540570973335647,7.861866420869163e-05,True
B1,no_high_capacity_labeled,c1,post_slope,45,-0.494580516030912,0.0005534877069842811,True
B1,no_high_capacity_labeled,c1,knee_observed_position,44,-0.28147161372846635,0.06417807402269482,True
B1,no_high_capacity_labeled,c2,early_2_100_qd_slope,45,-0.10223325086828476,0.5039694358388447,True
B1,no_high_capacity_labeled,c2,early20_slope,45,-0.16730412749852921,0.2719892836775712,True
B1,no_high_capacity_labeled,c2,late20_slope,45,0.0359138359731259,0.8148193410336396,True
B1,no_high_capacity_labeled,c2,post_slope,45,0.004700379350265966,0.9755534884430671,True
B1,no_high_capacity_labeled,c2,knee_observed_position,44,0.36841654511124894,0.01386722083303028,True
B1,no_high_capacity_labeled,switch_soc_pct,early_2_100_qd_slope,45,0.23971020487631478,0.11274021998875032,True
B1,no_high_capacity_labeled,switch_soc_pct,early20_slope,45,-0.01839807600920641,0.9045187144845583,True
B1,no_high_capacity_labeled,switch_soc_pct,late20_slope,45,0.238505967173894,0.11461401727118763,True
B1,no_high_capacity_labeled,switch_soc_pct,post_slope,45,0.1829772286733801,0.22893877852676933,True
B1,no_high_capacity_labeled,switch_soc_pct,knee_observed_position,44,0.2165959837180636,0.15789056905719298,True
B1,no_high_capacity_labeled,c_eff_0_80,early_2_100_qd_slope,45,-0.46601747653545195,0.0012540077310485569,True
B1,no_high_capacity_labeled,c_eff_0_80,early20_slope,45,-0.4075669303865672,0.0054544843908559395,True
B1,no_high_capacity_labeled,c_eff_0_80,late20_slope,45,-0.6347570622503318,2.828164916082607e-06,True
B1,no_high_capacity_labeled,c_eff_0_80,post_slope,45,-0.6657675895623532,6.021525416304743e-07,True
B1,no_high_capacity_labeled,c_eff_0_80,knee_observed_position,44,0.32620241746614187,0.030696340030398873,True
B2,no_high_capacity,c1,early_2_100_qd_slope,39,-0.07202912562767846,0.6630156815341489,True
B2,no_high_capacity,c1,early20_slope,39,0.0071717311231021845,0.9654378644235933,True
B2,no_high_capacity,c1,late20_slope,39,-0.19717063681920066,0.22892896307173455,True
B2,no_high_capacity,c1,post_slope,39,-0.20205572903348765,0.21736902039810904,True
B2,no_high_capacity,c1,knee_observed_position,39,0.2610925881338071,0.10839261621940947,True
B2,no_high_capacity,c2,early_2_100_qd_slope,39,-0.1489463367808303,0.3654820832044123,True
B2,no_high_capacity,c2,early20_slope,39,-0.2332361892033844,0.15301455285410775,True
B2,no_high_capacity,c2,late20_slope,39,0.3937980788180544,0.013123665286181176,True
B2,no_high_capacity,c2,post_slope,39,0.42237439463935933,0.00739431434794865,True
B2,no_high_capacity,c2,knee_observed_position,39,-0.42319673466299407,0.007267985480006609,True
B2,no_high_capacity,switch_soc_pct,early_2_100_qd_slope,39,0.029476840733687743,0.8586191907096549,True
B2,no_high_capacity,switch_soc_pct,early20_slope,39,-0.034201351792048855,0.836245292681326,True
B2,no_high_capacity,switch_soc_pct,late20_slope,39,0.023725262053943794,0.8860029806086279,True
B2,no_high_capacity,switch_soc_pct,post_slope,39,0.013454585840115312,0.9352083928454715,True
B2,no_high_capacity,switch_soc_pct,knee_observed_position,39,0.12335082132808008,0.4543836862291709,True
B2,no_high_capacity,c_eff_0_80,early_2_100_qd_slope,39,-0.4351376448025679,0.0056322346410010975,True
B2,no_high_capacity,c_eff_0_80,early20_slope,39,-0.32024232925147506,0.04686330071806923,True
B2,no_high_capacity,c_eff_0_80,late20_slope,39,0.2824939580740065,0.08142732214619552,True
B2,no_high_capacity,c_eff_0_80,post_slope,39,0.2556781752703403,0.11618274002193092,True
B2,no_high_capacity,c_eff_0_80,knee_observed_position,39,0.15893508192480615,0.33383526526190255,True
B2,high_capacity_flagged,c1,early_2_100_qd_slope,0,,,True
B2,high_capacity_flagged,c1,early20_slope,0,,,True
B2,high_capacity_flagged,c1,late20_slope,0,,,True
B2,high_capacity_flagged,c1,post_slope,0,,,True
B2,high_capacity_flagged,c1,knee_observed_position,0,,,True
B2,high_capacity_flagged,c2,early_2_100_qd_slope,0,,,True
B2,high_capacity_flagged,c2,early20_slope,0,,,True
B2,high_capacity_flagged,c2,late20_slope,0,,,True
B2,high_capacity_flagged,c2,post_slope,0,,,True
B2,high_capacity_flagged,c2,knee_observed_position,0,,,True
B2,high_capacity_flagged,switch_soc_pct,early_2_100_qd_slope,0,,,True
B2,high_capacity_flagged,switch_soc_pct,early20_slope,0,,,True
B2,high_capacity_flagged,switch_soc_pct,late20_slope,0,,,True
B2,high_capacity_flagged,switch_soc_pct,post_slope,0,,,True
B2,high_capacity_flagged,switch_soc_pct,knee_observed_position,0,,,True
B2,high_capacity_flagged,c_eff_0_80,early_2_100_qd_slope,0,,,True
B2,high_capacity_flagged,c_eff_0_80,early20_slope,0,,,True
B2,high_capacity_flagged,c_eff_0_80,late20_slope,0,,,True
B2,high_capacity_flagged,c_eff_0_80,post_slope,0,,,True
B2,high_capacity_flagged,c_eff_0_80,knee_observed_position,0,,,True
B2,no_high_capacity_labeled,c1,early_2_100_qd_slope,39,-0.07202912562767846,0.6630156815341489,True
B2,no_high_capacity_labeled,c1,early20_slope,39,0.0071717311231021845,0.9654378644235933,True
B2,no_high_capacity_labeled,c1,late20_slope,39,-0.19717063681920066,0.22892896307173455,True
B2,no_high_capacity_labeled,c1,post_slope,39,-0.20205572903348765,0.21736902039810904,True
B2,no_high_capacity_labeled,c1,knee_observed_position,39,0.2610925881338071,0.10839261621940947,True
B2,no_high_capacity_labeled,c2,early_2_100_qd_slope,39,-0.1489463367808303,0.3654820832044123,True
B2,no_high_capacity_labeled,c2,early20_slope,39,-0.2332361892033844,0.15301455285410775,True
B2,no_high_capacity_labeled,c2,late20_slope,39,0.3937980788180544,0.013123665286181176,True
B2,no_high_capacity_labeled,c2,post_slope,39,0.42237439463935933,0.00739431434794865,True
B2,no_high_capacity_labeled,c2,knee_observed_position,39,-0.42319673466299407,0.007267985480006609,True
B2,no_high_capacity_labeled,switch_soc_pct,early_2_100_qd_slope,39,0.029476840733687743,0.8586191907096549,True
B2,no_high_capacity_labeled,switch_soc_pct,early20_slope,39,-0.034201351792048855,0.836245292681326,True
B2,no_high_capacity_labeled,switch_soc_pct,late20_slope,39,0.023725262053943794,0.8860029806086279,True
B2,no_high_capacity_labeled,switch_soc_pct,post_slope,39,0.013454585840115312,0.9352083928454715,True
B2,no_high_capacity_labeled,switch_soc_pct,knee_observed_position,39,0.12335082132808008,0.4543836862291709,True
B2,no_high_capacity_labeled,c_eff_0_80,early_2_100_qd_slope,39,-0.4351376448025679,0.0056322346410010975,True
B2,no_high_capacity_labeled,c_eff_0_80,early20_slope,39,-0.32024232925147506,0.04686330071806923,True
B2,no_high_capacity_labeled,c_eff_0_80,late20_slope,39,0.2824939580740065,0.08142732214619552,True
B2,no_high_capacity_labeled,c_eff_0_80,post_slope,39,0.2556781752703403,0.11618274002193092,True
B2,no_high_capacity_labeled,c_eff_0_80,knee_observed_position,39,0.15893508192480615,0.33383526526190255,True
B3,no_high_capacity,c1,early_2_100_qd_slope,46,-0.08222580965779977,0.5869534187221541,True
B3,no_high_capacity,c1,early20_slope,46,-0.05790728834587906,0.702269419248937,True
B3,no_high_capacity,c1,late20_slope,46,-0.536785324206208,0.00012015777663676507,True
B3,no_high_capacity,c1,post_slope,46,-0.434304662594093,0.002563421457203341,True
B3,no_high_capacity,c1,knee_observed_position,46,-0.1483874263863151,0.32502806895870084,True
B3,no_high_capacity,c2,early_2_100_qd_slope,46,-0.18972556535741925,0.2066339092237402,True
B3,no_high_capacity,c2,early20_slope,46,-0.34924732833686806,0.017361042452740772,True
B3,no_high_capacity,c2,late20_slope,46,0.4663187892346736,0.0010891802335053786,True
B3,no_high_capacity,c2,post_slope,46,0.6568692483545164,7.129092270773213e-07,True
B3,no_high_capacity,c2,knee_observed_position,46,-0.49519007091949824,0.0004673774319634794,True
B3,no_high_capacity,switch_soc_pct,early_2_100_qd_slope,46,0.36560015029142956,0.012470413132080315,True
B3,no_high_capacity,switch_soc_pct,early20_slope,46,0.46969160213358385,0.0009904070515224545,True
B3,no_high_capacity,switch_soc_pct,late20_slope,46,0.3258243525569051,0.02712464388896286,True
B3,no_high_capacity,switch_soc_pct,post_slope,46,0.11664237075053638,0.44012865144786834,True
B3,no_high_capacity,switch_soc_pct,knee_observed_position,46,0.606752632003727,7.821614755530632e-06,True
B3,no_high_capacity,c_eff_0_80,early_2_100_qd_slope,46,-0.06612648320386404,0.6623816258407016,True
B3,no_high_capacity,c_eff_0_80,early20_slope,46,0.08005113453007903,0.5969154970565551,True
B3,no_high_capacity,c_eff_0_80,late20_slope,46,-0.28611099720500943,0.05390430223598885,True
B3,no_high_capacity,c_eff_0_80,post_slope,46,-0.3118372588480614,0.03488417332027545,True
B3,no_high_capacity,c_eff_0_80,knee_observed_position,46,0.10284260418957891,0.4964263685572541,True
B3,high_capacity_flagged,c1,early_2_100_qd_slope,0,,,True
B3,high_capacity_flagged,c1,early20_slope,0,,,True
B3,high_capacity_flagged,c1,late20_slope,0,,,True
B3,high_capacity_flagged,c1,post_slope,0,,,True
B3,high_capacity_flagged,c1,knee_observed_position,0,,,True
B3,high_capacity_flagged,c2,early_2_100_qd_slope,0,,,True
B3,high_capacity_flagged,c2,early20_slope,0,,,True
B3,high_capacity_flagged,c2,late20_slope,0,,,True
B3,high_capacity_flagged,c2,post_slope,0,,,True
B3,high_capacity_flagged,c2,knee_observed_position,0,,,True
B3,high_capacity_flagged,switch_soc_pct,early_2_100_qd_slope,0,,,True
B3,high_capacity_flagged,switch_soc_pct,early20_slope,0,,,True
B3,high_capacity_flagged,switch_soc_pct,late20_slope,0,,,True
B3,high_capacity_flagged,switch_soc_pct,post_slope,0,,,True
B3,high_capacity_flagged,switch_soc_pct,knee_observed_position,0,,,True
B3,high_capacity_flagged,c_eff_0_80,early_2_100_qd_slope,0,,,True
B3,high_capacity_flagged,c_eff_0_80,early20_slope,0,,,True
B3,high_capacity_flagged,c_eff_0_80,late20_slope,0,,,True
B3,high_capacity_flagged,c_eff_0_80,post_slope,0,,,True
B3,high_capacity_flagged,c_eff_0_80,knee_observed_position,0,,,True
B3,no_high_capacity_labeled,c1,early_2_100_qd_slope,44,-0.09251826917665788,0.5502985268509322,True
B3,no_high_capacity_labeled,c1,early20_slope,44,-0.07258901936973629,0.6396000761129296,True
B3,no_high_capacity_labeled,c1,late20_slope,44,-0.48368434750375394,0.0008802654031405081,True
B3,no_high_capacity_labeled,c1,post_slope,44,-0.36527260047576726,0.014764824601073721,True
B3,no_high_capacity_labeled,c1,knee_observed_position,44,-0.09113631389807574,0.5562953433753168,True
B3,no_high_capacity_labeled,c2,early_2_100_qd_slope,44,-0.19936109840768818,0.19448987108380766,True
B3,no_high_capacity_labeled,c2,early20_slope,44,-0.3567858665998327,0.017437650544609558,True
B3,no_high_capacity_labeled,c2,late20_slope,44,0.4030103137698254,0.0066798220053200475,True
B3,no_high_capacity_labeled,c2,post_slope,44,0.6202506794791144,7.099349273363211e-06,True
B3,no_high_capacity_labeled,c2,knee_observed_position,44,-0.6450345418768619,2.284546435082532e-06,True
B3,no_high_capacity_labeled,switch_soc_pct,early_2_100_qd_slope,44,0.3837477709501395,0.010125828749423747,True
B3,no_high_capacity_labeled,switch_soc_pct,early20_slope,44,0.49677426205929176,0.0006033975036957858,True
B3,no_high_capacity_labeled,switch_soc_pct,late20_slope,44,0.2346155951811191,0.12528888464109517,True
B3,no_high_capacity_labeled,switch_soc_pct,post_slope,44,-0.004281306481407283,0.9779959250478929,True
B3,no_high_capacity_labeled,switch_soc_pct,knee_observed_position,44,0.57604978707335,4.2833565861723304e-05,True
B3,no_high_capacity_labeled,c_eff_0_80,early_2_100_qd_slope,44,-0.06636025046181289,0.6686625888294842,True
B3,no_high_capacity_labeled,c_eff_0_80,early20_slope,44,0.0665029606778598,0.6679911323363675,True
B3,no_high_capacity_labeled,c_eff_0_80,late20_slope,44,-0.2675816550879552,0.07908558460056507,True
B3,no_high_capacity_labeled,c_eff_0_80,post_slope,44,-0.2982643515380407,0.04923837428994021,True
B3,no_high_capacity_labeled,c_eff_0_80,knee_observed_position,44,0.1460639061240118,0.3441113472716131,True
