repeat,seed,fold,cell_key,actual_cycle_life,predicted_cycle_life,baseline_cycle_life
1,42,3,B1c3,1226.0,1148.4685850268254,857.0
1,42,3,B1c4,1227.0,1269.4628472564855,857.0
1,42,1,B1c5,1074.0,1040.117836233742,848.0
1,42,1,B1c6,636.0,800.6840851556037,848.0
1,42,1,B1c7,870.0,823.6877814451337,848.0
1,42,2,B1c8,879.0,925.7888055264447,857.0
1,42,2,B1c9,1054.0,955.9976829984523,857.0
1,42,1,B1c10,906.0,967.018747451163,848.0
1,42,1,B1c11,788.0,1011.8891248450118,848.0
1,42,4,B1c12,902.0,903.7542121968519,862.0
1,42,4,B1c13,897.0,922.0753615365493,862.0
1,42,5,B1c16,862.0,904.1078621576224,870.0
1,42,5,B1c17,857.0,838.1150695396258,870.0
1,42,4,B1c20,534.0,619.6511888983505,862.0
1,42,4,B1c21,559.0,525.4419935244033,862.0
1,42,1,B1c22,891.0,904.126751291751,848.0
1,42,1,B1c23,1014.0,934.4721091823493,848.0
1,42,5,B1c24,1017.0,892.8693329774416,870.0
1,42,5,B1c25,854.0,916.7491536126812,870.0
1,42,3,B1c26,870.0,798.186918250727,857.0
1,42,3,B1c27,842.0,802.6176908669157,857.0
1,42,3,B1c30,709.0,710.4648808021335,857.0
1,42,3,B1c31,876.0,764.6681851438564,857.0
1,42,4,B1c32,731.0,685.5395797712544,862.0
1,42,4,B1c33,757.0,727.5119589495342,862.0
1,42,5,B1c36,704.0,734.7038545874666,870.0
1,42,5,B1c37,648.0,713.5316015084621,870.0
1,42,2,B1c38,617.0,616.7348697100056,857.0
1,42,2,B1c39,625.0,631.5316846712149,857.0
1,42,2,B1c40,966.0,984.0533747612561,857.0
1,42,2,B1c41,1051.0,978.944771554751,857.0
1,42,2,B1c42,702.0,725.0650417260898,857.0
1,42,2,B1c43,651.0,701.9864177689172,857.0
1,42,3,B1c44,616.0,613.3676731952054,857.0
1,42,3,B1c45,599.0,603.053156870883,857.0
2,7,2,B1c3,1226.0,1162.291986885462,848.0
2,7,2,B1c4,1227.0,1259.921740446435,848.0
2,7,2,B1c5,1074.0,1006.060374518924,848.0
2,7,2,B1c6,636.0,789.1827292769683,848.0
2,7,2,B1c7,870.0,812.2061694859788,848.0
2,7,4,B1c8,879.0,933.2690264709798,854.0
2,7,4,B1c9,1054.0,961.4239337518925,854.0
2,7,2,B1c10,906.0,947.3642486894632,848.0
2,7,2,B1c11,788.0,992.32733215787,848.0
2,7,5,B1c12,902.0,893.418379508414,788.0
2,7,5,B1c13,897.0,891.0537434680946,788.0
2,7,4,B1c16,862.0,901.2484232197312,854.0
2,7,4,B1c17,857.0,845.405094798063,854.0
2,7,3,B1c20,534.0,643.3353138153997,870.0
2,7,3,B1c21,559.0,532.0695297094032,870.0
2,7,1,B1c22,891.0,906.0037403498604,870.0
2,7,1,B1c23,1014.0,933.9450787795747,870.0
2,7,3,B1c24,1017.0,887.1113821246103,870.0
2,7,3,B1c25,854.0,922.5015070702831,870.0
2,7,5,B1c26,870.0,813.5525669179802,788.0
2,7,5,B1c27,842.0,819.446691299191,788.0
2,7,3,B1c30,709.0,700.0733248218609,870.0
2,7,3,B1c31,876.0,780.915151713632,870.0
2,7,1,B1c32,731.0,658.9266444548723,870.0
2,7,1,B1c33,757.0,685.0038733312671,870.0
2,7,1,B1c36,704.0,715.1093512815831,870.0
2,7,1,B1c37,648.0,700.2882239737872,870.0
2,7,4,B1c38,617.0,618.3464506064727,854.0
2,7,4,B1c39,625.0,630.7533741150148,854.0
2,7,5,B1c40,966.0,974.3278988921634,788.0
2,7,5,B1c41,1051.0,971.8713554396745,788.0
2,7,1,B1c42,702.0,712.6002553374587,870.0
2,7,1,B1c43,651.0,692.619708925531,870.0
2,7,3,B1c44,616.0,664.2000910801329,870.0
2,7,3,B1c45,599.0,636.8477769577798,870.0
3,2026,3,B1c3,1226.0,1164.6254428930479,854.0
3,2026,3,B1c4,1227.0,1256.824700271574,854.0
3,2026,2,B1c5,1074.0,964.9982670892925,855.5
3,2026,5,B1c6,636.0,778.9900747275794,842.0
3,2026,5,B1c7,870.0,801.325465226839,842.0
3,2026,3,B1c8,879.0,927.4349662554521,854.0
3,2026,3,B1c9,1054.0,960.5578784204014,854.0
3,2026,3,B1c10,906.0,937.436160299183,854.0
3,2026,3,B1c11,788.0,984.8670861301239,854.0
3,2026,4,B1c12,902.0,920.201396202979,854.0
3,2026,4,B1c13,897.0,918.3079410730326,854.0
3,2026,5,B1c16,862.0,934.9672023645487,842.0
3,2026,5,B1c17,857.0,849.158305615905,842.0
3,2026,1,B1c20,534.0,559.441484915023,876.0
3,2026,1,B1c21,559.0,516.5959106676887,876.0
3,2026,4,B1c22,891.0,899.0270993137407,854.0
3,2026,4,B1c23,1014.0,927.9926471245948,854.0
3,2026,5,B1c24,1017.0,920.1741456664741,842.0
3,2026,5,B1c25,854.0,964.7160166699131,842.0
3,2026,1,B1c26,870.0,814.7338573235705,876.0
3,2026,1,B1c27,842.0,814.6476795957819,876.0
3,2026,2,B1c30,709.0,728.5796859482542,855.5
3,2026,2,B1c31,876.0,749.76068029643,855.5
3,2026,1,B1c32,731.0,655.4989312099653,876.0
3,2026,1,B1c33,757.0,686.4531485187231,876.0
3,2026,1,B1c36,704.0,713.8955526334177,876.0
3,2026,1,B1c37,648.0,690.4890582759945,876.0
3,2026,4,B1c38,617.0,617.5255157708372,854.0
3,2026,4,B1c39,625.0,626.4211459357431,854.0
3,2026,2,B1c40,966.0,917.7498162098569,855.5
3,2026,2,B1c41,1051.0,913.0315542429256,855.5
3,2026,3,B1c42,702.0,721.6428270748142,854.0
3,2026,3,B1c43,651.0,705.7834791146727,854.0
3,2026,2,B1c44,616.0,620.2590925966222,855.5
3,2026,2,B1c45,599.0,607.2954844815695,855.5
