candidate,pearson_cycle_life,abs_pearson_cycle_life,n_training,rank,selected_top2
dq100_10_q05_ah,0.8818005031748829,0.8818005031748829,35,1,True
dq100_10_mean_ah,0.8467516842392205,0.8467516842392205,35,2,True
dq100_10_mean_v2p0_2p4_ah,0.7634796396085782,0.7634796396085782,35,3,False
chargetime_median_2_100_minutes,0.6555912179563547,0.6555912179563547,35,4,False
capacity_theilsen_10_100_relative,0.5673165297342707,0.5673165297342707,35,5,False
capacity_q100_q10_change_relative,0.5493288770403807,0.5493288770403807,35,6,False
capacity_theilsen_60_100_relative,0.48842488094137143,0.48842488094137143,35,7,False
tavg_median_2_100_degC,-0.45407235731732165,0.45407235731732165,35,8,False
tavg_theilsen_10_100_degC_per_cycle,-0.39746762606760827,0.39746762606760827,35,9,False
