repeat,seed,fold,role,cell_key,policy
1,42,1,train,B1c3,4C(80%)-4C
1,42,1,train,B1c4,4C(80%)-4C
1,42,1,train,B1c8,5.4C(40%)-3.6C
1,42,1,train,B1c9,5.4C(40%)-3.6C
1,42,1,train,B1c12,5.4C(50%)-3.6C
1,42,1,train,B1c13,5.4C(50%)-3.6C
1,42,1,train,B1c16,5.4C(60%)-3.6C
1,42,1,train,B1c17,5.4C(60%)-3.6C
1,42,1,train,B1c20,5.4C(80%)-5.4C
1,42,1,train,B1c21,5.4C(80%)-5.4C
1,42,1,train,B1c24,6C(40%)-3C
1,42,1,train,B1c25,6C(40%)-3C
1,42,1,train,B1c26,6C(40%)-3.6C
1,42,1,train,B1c27,6C(40%)-3.6C
1,42,1,train,B1c30,6C(50%)-3.6C
1,42,1,train,B1c31,6C(50%)-3.6C
1,42,1,train,B1c32,6C(60%)-3C
1,42,1,train,B1c33,6C(60%)-3C
1,42,1,train,B1c36,7C(40%)-3C
1,42,1,train,B1c37,7C(40%)-3C
1,42,1,train,B1c38,7C(40%)-3.6C
1,42,1,train,B1c39,7C(40%)-3.6C
1,42,1,train,B1c40,8C(15%)-3.6C
1,42,1,train,B1c41,8C(15%)-3.6C
1,42,1,train,B1c42,8C(25%)-3.6C
1,42,1,train,B1c43,8C(25%)-3.6C
1,42,1,train,B1c44,8C(35%)-3.6C
1,42,1,train,B1c45,8C(35%)-3.6C
1,42,1,valid,B1c5,4.4C(80%)-4.4C
1,42,1,valid,B1c6,4.8C(80%)-4.8C
1,42,1,valid,B1c7,4.8C(80%)-4.8C
1,42,1,valid,B1c10,5.4C(50%)-3C
1,42,1,valid,B1c11,5.4C(50%)-3C
1,42,1,valid,B1c22,6C(30%)-3.6C
1,42,1,valid,B1c23,6C(30%)-3.6C
1,42,2,train,B1c3,4C(80%)-4C
1,42,2,train,B1c4,4C(80%)-4C
1,42,2,train,B1c5,4.4C(80%)-4.4C
1,42,2,train,B1c6,4.8C(80%)-4.8C
1,42,2,train,B1c7,4.8C(80%)-4.8C
1,42,2,train,B1c10,5.4C(50%)-3C
1,42,2,train,B1c11,5.4C(50%)-3C
1,42,2,train,B1c12,5.4C(50%)-3.6C
1,42,2,train,B1c13,5.4C(50%)-3.6C
1,42,2,train,B1c16,5.4C(60%)-3.6C
1,42,2,train,B1c17,5.4C(60%)-3.6C
1,42,2,train,B1c20,5.4C(80%)-5.4C
1,42,2,train,B1c21,5.4C(80%)-5.4C
1,42,2,train,B1c22,6C(30%)-3.6C
1,42,2,train,B1c23,6C(30%)-3.6C
1,42,2,train,B1c24,6C(40%)-3C
1,42,2,train,B1c25,6C(40%)-3C
1,42,2,train,B1c26,6C(40%)-3.6C
1,42,2,train,B1c27,6C(40%)-3.6C
1,42,2,train,B1c30,6C(50%)-3.6C
1,42,2,train,B1c31,6C(50%)-3.6C
1,42,2,train,B1c32,6C(60%)-3C
1,42,2,train,B1c33,6C(60%)-3C
1,42,2,train,B1c36,7C(40%)-3C
1,42,2,train,B1c37,7C(40%)-3C
1,42,2,train,B1c44,8C(35%)-3.6C
1,42,2,train,B1c45,8C(35%)-3.6C
1,42,2,valid,B1c8,5.4C(40%)-3.6C
1,42,2,valid,B1c9,5.4C(40%)-3.6C
1,42,2,valid,B1c38,7C(40%)-3.6C
1,42,2,valid,B1c39,7C(40%)-3.6C
1,42,2,valid,B1c40,8C(15%)-3.6C
1,42,2,valid,B1c41,8C(15%)-3.6C
1,42,2,valid,B1c42,8C(25%)-3.6C
1,42,2,valid,B1c43,8C(25%)-3.6C
1,42,3,train,B1c5,4.4C(80%)-4.4C
1,42,3,train,B1c6,4.8C(80%)-4.8C
1,42,3,train,B1c7,4.8C(80%)-4.8C
1,42,3,train,B1c8,5.4C(40%)-3.6C
1,42,3,train,B1c9,5.4C(40%)-3.6C
1,42,3,train,B1c10,5.4C(50%)-3C
1,42,3,train,B1c11,5.4C(50%)-3C
1,42,3,train,B1c12,5.4C(50%)-3.6C
1,42,3,train,B1c13,5.4C(50%)-3.6C
1,42,3,train,B1c16,5.4C(60%)-3.6C
1,42,3,train,B1c17,5.4C(60%)-3.6C
1,42,3,train,B1c20,5.4C(80%)-5.4C
1,42,3,train,B1c21,5.4C(80%)-5.4C
1,42,3,train,B1c22,6C(30%)-3.6C
1,42,3,train,B1c23,6C(30%)-3.6C
1,42,3,train,B1c24,6C(40%)-3C
1,42,3,train,B1c25,6C(40%)-3C
1,42,3,train,B1c32,6C(60%)-3C
1,42,3,train,B1c33,6C(60%)-3C
1,42,3,train,B1c36,7C(40%)-3C
1,42,3,train,B1c37,7C(40%)-3C
1,42,3,train,B1c38,7C(40%)-3.6C
1,42,3,train,B1c39,7C(40%)-3.6C
1,42,3,train,B1c40,8C(15%)-3.6C
1,42,3,train,B1c41,8C(15%)-3.6C
1,42,3,train,B1c42,8C(25%)-3.6C
1,42,3,train,B1c43,8C(25%)-3.6C
1,42,3,valid,B1c3,4C(80%)-4C
1,42,3,valid,B1c4,4C(80%)-4C
1,42,3,valid,B1c26,6C(40%)-3.6C
1,42,3,valid,B1c27,6C(40%)-3.6C
1,42,3,valid,B1c30,6C(50%)-3.6C
1,42,3,valid,B1c31,6C(50%)-3.6C
1,42,3,valid,B1c44,8C(35%)-3.6C
1,42,3,valid,B1c45,8C(35%)-3.6C
1,42,4,train,B1c3,4C(80%)-4C
1,42,4,train,B1c4,4C(80%)-4C
1,42,4,train,B1c5,4.4C(80%)-4.4C
1,42,4,train,B1c6,4.8C(80%)-4.8C
1,42,4,train,B1c7,4.8C(80%)-4.8C
1,42,4,train,B1c8,5.4C(40%)-3.6C
1,42,4,train,B1c9,5.4C(40%)-3.6C
1,42,4,train,B1c10,5.4C(50%)-3C
1,42,4,train,B1c11,5.4C(50%)-3C
1,42,4,train,B1c16,5.4C(60%)-3.6C
1,42,4,train,B1c17,5.4C(60%)-3.6C
1,42,4,train,B1c22,6C(30%)-3.6C
1,42,4,train,B1c23,6C(30%)-3.6C
1,42,4,train,B1c24,6C(40%)-3C
1,42,4,train,B1c25,6C(40%)-3C
1,42,4,train,B1c26,6C(40%)-3.6C
1,42,4,train,B1c27,6C(40%)-3.6C
1,42,4,train,B1c30,6C(50%)-3.6C
1,42,4,train,B1c31,6C(50%)-3.6C
1,42,4,train,B1c36,7C(40%)-3C
1,42,4,train,B1c37,7C(40%)-3C
1,42,4,train,B1c38,7C(40%)-3.6C
1,42,4,train,B1c39,7C(40%)-3.6C
1,42,4,train,B1c40,8C(15%)-3.6C
1,42,4,train,B1c41,8C(15%)-3.6C
1,42,4,train,B1c42,8C(25%)-3.6C
1,42,4,train,B1c43,8C(25%)-3.6C
1,42,4,train,B1c44,8C(35%)-3.6C
1,42,4,train,B1c45,8C(35%)-3.6C
1,42,4,valid,B1c12,5.4C(50%)-3.6C
1,42,4,valid,B1c13,5.4C(50%)-3.6C
1,42,4,valid,B1c20,5.4C(80%)-5.4C
1,42,4,valid,B1c21,5.4C(80%)-5.4C
1,42,4,valid,B1c32,6C(60%)-3C
1,42,4,valid,B1c33,6C(60%)-3C
1,42,5,train,B1c3,4C(80%)-4C
1,42,5,train,B1c4,4C(80%)-4C
1,42,5,train,B1c5,4.4C(80%)-4.4C
1,42,5,train,B1c6,4.8C(80%)-4.8C
1,42,5,train,B1c7,4.8C(80%)-4.8C
1,42,5,train,B1c8,5.4C(40%)-3.6C
1,42,5,train,B1c9,5.4C(40%)-3.6C
1,42,5,train,B1c10,5.4C(50%)-3C
1,42,5,train,B1c11,5.4C(50%)-3C
1,42,5,train,B1c12,5.4C(50%)-3.6C
1,42,5,train,B1c13,5.4C(50%)-3.6C
1,42,5,train,B1c20,5.4C(80%)-5.4C
1,42,5,train,B1c21,5.4C(80%)-5.4C
1,42,5,train,B1c22,6C(30%)-3.6C
1,42,5,train,B1c23,6C(30%)-3.6C
1,42,5,train,B1c26,6C(40%)-3.6C
1,42,5,train,B1c27,6C(40%)-3.6C
1,42,5,train,B1c30,6C(50%)-3.6C
1,42,5,train,B1c31,6C(50%)-3.6C
1,42,5,train,B1c32,6C(60%)-3C
1,42,5,train,B1c33,6C(60%)-3C
1,42,5,train,B1c38,7C(40%)-3.6C
1,42,5,train,B1c39,7C(40%)-3.6C
1,42,5,train,B1c40,8C(15%)-3.6C
1,42,5,train,B1c41,8C(15%)-3.6C
1,42,5,train,B1c42,8C(25%)-3.6C
1,42,5,train,B1c43,8C(25%)-3.6C
1,42,5,train,B1c44,8C(35%)-3.6C
1,42,5,train,B1c45,8C(35%)-3.6C
1,42,5,valid,B1c16,5.4C(60%)-3.6C
1,42,5,valid,B1c17,5.4C(60%)-3.6C
1,42,5,valid,B1c24,6C(40%)-3C
1,42,5,valid,B1c25,6C(40%)-3C
1,42,5,valid,B1c36,7C(40%)-3C
1,42,5,valid,B1c37,7C(40%)-3C
2,7,1,train,B1c3,4C(80%)-4C
2,7,1,train,B1c4,4C(80%)-4C
2,7,1,train,B1c5,4.4C(80%)-4.4C
2,7,1,train,B1c6,4.8C(80%)-4.8C
2,7,1,train,B1c7,4.8C(80%)-4.8C
2,7,1,train,B1c8,5.4C(40%)-3.6C
2,7,1,train,B1c9,5.4C(40%)-3.6C
2,7,1,train,B1c10,5.4C(50%)-3C
2,7,1,train,B1c11,5.4C(50%)-3C
2,7,1,train,B1c12,5.4C(50%)-3.6C
2,7,1,train,B1c13,5.4C(50%)-3.6C
2,7,1,train,B1c16,5.4C(60%)-3.6C
2,7,1,train,B1c17,5.4C(60%)-3.6C
2,7,1,train,B1c20,5.4C(80%)-5.4C
2,7,1,train,B1c21,5.4C(80%)-5.4C
2,7,1,train,B1c24,6C(40%)-3C
2,7,1,train,B1c25,6C(40%)-3C
2,7,1,train,B1c26,6C(40%)-3.6C
2,7,1,train,B1c27,6C(40%)-3.6C
2,7,1,train,B1c30,6C(50%)-3.6C
2,7,1,train,B1c31,6C(50%)-3.6C
2,7,1,train,B1c38,7C(40%)-3.6C
2,7,1,train,B1c39,7C(40%)-3.6C
2,7,1,train,B1c40,8C(15%)-3.6C
2,7,1,train,B1c41,8C(15%)-3.6C
2,7,1,train,B1c44,8C(35%)-3.6C
2,7,1,train,B1c45,8C(35%)-3.6C
2,7,1,valid,B1c22,6C(30%)-3.6C
2,7,1,valid,B1c23,6C(30%)-3.6C
2,7,1,valid,B1c32,6C(60%)-3C
2,7,1,valid,B1c33,6C(60%)-3C
2,7,1,valid,B1c36,7C(40%)-3C
2,7,1,valid,B1c37,7C(40%)-3C
2,7,1,valid,B1c42,8C(25%)-3.6C
2,7,1,valid,B1c43,8C(25%)-3.6C
2,7,2,train,B1c8,5.4C(40%)-3.6C
2,7,2,train,B1c9,5.4C(40%)-3.6C
2,7,2,train,B1c12,5.4C(50%)-3.6C
2,7,2,train,B1c13,5.4C(50%)-3.6C
2,7,2,train,B1c16,5.4C(60%)-3.6C
2,7,2,train,B1c17,5.4C(60%)-3.6C
2,7,2,train,B1c20,5.4C(80%)-5.4C
2,7,2,train,B1c21,5.4C(80%)-5.4C
2,7,2,train,B1c22,6C(30%)-3.6C
2,7,2,train,B1c23,6C(30%)-3.6C
2,7,2,train,B1c24,6C(40%)-3C
2,7,2,train,B1c25,6C(40%)-3C
2,7,2,train,B1c26,6C(40%)-3.6C
2,7,2,train,B1c27,6C(40%)-3.6C
2,7,2,train,B1c30,6C(50%)-3.6C
2,7,2,train,B1c31,6C(50%)-3.6C
2,7,2,train,B1c32,6C(60%)-3C
2,7,2,train,B1c33,6C(60%)-3C
2,7,2,train,B1c36,7C(40%)-3C
2,7,2,train,B1c37,7C(40%)-3C
2,7,2,train,B1c38,7C(40%)-3.6C
2,7,2,train,B1c39,7C(40%)-3.6C
2,7,2,train,B1c40,8C(15%)-3.6C
2,7,2,train,B1c41,8C(15%)-3.6C
2,7,2,train,B1c42,8C(25%)-3.6C
2,7,2,train,B1c43,8C(25%)-3.6C
2,7,2,train,B1c44,8C(35%)-3.6C
2,7,2,train,B1c45,8C(35%)-3.6C
2,7,2,valid,B1c3,4C(80%)-4C
2,7,2,valid,B1c4,4C(80%)-4C
2,7,2,valid,B1c5,4.4C(80%)-4.4C
2,7,2,valid,B1c6,4.8C(80%)-4.8C
2,7,2,valid,B1c7,4.8C(80%)-4.8C
2,7,2,valid,B1c10,5.4C(50%)-3C
2,7,2,valid,B1c11,5.4C(50%)-3C
2,7,3,train,B1c3,4C(80%)-4C
2,7,3,train,B1c4,4C(80%)-4C
2,7,3,train,B1c5,4.4C(80%)-4.4C
2,7,3,train,B1c6,4.8C(80%)-4.8C
2,7,3,train,B1c7,4.8C(80%)-4.8C
2,7,3,train,B1c8,5.4C(40%)-3.6C
2,7,3,train,B1c9,5.4C(40%)-3.6C
2,7,3,train,B1c10,5.4C(50%)-3C
2,7,3,train,B1c11,5.4C(50%)-3C
2,7,3,train,B1c12,5.4C(50%)-3.6C
2,7,3,train,B1c13,5.4C(50%)-3.6C
2,7,3,train,B1c16,5.4C(60%)-3.6C
2,7,3,train,B1c17,5.4C(60%)-3.6C
2,7,3,train,B1c22,6C(30%)-3.6C
2,7,3,train,B1c23,6C(30%)-3.6C
2,7,3,train,B1c26,6C(40%)-3.6C
2,7,3,train,B1c27,6C(40%)-3.6C
2,7,3,train,B1c32,6C(60%)-3C
2,7,3,train,B1c33,6C(60%)-3C
2,7,3,train,B1c36,7C(40%)-3C
2,7,3,train,B1c37,7C(40%)-3C
2,7,3,train,B1c38,7C(40%)-3.6C
2,7,3,train,B1c39,7C(40%)-3.6C
2,7,3,train,B1c40,8C(15%)-3.6C
2,7,3,train,B1c41,8C(15%)-3.6C
2,7,3,train,B1c42,8C(25%)-3.6C
2,7,3,train,B1c43,8C(25%)-3.6C
2,7,3,valid,B1c20,5.4C(80%)-5.4C
2,7,3,valid,B1c21,5.4C(80%)-5.4C
2,7,3,valid,B1c24,6C(40%)-3C
2,7,3,valid,B1c25,6C(40%)-3C
2,7,3,valid,B1c30,6C(50%)-3.6C
2,7,3,valid,B1c31,6C(50%)-3.6C
2,7,3,valid,B1c44,8C(35%)-3.6C
2,7,3,valid,B1c45,8C(35%)-3.6C
2,7,4,train,B1c3,4C(80%)-4C
2,7,4,train,B1c4,4C(80%)-4C
2,7,4,train,B1c5,4.4C(80%)-4.4C
2,7,4,train,B1c6,4.8C(80%)-4.8C
2,7,4,train,B1c7,4.8C(80%)-4.8C
2,7,4,train,B1c10,5.4C(50%)-3C
2,7,4,train,B1c11,5.4C(50%)-3C
2,7,4,train,B1c12,5.4C(50%)-3.6C
2,7,4,train,B1c13,5.4C(50%)-3.6C
2,7,4,train,B1c20,5.4C(80%)-5.4C
2,7,4,train,B1c21,5.4C(80%)-5.4C
2,7,4,train,B1c22,6C(30%)-3.6C
2,7,4,train,B1c23,6C(30%)-3.6C
2,7,4,train,B1c24,6C(40%)-3C
2,7,4,train,B1c25,6C(40%)-3C
2,7,4,train,B1c26,6C(40%)-3.6C
2,7,4,train,B1c27,6C(40%)-3.6C
2,7,4,train,B1c30,6C(50%)-3.6C
2,7,4,train,B1c31,6C(50%)-3.6C
2,7,4,train,B1c32,6C(60%)-3C
2,7,4,train,B1c33,6C(60%)-3C
2,7,4,train,B1c36,7C(40%)-3C
2,7,4,train,B1c37,7C(40%)-3C
2,7,4,train,B1c40,8C(15%)-3.6C
2,7,4,train,B1c41,8C(15%)-3.6C
2,7,4,train,B1c42,8C(25%)-3.6C
2,7,4,train,B1c43,8C(25%)-3.6C
2,7,4,train,B1c44,8C(35%)-3.6C
2,7,4,train,B1c45,8C(35%)-3.6C
2,7,4,valid,B1c8,5.4C(40%)-3.6C
2,7,4,valid,B1c9,5.4C(40%)-3.6C
2,7,4,valid,B1c16,5.4C(60%)-3.6C
2,7,4,valid,B1c17,5.4C(60%)-3.6C
2,7,4,valid,B1c38,7C(40%)-3.6C
2,7,4,valid,B1c39,7C(40%)-3.6C
2,7,5,train,B1c3,4C(80%)-4C
2,7,5,train,B1c4,4C(80%)-4C
2,7,5,train,B1c5,4.4C(80%)-4.4C
2,7,5,train,B1c6,4.8C(80%)-4.8C
2,7,5,train,B1c7,4.8C(80%)-4.8C
2,7,5,train,B1c8,5.4C(40%)-3.6C
2,7,5,train,B1c9,5.4C(40%)-3.6C
2,7,5,train,B1c10,5.4C(50%)-3C
2,7,5,train,B1c11,5.4C(50%)-3C
2,7,5,train,B1c16,5.4C(60%)-3.6C
2,7,5,train,B1c17,5.4C(60%)-3.6C
2,7,5,train,B1c20,5.4C(80%)-5.4C
2,7,5,train,B1c21,5.4C(80%)-5.4C
2,7,5,train,B1c22,6C(30%)-3.6C
2,7,5,train,B1c23,6C(30%)-3.6C
2,7,5,train,B1c24,6C(40%)-3C
2,7,5,train,B1c25,6C(40%)-3C
2,7,5,train,B1c30,6C(50%)-3.6C
2,7,5,train,B1c31,6C(50%)-3.6C
2,7,5,train,B1c32,6C(60%)-3C
2,7,5,train,B1c33,6C(60%)-3C
2,7,5,train,B1c36,7C(40%)-3C
2,7,5,train,B1c37,7C(40%)-3C
2,7,5,train,B1c38,7C(40%)-3.6C
2,7,5,train,B1c39,7C(40%)-3.6C
2,7,5,train,B1c42,8C(25%)-3.6C
2,7,5,train,B1c43,8C(25%)-3.6C
2,7,5,train,B1c44,8C(35%)-3.6C
2,7,5,train,B1c45,8C(35%)-3.6C
2,7,5,valid,B1c12,5.4C(50%)-3.6C
2,7,5,valid,B1c13,5.4C(50%)-3.6C
2,7,5,valid,B1c26,6C(40%)-3.6C
2,7,5,valid,B1c27,6C(40%)-3.6C
2,7,5,valid,B1c40,8C(15%)-3.6C
2,7,5,valid,B1c41,8C(15%)-3.6C
3,2026,1,train,B1c3,4C(80%)-4C
3,2026,1,train,B1c4,4C(80%)-4C
3,2026,1,train,B1c5,4.4C(80%)-4.4C
3,2026,1,train,B1c6,4.8C(80%)-4.8C
3,2026,1,train,B1c7,4.8C(80%)-4.8C
3,2026,1,train,B1c8,5.4C(40%)-3.6C
3,2026,1,train,B1c9,5.4C(40%)-3.6C
3,2026,1,train,B1c10,5.4C(50%)-3C
3,2026,1,train,B1c11,5.4C(50%)-3C
3,2026,1,train,B1c12,5.4C(50%)-3.6C
3,2026,1,train,B1c13,5.4C(50%)-3.6C
3,2026,1,train,B1c16,5.4C(60%)-3.6C
3,2026,1,train,B1c17,5.4C(60%)-3.6C
3,2026,1,train,B1c22,6C(30%)-3.6C
3,2026,1,train,B1c23,6C(30%)-3.6C
3,2026,1,train,B1c24,6C(40%)-3C
3,2026,1,train,B1c25,6C(40%)-3C
3,2026,1,train,B1c30,6C(50%)-3.6C
3,2026,1,train,B1c31,6C(50%)-3.6C
3,2026,1,train,B1c38,7C(40%)-3.6C
3,2026,1,train,B1c39,7C(40%)-3.6C
3,2026,1,train,B1c40,8C(15%)-3.6C
3,2026,1,train,B1c41,8C(15%)-3.6C
3,2026,1,train,B1c42,8C(25%)-3.6C
3,2026,1,train,B1c43,8C(25%)-3.6C
3,2026,1,train,B1c44,8C(35%)-3.6C
3,2026,1,train,B1c45,8C(35%)-3.6C
3,2026,1,valid,B1c20,5.4C(80%)-5.4C
3,2026,1,valid,B1c21,5.4C(80%)-5.4C
3,2026,1,valid,B1c26,6C(40%)-3.6C
3,2026,1,valid,B1c27,6C(40%)-3.6C
3,2026,1,valid,B1c32,6C(60%)-3C
3,2026,1,valid,B1c33,6C(60%)-3C
3,2026,1,valid,B1c36,7C(40%)-3C
3,2026,1,valid,B1c37,7C(40%)-3C
3,2026,2,train,B1c3,4C(80%)-4C
3,2026,2,train,B1c4,4C(80%)-4C
3,2026,2,train,B1c6,4.8C(80%)-4.8C
3,2026,2,train,B1c7,4.8C(80%)-4.8C
3,2026,2,train,B1c8,5.4C(40%)-3.6C
3,2026,2,train,B1c9,5.4C(40%)-3.6C
3,2026,2,train,B1c10,5.4C(50%)-3C
3,2026,2,train,B1c11,5.4C(50%)-3C
3,2026,2,train,B1c12,5.4C(50%)-3.6C
3,2026,2,train,B1c13,5.4C(50%)-3.6C
3,2026,2,train,B1c16,5.4C(60%)-3.6C
3,2026,2,train,B1c17,5.4C(60%)-3.6C
3,2026,2,train,B1c20,5.4C(80%)-5.4C
3,2026,2,train,B1c21,5.4C(80%)-5.4C
3,2026,2,train,B1c22,6C(30%)-3.6C
3,2026,2,train,B1c23,6C(30%)-3.6C
3,2026,2,train,B1c24,6C(40%)-3C
3,2026,2,train,B1c25,6C(40%)-3C
3,2026,2,train,B1c26,6C(40%)-3.6C
3,2026,2,train,B1c27,6C(40%)-3.6C
3,2026,2,train,B1c32,6C(60%)-3C
3,2026,2,train,B1c33,6C(60%)-3C
3,2026,2,train,B1c36,7C(40%)-3C
3,2026,2,train,B1c37,7C(40%)-3C
3,2026,2,train,B1c38,7C(40%)-3.6C
3,2026,2,train,B1c39,7C(40%)-3.6C
3,2026,2,train,B1c42,8C(25%)-3.6C
3,2026,2,train,B1c43,8C(25%)-3.6C
3,2026,2,valid,B1c5,4.4C(80%)-4.4C
3,2026,2,valid,B1c30,6C(50%)-3.6C
3,2026,2,valid,B1c31,6C(50%)-3.6C
3,2026,2,valid,B1c40,8C(15%)-3.6C
3,2026,2,valid,B1c41,8C(15%)-3.6C
3,2026,2,valid,B1c44,8C(35%)-3.6C
3,2026,2,valid,B1c45,8C(35%)-3.6C
3,2026,3,train,B1c5,4.4C(80%)-4.4C
3,2026,3,train,B1c6,4.8C(80%)-4.8C
3,2026,3,train,B1c7,4.8C(80%)-4.8C
3,2026,3,train,B1c12,5.4C(50%)-3.6C
3,2026,3,train,B1c13,5.4C(50%)-3.6C
3,2026,3,train,B1c16,5.4C(60%)-3.6C
3,2026,3,train,B1c17,5.4C(60%)-3.6C
3,2026,3,train,B1c20,5.4C(80%)-5.4C
3,2026,3,train,B1c21,5.4C(80%)-5.4C
3,2026,3,train,B1c22,6C(30%)-3.6C
3,2026,3,train,B1c23,6C(30%)-3.6C
3,2026,3,train,B1c24,6C(40%)-3C
3,2026,3,train,B1c25,6C(40%)-3C
3,2026,3,train,B1c26,6C(40%)-3.6C
3,2026,3,train,B1c27,6C(40%)-3.6C
3,2026,3,train,B1c30,6C(50%)-3.6C
3,2026,3,train,B1c31,6C(50%)-3.6C
3,2026,3,train,B1c32,6C(60%)-3C
3,2026,3,train,B1c33,6C(60%)-3C
3,2026,3,train,B1c36,7C(40%)-3C
3,2026,3,train,B1c37,7C(40%)-3C
3,2026,3,train,B1c38,7C(40%)-3.6C
3,2026,3,train,B1c39,7C(40%)-3.6C
3,2026,3,train,B1c40,8C(15%)-3.6C
3,2026,3,train,B1c41,8C(15%)-3.6C
3,2026,3,train,B1c44,8C(35%)-3.6C
3,2026,3,train,B1c45,8C(35%)-3.6C
3,2026,3,valid,B1c3,4C(80%)-4C
3,2026,3,valid,B1c4,4C(80%)-4C
3,2026,3,valid,B1c8,5.4C(40%)-3.6C
3,2026,3,valid,B1c9,5.4C(40%)-3.6C
3,2026,3,valid,B1c10,5.4C(50%)-3C
3,2026,3,valid,B1c11,5.4C(50%)-3C
3,2026,3,valid,B1c42,8C(25%)-3.6C
3,2026,3,valid,B1c43,8C(25%)-3.6C
3,2026,4,train,B1c3,4C(80%)-4C
3,2026,4,train,B1c4,4C(80%)-4C
3,2026,4,train,B1c5,4.4C(80%)-4.4C
3,2026,4,train,B1c6,4.8C(80%)-4.8C
3,2026,4,train,B1c7,4.8C(80%)-4.8C
3,2026,4,train,B1c8,5.4C(40%)-3.6C
3,2026,4,train,B1c9,5.4C(40%)-3.6C
3,2026,4,train,B1c10,5.4C(50%)-3C
3,2026,4,train,B1c11,5.4C(50%)-3C
3,2026,4,train,B1c16,5.4C(60%)-3.6C
3,2026,4,train,B1c17,5.4C(60%)-3.6C
3,2026,4,train,B1c20,5.4C(80%)-5.4C
3,2026,4,train,B1c21,5.4C(80%)-5.4C
3,2026,4,train,B1c24,6C(40%)-3C
3,2026,4,train,B1c25,6C(40%)-3C
3,2026,4,train,B1c26,6C(40%)-3.6C
3,2026,4,train,B1c27,6C(40%)-3.6C
3,2026,4,train,B1c30,6C(50%)-3.6C
3,2026,4,train,B1c31,6C(50%)-3.6C
3,2026,4,train,B1c32,6C(60%)-3C
3,2026,4,train,B1c33,6C(60%)-3C
3,2026,4,train,B1c36,7C(40%)-3C
3,2026,4,train,B1c37,7C(40%)-3C
3,2026,4,train,B1c40,8C(15%)-3.6C
3,2026,4,train,B1c41,8C(15%)-3.6C
3,2026,4,train,B1c42,8C(25%)-3.6C
3,2026,4,train,B1c43,8C(25%)-3.6C
3,2026,4,train,B1c44,8C(35%)-3.6C
3,2026,4,train,B1c45,8C(35%)-3.6C
3,2026,4,valid,B1c12,5.4C(50%)-3.6C
3,2026,4,valid,B1c13,5.4C(50%)-3.6C
3,2026,4,valid,B1c22,6C(30%)-3.6C
3,2026,4,valid,B1c23,6C(30%)-3.6C
3,2026,4,valid,B1c38,7C(40%)-3.6C
3,2026,4,valid,B1c39,7C(40%)-3.6C
3,2026,5,train,B1c3,4C(80%)-4C
3,2026,5,train,B1c4,4C(80%)-4C
3,2026,5,train,B1c5,4.4C(80%)-4.4C
3,2026,5,train,B1c8,5.4C(40%)-3.6C
3,2026,5,train,B1c9,5.4C(40%)-3.6C
3,2026,5,train,B1c10,5.4C(50%)-3C
3,2026,5,train,B1c11,5.4C(50%)-3C
3,2026,5,train,B1c12,5.4C(50%)-3.6C
3,2026,5,train,B1c13,5.4C(50%)-3.6C
3,2026,5,train,B1c20,5.4C(80%)-5.4C
3,2026,5,train,B1c21,5.4C(80%)-5.4C
3,2026,5,train,B1c22,6C(30%)-3.6C
3,2026,5,train,B1c23,6C(30%)-3.6C
3,2026,5,train,B1c26,6C(40%)-3.6C
3,2026,5,train,B1c27,6C(40%)-3.6C
3,2026,5,train,B1c30,6C(50%)-3.6C
3,2026,5,train,B1c31,6C(50%)-3.6C
3,2026,5,train,B1c32,6C(60%)-3C
3,2026,5,train,B1c33,6C(60%)-3C
3,2026,5,train,B1c36,7C(40%)-3C
3,2026,5,train,B1c37,7C(40%)-3C
3,2026,5,train,B1c38,7C(40%)-3.6C
3,2026,5,train,B1c39,7C(40%)-3.6C
3,2026,5,train,B1c40,8C(15%)-3.6C
3,2026,5,train,B1c41,8C(15%)-3.6C
3,2026,5,train,B1c42,8C(25%)-3.6C
3,2026,5,train,B1c43,8C(25%)-3.6C
3,2026,5,train,B1c44,8C(35%)-3.6C
3,2026,5,train,B1c45,8C(35%)-3.6C
3,2026,5,valid,B1c6,4.8C(80%)-4.8C
3,2026,5,valid,B1c7,4.8C(80%)-4.8C
3,2026,5,valid,B1c16,5.4C(60%)-3.6C
3,2026,5,valid,B1c17,5.4C(60%)-3.6C
3,2026,5,valid,B1c24,6C(40%)-3C
3,2026,5,valid,B1c25,6C(40%)-3C
