구분,MAPE (%),비고,row_type,n
Train (Batch 1 CV),6.644962770645576,B1 그룹 OOF CV; 낮을수록 예측이 더 정확함,metric,35.0
Valid (Batch 1 Hold-out),11.384573692148239,B1 holdout; 동일 저장 모델,metric,11.0
Test (Batch 2),27.71671346882077,필수 최종 배치 평가,metric,39.0
Gap (Train-Valid),4.7396109215026625,Valid−Train (%p); (+) 과적합/집단 차이 검토,gap,
Gap (Valid-Test),16.332139776672534,Test−Valid (%p); (+) 배치 간 일반화 저하 검토,gap,
Gap (Target-Test),18.61671346882077,Test−9.1 (%p); 논문 Target과 다른 실험 구성,gap,
Test (Batch 3),12.779997947119773,동일 모델 추가 평가,metric,44.0
Gap (Batch2-Batch3),-14.936715521700998,B3−B2 (%p); (+) B3에서 오차 증가,gap,
Gap (Target-Test) [Batch 3],3.679997947119773,B3−9.1 (%p); 추가 참고 비교,gap,
