batch,feature,n_cells,n_feature_valid,n_feature_and_life_valid
ALL,qd_early_mean,139,139,129
ALL,qd_early_std,139,139,129
ALL,qd_early_median,139,139,129
ALL,qd2,139,139,129
ALL,qd100,139,139,129
ALL,qd_delta_100_2,139,139,129
ALL,qd_early_slope,139,139,129
ALL,ir_early_mean,139,132,123
ALL,ir_change_100_2,139,132,123
ALL,ir_early_slope,139,132,123
ALL,ir_zero_fraction_early,139,139,129
ALL,tavg_early_mean,139,139,129
ALL,ir_missing_fraction_early,139,139,129
ALL,tmax_early_mean,139,139,129
ALL,chargetime_early_mean,139,139,129
ALL,chargetime_early_median,139,139,129
ALL,chargetime_early_mean_qc,139,139,129
ALL,qd_early_mean_qc,139,139,129
ALL,qd_early_std_qc,139,139,129
ALL,qd_early_slope_qc,139,139,129
ALL,qd2_qc,139,139,129
ALL,qd100_qc,139,135,129
ALL,qd_delta_100_2_qc,139,135,129
ALL,c1,139,131,129
ALL,switch_soc_pct,139,131,129
ALL,c2,139,131,129
ALL,c2_active,139,105,105
ALL,stage2_soc_span_pct,139,131,129
ALL,c_max,139,131,129
ALL,c_eff_0_80,139,131,129
ALL,qd_late50_slope_qc,139,139,129
B1,qd_early_mean,46,46,46
B1,qd_early_std,46,46,46
B1,qd_early_median,46,46,46
B1,qd2,46,46,46
B1,qd100,46,46,46
B1,qd_delta_100_2,46,46,46
B1,qd_early_slope,46,46,46
B1,ir_early_mean,46,46,46
B1,ir_change_100_2,46,46,46
B1,ir_early_slope,46,46,46
B1,ir_zero_fraction_early,46,46,46
B1,tavg_early_mean,46,46,46
B1,ir_missing_fraction_early,46,46,46
B1,tmax_early_mean,46,46,46
B1,chargetime_early_mean,46,46,46
B1,chargetime_early_median,46,46,46
B1,chargetime_early_mean_qc,46,46,46
B1,qd_early_mean_qc,46,46,46
B1,qd_early_std_qc,46,46,46
B1,qd_early_slope_qc,46,46,46
B1,qd2_qc,46,46,46
B1,qd100_qc,46,46,46
B1,qd_delta_100_2_qc,46,46,46
B1,c1,46,46,46
B1,switch_soc_pct,46,46,46
B1,c2,46,46,46
B1,c2_active,46,36,36
B1,stage2_soc_span_pct,46,46,46
B1,c_max,46,46,46
B1,c_eff_0_80,46,46,46
B1,qd_late50_slope_qc,46,46,46
B2,qd_early_mean,47,47,39
B2,qd_early_std,47,47,39
B2,qd_early_median,47,47,39
B2,qd2,47,47,39
B2,qd100,47,47,39
B2,qd_delta_100_2,47,47,39
B2,qd_early_slope,47,47,39
B2,ir_early_mean,47,40,33
B2,ir_change_100_2,47,40,33
B2,ir_early_slope,47,40,33
B2,ir_zero_fraction_early,47,47,39
B2,tavg_early_mean,47,47,39
B2,ir_missing_fraction_early,47,47,39
B2,tmax_early_mean,47,47,39
B2,chargetime_early_mean,47,47,39
B2,chargetime_early_median,47,47,39
B2,chargetime_early_mean_qc,47,47,39
B2,qd_early_mean_qc,47,47,39
B2,qd_early_std_qc,47,47,39
B2,qd_early_slope_qc,47,47,39
B2,qd2_qc,47,47,39
B2,qd100_qc,47,43,39
B2,qd_delta_100_2_qc,47,43,39
B2,c1,47,39,39
B2,switch_soc_pct,47,39,39
B2,c2,47,39,39
B2,c2_active,47,31,31
B2,stage2_soc_span_pct,47,39,39
B2,c_max,47,39,39
B2,c_eff_0_80,47,39,39
B2,qd_late50_slope_qc,47,47,39
B3,qd_early_mean,46,46,44
B3,qd_early_std,46,46,44
B3,qd_early_median,46,46,44
B3,qd2,46,46,44
B3,qd100,46,46,44
B3,qd_delta_100_2,46,46,44
B3,qd_early_slope,46,46,44
B3,ir_early_mean,46,46,44
B3,ir_change_100_2,46,46,44
B3,ir_early_slope,46,46,44
B3,ir_zero_fraction_early,46,46,44
B3,tavg_early_mean,46,46,44
B3,ir_missing_fraction_early,46,46,44
B3,tmax_early_mean,46,46,44
B3,chargetime_early_mean,46,46,44
B3,chargetime_early_median,46,46,44
B3,chargetime_early_mean_qc,46,46,44
B3,qd_early_mean_qc,46,46,44
B3,qd_early_std_qc,46,46,44
B3,qd_early_slope_qc,46,46,44
B3,qd2_qc,46,46,44
B3,qd100_qc,46,46,44
B3,qd_delta_100_2_qc,46,46,44
B3,c1,46,46,44
B3,switch_soc_pct,46,46,44
B3,c2,46,46,44
B3,c2_active,46,38,38
B3,stage2_soc_span_pct,46,46,44
B3,c_max,46,46,44
B3,c_eff_0_80,46,46,44
B3,qd_late50_slope_qc,46,46,44
