subset,scope,adjustment,method,feature_x,feature_y,n,coefficient
all_fixed_observed,ALL,none,pearson,c1,qd_early_slope,131,0.1407723566707208
all_fixed_observed,ALL,none,spearman,c1,qd_early_slope,131,-0.15304331300374371
all_fixed_observed,ALL,within_batch_mean_centered,pearson,c1,qd_early_slope,131,0.20066481218733678
all_fixed_observed,ALL,none,pearson,c1,qd_early_slope_qc,131,0.15523731416538633
all_fixed_observed,ALL,none,spearman,c1,qd_early_slope_qc,131,-0.1503479706402601
all_fixed_observed,ALL,within_batch_mean_centered,pearson,c1,qd_early_slope_qc,131,0.20081071226824485
all_fixed_observed,ALL,none,pearson,c1,qd_late50_slope_qc,131,0.03600937929342865
all_fixed_observed,ALL,none,spearman,c1,qd_late50_slope_qc,131,0.014866035847249572
all_fixed_observed,ALL,within_batch_mean_centered,pearson,c1,qd_late50_slope_qc,131,-0.33849787124535025
all_fixed_observed,ALL,none,pearson,c1,qd_full_slope_qc,131,0.07296339110690521
all_fixed_observed,ALL,none,spearman,c1,qd_full_slope_qc,131,-0.06460759830794906
all_fixed_observed,ALL,within_batch_mean_centered,pearson,c1,qd_full_slope_qc,131,-0.14894508690073155
all_fixed_observed,ALL,none,pearson,switch_soc_pct,qd_early_slope,131,0.025321186474737155
all_fixed_observed,ALL,none,spearman,switch_soc_pct,qd_early_slope,131,0.144690253310088
all_fixed_observed,ALL,within_batch_mean_centered,pearson,switch_soc_pct,qd_early_slope,131,0.0236422105593172
all_fixed_observed,ALL,none,pearson,switch_soc_pct,qd_early_slope_qc,131,0.06156451847572416
all_fixed_observed,ALL,none,spearman,switch_soc_pct,qd_early_slope_qc,131,0.14788960743091653
all_fixed_observed,ALL,within_batch_mean_centered,pearson,switch_soc_pct,qd_early_slope_qc,131,0.05780243351859187
all_fixed_observed,ALL,none,pearson,switch_soc_pct,qd_late50_slope_qc,131,0.085146612988018
all_fixed_observed,ALL,none,spearman,switch_soc_pct,qd_late50_slope_qc,131,0.0829470132131587
all_fixed_observed,ALL,within_batch_mean_centered,pearson,switch_soc_pct,qd_late50_slope_qc,131,0.1537676295425578
all_fixed_observed,ALL,none,pearson,switch_soc_pct,qd_full_slope_qc,131,0.1657707096311309
all_fixed_observed,ALL,none,spearman,switch_soc_pct,qd_full_slope_qc,131,0.2121987724771009
all_fixed_observed,ALL,within_batch_mean_centered,pearson,switch_soc_pct,qd_full_slope_qc,131,0.2942229532402777
all_fixed_observed,ALL,none,pearson,c2,qd_early_slope,131,-0.23691865083830443
all_fixed_observed,ALL,none,spearman,c2,qd_early_slope,131,-0.12752394483340493
all_fixed_observed,ALL,within_batch_mean_centered,pearson,c2,qd_early_slope,131,-0.3655875648438936
all_fixed_observed,ALL,none,pearson,c2,qd_early_slope_qc,131,-0.31656552905963264
all_fixed_observed,ALL,none,spearman,c2,qd_early_slope_qc,131,-0.13558781635555445
all_fixed_observed,ALL,within_batch_mean_centered,pearson,c2,qd_early_slope_qc,131,-0.4381345266527743
all_fixed_observed,ALL,none,pearson,c2,qd_late50_slope_qc,131,-0.19370711049089362
all_fixed_observed,ALL,none,spearman,c2,qd_late50_slope_qc,131,-0.1820311899936478
all_fixed_observed,ALL,within_batch_mean_centered,pearson,c2,qd_late50_slope_qc,131,0.21547781082810727
all_fixed_observed,ALL,none,pearson,c2,qd_full_slope_qc,131,-0.3296691229146682
all_fixed_observed,ALL,none,spearman,c2,qd_full_slope_qc,131,-0.1764056090587169
all_fixed_observed,ALL,within_batch_mean_centered,pearson,c2,qd_full_slope_qc,131,-0.25224720980710114
all_fixed_observed,ALL,none,pearson,c2_active,qd_early_slope,105,-0.2858375531528097
all_fixed_observed,ALL,none,spearman,c2_active,qd_early_slope,105,-0.18414075185871492
all_fixed_observed,ALL,within_batch_mean_centered,pearson,c2_active,qd_early_slope,105,-0.4137798088608816
all_fixed_observed,ALL,none,pearson,c2_active,qd_early_slope_qc,105,-0.38627177988594225
all_fixed_observed,ALL,none,spearman,c2_active,qd_early_slope_qc,105,-0.1931654588881205
all_fixed_observed,ALL,within_batch_mean_centered,pearson,c2_active,qd_early_slope_qc,105,-0.5015062571337532
all_fixed_observed,ALL,none,pearson,c2_active,qd_late50_slope_qc,105,-0.23693607426440272
all_fixed_observed,ALL,none,spearman,c2_active,qd_late50_slope_qc,105,-0.23853559940164973
all_fixed_observed,ALL,within_batch_mean_centered,pearson,c2_active,qd_late50_slope_qc,105,0.26328044058229993
all_fixed_observed,ALL,none,pearson,c2_active,qd_full_slope_qc,105,-0.38595508275920143
all_fixed_observed,ALL,none,spearman,c2_active,qd_full_slope_qc,105,-0.16010984593157673
all_fixed_observed,ALL,within_batch_mean_centered,pearson,c2_active,qd_full_slope_qc,105,-0.34929739187991377
all_fixed_observed,ALL,none,pearson,stage2_soc_span_pct,qd_early_slope,131,-0.025321186474737155
all_fixed_observed,ALL,none,spearman,stage2_soc_span_pct,qd_early_slope,131,-0.144690253310088
all_fixed_observed,ALL,within_batch_mean_centered,pearson,stage2_soc_span_pct,qd_early_slope,131,-0.0236422105593172
all_fixed_observed,ALL,none,pearson,stage2_soc_span_pct,qd_early_slope_qc,131,-0.06156451847572416
all_fixed_observed,ALL,none,spearman,stage2_soc_span_pct,qd_early_slope_qc,131,-0.14788960743091653
all_fixed_observed,ALL,within_batch_mean_centered,pearson,stage2_soc_span_pct,qd_early_slope_qc,131,-0.05780243351859187
all_fixed_observed,ALL,none,pearson,stage2_soc_span_pct,qd_late50_slope_qc,131,-0.085146612988018
all_fixed_observed,ALL,none,spearman,stage2_soc_span_pct,qd_late50_slope_qc,131,-0.0829470132131587
all_fixed_observed,ALL,within_batch_mean_centered,pearson,stage2_soc_span_pct,qd_late50_slope_qc,131,-0.1537676295425578
all_fixed_observed,ALL,none,pearson,stage2_soc_span_pct,qd_full_slope_qc,131,-0.1657707096311309
all_fixed_observed,ALL,none,spearman,stage2_soc_span_pct,qd_full_slope_qc,131,-0.2121987724771009
all_fixed_observed,ALL,within_batch_mean_centered,pearson,stage2_soc_span_pct,qd_full_slope_qc,131,-0.2942229532402777
all_fixed_observed,ALL,none,pearson,c_max,qd_early_slope,131,-0.09861760699401312
all_fixed_observed,ALL,none,spearman,c_max,qd_early_slope,131,-0.3368334774705853
all_fixed_observed,ALL,within_batch_mean_centered,pearson,c_max,qd_early_slope,131,-0.07849372243216846
all_fixed_observed,ALL,none,pearson,c_max,qd_early_slope_qc,131,-0.1142053204815581
all_fixed_observed,ALL,none,spearman,c_max,qd_early_slope_qc,131,-0.33743865452142596
all_fixed_observed,ALL,within_batch_mean_centered,pearson,c_max,qd_early_slope_qc,131,-0.10884389915324935
all_fixed_observed,ALL,none,pearson,c_max,qd_late50_slope_qc,131,-0.019208133753525876
all_fixed_observed,ALL,none,spearman,c_max,qd_late50_slope_qc,131,-0.036399382351231566
all_fixed_observed,ALL,within_batch_mean_centered,pearson,c_max,qd_late50_slope_qc,131,-0.2995189027427935
all_fixed_observed,ALL,none,pearson,c_max,qd_full_slope_qc,131,-0.14587650558463347
all_fixed_observed,ALL,none,spearman,c_max,qd_full_slope_qc,131,-0.28098235986744313
all_fixed_observed,ALL,within_batch_mean_centered,pearson,c_max,qd_full_slope_qc,131,-0.41763161805190047
all_fixed_observed,ALL,none,pearson,c_eff_0_80,qd_early_slope,131,-0.06958927979216775
all_fixed_observed,ALL,none,spearman,c_eff_0_80,qd_early_slope,131,-0.25164513727517174
all_fixed_observed,ALL,within_batch_mean_centered,pearson,c_eff_0_80,qd_early_slope,131,-0.1363663905744649
all_fixed_observed,ALL,none,pearson,c_eff_0_80,qd_early_slope_qc,131,-0.048515145066084495
all_fixed_observed,ALL,none,spearman,c_eff_0_80,qd_early_slope_qc,131,-0.24770597540379763
all_fixed_observed,ALL,within_batch_mean_centered,pearson,c_eff_0_80,qd_early_slope_qc,131,-0.08003619281317115
all_fixed_observed,ALL,none,pearson,c_eff_0_80,qd_late50_slope_qc,131,-0.3941598662616774
all_fixed_observed,ALL,none,spearman,c_eff_0_80,qd_late50_slope_qc,131,-0.33761218318012814
all_fixed_observed,ALL,within_batch_mean_centered,pearson,c_eff_0_80,qd_late50_slope_qc,131,-0.3481116014016015
all_fixed_observed,ALL,none,pearson,c_eff_0_80,qd_full_slope_qc,131,-0.33203879295282823
all_fixed_observed,ALL,none,spearman,c_eff_0_80,qd_full_slope_qc,131,-0.15665475597390915
all_fixed_observed,ALL,within_batch_mean_centered,pearson,c_eff_0_80,qd_full_slope_qc,131,-0.38819261324768706
all_fixed_observed,B1,none,pearson,c1,qd_early_slope,46,0.10059070351265699
all_fixed_observed,B1,none,spearman,c1,qd_early_slope,46,-0.380287079181742
all_fixed_observed,B1,none,pearson,c1,qd_early_slope_qc,46,0.09011397049099026
all_fixed_observed,B1,none,spearman,c1,qd_early_slope_qc,46,-0.37857835041856897
all_fixed_observed,B1,none,pearson,c1,qd_late50_slope_qc,46,-0.5517379227347237
all_fixed_observed,B1,none,spearman,c1,qd_late50_slope_qc,46,-0.4292706370593703
all_fixed_observed,B1,none,pearson,c1,qd_full_slope_qc,46,-0.6161771253363446
all_fixed_observed,B1,none,spearman,c1,qd_full_slope_qc,46,-0.5559697105361298
all_fixed_observed,B1,none,pearson,switch_soc_pct,qd_early_slope,46,-0.26606550455922906
all_fixed_observed,B1,none,spearman,switch_soc_pct,qd_early_slope,46,0.10199086528584411
all_fixed_observed,B1,none,pearson,switch_soc_pct,qd_early_slope_qc,46,-0.2520644964903184
all_fixed_observed,B1,none,spearman,switch_soc_pct,qd_early_slope_qc,46,0.09973830629793591
all_fixed_observed,B1,none,pearson,switch_soc_pct,qd_late50_slope_qc,46,0.2908904099951869
all_fixed_observed,B1,none,spearman,switch_soc_pct,qd_late50_slope_qc,46,0.18596125866842253
all_fixed_observed,B1,none,pearson,switch_soc_pct,qd_full_slope_qc,46,0.21662319371092473
all_fixed_observed,B1,none,spearman,switch_soc_pct,qd_full_slope_qc,46,0.19134237180620325
all_fixed_observed,B1,none,pearson,c2,qd_early_slope,46,-0.15816275688816275
all_fixed_observed,B1,none,spearman,c2,qd_early_slope,46,-0.05881068663668768
all_fixed_observed,B1,none,pearson,c2,qd_early_slope_qc,46,-0.35891002315442844
all_fixed_observed,B1,none,spearman,c2,qd_early_slope_qc,46,-0.07188733523692908
all_fixed_observed,B1,none,pearson,c2,qd_late50_slope_qc,46,-0.1480422022905673
all_fixed_observed,B1,none,spearman,c2,qd_late50_slope_qc,46,-0.12042840255405546
all_fixed_observed,B1,none,pearson,c2,qd_full_slope_qc,46,-0.20384390898807664
all_fixed_observed,B1,none,spearman,c2,qd_full_slope_qc,46,0.05470283890886317
all_fixed_observed,B1,none,pearson,c2_active,qd_early_slope,36,0.14405108206336487
all_fixed_observed,B1,none,spearman,c2_active,qd_early_slope,36,-0.0713056154785618
all_fixed_observed,B1,none,pearson,c2_active,qd_early_slope_qc,36,-0.07793306817228021
all_fixed_observed,B1,none,spearman,c2_active,qd_early_slope_qc,36,-0.0713056154785618
all_fixed_observed,B1,none,pearson,c2_active,qd_late50_slope_qc,36,-0.17760229752588583
all_fixed_observed,B1,none,spearman,c2_active,qd_late50_slope_qc,36,-0.23037198846919968
all_fixed_observed,B1,none,pearson,c2_active,qd_full_slope_qc,36,0.03560995031422387
all_fixed_observed,B1,none,spearman,c2_active,qd_full_slope_qc,36,0.10421589954559032
all_fixed_observed,B1,none,pearson,stage2_soc_span_pct,qd_early_slope,46,0.26606550455922906
all_fixed_observed,B1,none,spearman,stage2_soc_span_pct,qd_early_slope,46,-0.10199086528584411
all_fixed_observed,B1,none,pearson,stage2_soc_span_pct,qd_early_slope_qc,46,0.2520644964903184
all_fixed_observed,B1,none,spearman,stage2_soc_span_pct,qd_early_slope_qc,46,-0.09973830629793591
all_fixed_observed,B1,none,pearson,stage2_soc_span_pct,qd_late50_slope_qc,46,-0.2908904099951869
all_fixed_observed,B1,none,spearman,stage2_soc_span_pct,qd_late50_slope_qc,46,-0.18596125866842253
all_fixed_observed,B1,none,pearson,stage2_soc_span_pct,qd_full_slope_qc,46,-0.21662319371092473
all_fixed_observed,B1,none,spearman,stage2_soc_span_pct,qd_full_slope_qc,46,-0.19134237180620325
all_fixed_observed,B1,none,pearson,c_max,qd_early_slope,46,0.10059070351265699
all_fixed_observed,B1,none,spearman,c_max,qd_early_slope,46,-0.380287079181742
all_fixed_observed,B1,none,pearson,c_max,qd_early_slope_qc,46,0.09011397049099026
all_fixed_observed,B1,none,spearman,c_max,qd_early_slope_qc,46,-0.37857835041856897
all_fixed_observed,B1,none,pearson,c_max,qd_late50_slope_qc,46,-0.5517379227347237
all_fixed_observed,B1,none,spearman,c_max,qd_late50_slope_qc,46,-0.4292706370593703
all_fixed_observed,B1,none,pearson,c_max,qd_full_slope_qc,46,-0.6161771253363446
all_fixed_observed,B1,none,spearman,c_max,qd_full_slope_qc,46,-0.5559697105361298
all_fixed_observed,B1,none,pearson,c_eff_0_80,qd_early_slope,46,-0.22957548658659876
all_fixed_observed,B1,none,spearman,c_eff_0_80,qd_early_slope,46,-0.401462985818362
all_fixed_observed,B1,none,pearson,c_eff_0_80,qd_early_slope_qc,46,-0.1734520320032475
all_fixed_observed,B1,none,spearman,c_eff_0_80,qd_early_slope_qc,46,-0.3968214375007456
all_fixed_observed,B1,none,pearson,c_eff_0_80,qd_late50_slope_qc,46,-0.7152800982141333
all_fixed_observed,B1,none,spearman,c_eff_0_80,qd_late50_slope_qc,46,-0.624381079685749
all_fixed_observed,B1,none,pearson,c_eff_0_80,qd_full_slope_qc,46,-0.7800628328058942
all_fixed_observed,B1,none,spearman,c_eff_0_80,qd_full_slope_qc,46,-0.630446036154101
all_fixed_observed,B2,none,pearson,c1,qd_early_slope,39,0.11351199574062198
all_fixed_observed,B2,none,spearman,c1,qd_early_slope,39,-0.06963854858664441
all_fixed_observed,B2,none,pearson,c1,qd_early_slope_qc,39,0.11351199574062198
all_fixed_observed,B2,none,spearman,c1,qd_early_slope_qc,39,-0.06963854858664441
all_fixed_observed,B2,none,pearson,c1,qd_late50_slope_qc,39,-0.12981021238768908
all_fixed_observed,B2,none,spearman,c1,qd_late50_slope_qc,39,-0.17898146368089798
all_fixed_observed,B2,none,pearson,c1,qd_full_slope_qc,39,0.24841981402207552
all_fixed_observed,B2,none,spearman,c1,qd_full_slope_qc,39,0.15081422984958362
all_fixed_observed,B2,none,pearson,switch_soc_pct,qd_early_slope,39,0.08745613477198878
all_fixed_observed,B2,none,spearman,switch_soc_pct,qd_early_slope,39,0.016638495466402142
all_fixed_observed,B2,none,pearson,switch_soc_pct,qd_early_slope_qc,39,0.08745613477198878
all_fixed_observed,B2,none,spearman,switch_soc_pct,qd_early_slope_qc,39,0.016638495466402142
all_fixed_observed,B2,none,pearson,switch_soc_pct,qd_late50_slope_qc,39,0.016645858272806867
all_fixed_observed,B2,none,spearman,switch_soc_pct,qd_late50_slope_qc,39,0.04457473476801562
all_fixed_observed,B2,none,pearson,switch_soc_pct,qd_full_slope_qc,39,0.23598073809929246
all_fixed_observed,B2,none,spearman,switch_soc_pct,qd_full_slope_qc,39,0.2917899112348672
all_fixed_observed,B2,none,pearson,c2,qd_early_slope,39,-0.33718563699916293
all_fixed_observed,B2,none,spearman,c2,qd_early_slope,39,-0.1344525938642692
all_fixed_observed,B2,none,pearson,c2,qd_early_slope_qc,39,-0.33718563699916293
all_fixed_observed,B2,none,spearman,c2,qd_early_slope_qc,39,-0.1344525938642692
all_fixed_observed,B2,none,pearson,c2,qd_late50_slope_qc,39,0.26062962421242003
all_fixed_observed,B2,none,spearman,c2,qd_late50_slope_qc,39,0.33325329457795155
all_fixed_observed,B2,none,pearson,c2,qd_full_slope_qc,39,-0.2340645878629471
all_fixed_observed,B2,none,spearman,c2,qd_full_slope_qc,39,-0.3452800174236087
all_fixed_observed,B2,none,pearson,c2_active,qd_early_slope,31,-0.3678026223994023
all_fixed_observed,B2,none,spearman,c2_active,qd_early_slope,31,-0.22122404113796465
all_fixed_observed,B2,none,pearson,c2_active,qd_early_slope_qc,31,-0.3678026223994023
all_fixed_observed,B2,none,spearman,c2_active,qd_early_slope_qc,31,-0.22122404113796465
all_fixed_observed,B2,none,pearson,c2_active,qd_late50_slope_qc,31,0.2435229071747503
all_fixed_observed,B2,none,spearman,c2_active,qd_late50_slope_qc,31,0.338949043458354
all_fixed_observed,B2,none,pearson,c2_active,qd_full_slope_qc,31,-0.29978124473555
all_fixed_observed,B2,none,spearman,c2_active,qd_full_slope_qc,31,-0.4589419530038298
all_fixed_observed,B2,none,pearson,stage2_soc_span_pct,qd_early_slope,39,-0.08745613477198878
all_fixed_observed,B2,none,spearman,stage2_soc_span_pct,qd_early_slope,39,-0.016638495466402142
all_fixed_observed,B2,none,pearson,stage2_soc_span_pct,qd_early_slope_qc,39,-0.08745613477198878
all_fixed_observed,B2,none,spearman,stage2_soc_span_pct,qd_early_slope_qc,39,-0.016638495466402142
all_fixed_observed,B2,none,pearson,stage2_soc_span_pct,qd_late50_slope_qc,39,-0.016645858272806867
all_fixed_observed,B2,none,spearman,stage2_soc_span_pct,qd_late50_slope_qc,39,-0.04457473476801562
all_fixed_observed,B2,none,pearson,stage2_soc_span_pct,qd_full_slope_qc,39,-0.23598073809929246
all_fixed_observed,B2,none,spearman,stage2_soc_span_pct,qd_full_slope_qc,39,-0.2917899112348672
all_fixed_observed,B2,none,pearson,c_max,qd_early_slope,39,-0.4066487762864514
all_fixed_observed,B2,none,spearman,c_max,qd_early_slope,39,-0.3806936001931622
all_fixed_observed,B2,none,pearson,c_max,qd_early_slope_qc,39,-0.4066487762864514
all_fixed_observed,B2,none,spearman,c_max,qd_early_slope_qc,39,-0.3806936001931622
all_fixed_observed,B2,none,pearson,c_max,qd_late50_slope_qc,39,-0.004127273409883329
all_fixed_observed,B2,none,spearman,c_max,qd_late50_slope_qc,39,-0.05474161664888007
all_fixed_observed,B2,none,pearson,c_max,qd_full_slope_qc,39,-0.2890541132606328
all_fixed_observed,B2,none,spearman,c_max,qd_full_slope_qc,39,-0.2969160309871765
all_fixed_observed,B2,none,pearson,c_eff_0_80,qd_early_slope,39,-0.3333738003370948
all_fixed_observed,B2,none,spearman,c_eff_0_80,qd_early_slope,39,-0.43152782788668975
all_fixed_observed,B2,none,pearson,c_eff_0_80,qd_early_slope_qc,39,-0.3333738003370948
all_fixed_observed,B2,none,spearman,c_eff_0_80,qd_early_slope_qc,39,-0.43152782788668975
all_fixed_observed,B2,none,pearson,c_eff_0_80,qd_late50_slope_qc,39,0.2560452069652934
all_fixed_observed,B2,none,spearman,c_eff_0_80,qd_late50_slope_qc,39,0.27764648964411304
all_fixed_observed,B2,none,pearson,c_eff_0_80,qd_full_slope_qc,39,0.2667351765530227
all_fixed_observed,B2,none,spearman,c_eff_0_80,qd_full_slope_qc,39,0.09808388248571749
all_fixed_observed,B3,none,pearson,c1,qd_early_slope,46,0.697472530186917
all_fixed_observed,B3,none,spearman,c1,qd_early_slope,46,-0.08222580965779977
all_fixed_observed,B3,none,pearson,c1,qd_early_slope_qc,46,0.697472530186917
all_fixed_observed,B3,none,spearman,c1,qd_early_slope_qc,46,-0.08222580965779977
all_fixed_observed,B3,none,pearson,c1,qd_late50_slope_qc,46,-0.406995557252609
all_fixed_observed,B3,none,spearman,c1,qd_late50_slope_qc,46,-0.460274049582541
all_fixed_observed,B3,none,pearson,c1,qd_full_slope_qc,46,0.24831525903553384
all_fixed_observed,B3,none,spearman,c1,qd_full_slope_qc,46,-0.3633174385034211
all_fixed_observed,B3,none,pearson,switch_soc_pct,qd_early_slope,46,0.2664750397251694
all_fixed_observed,B3,none,spearman,switch_soc_pct,qd_early_slope,46,0.36560015029142956
all_fixed_observed,B3,none,pearson,switch_soc_pct,qd_early_slope_qc,46,0.2664750397251694
all_fixed_observed,B3,none,spearman,switch_soc_pct,qd_early_slope_qc,46,0.36560015029142956
all_fixed_observed,B3,none,pearson,switch_soc_pct,qd_late50_slope_qc,46,0.22355199799056044
all_fixed_observed,B3,none,spearman,switch_soc_pct,qd_late50_slope_qc,46,0.20562276599652904
all_fixed_observed,B3,none,pearson,switch_soc_pct,qd_full_slope_qc,46,0.5928456606057758
all_fixed_observed,B3,none,spearman,switch_soc_pct,qd_full_slope_qc,46,0.6931104471793114
all_fixed_observed,B3,none,pearson,c2,qd_early_slope,46,-0.6906869241607958
all_fixed_observed,B3,none,spearman,c2,qd_early_slope,46,-0.18972556535741925
all_fixed_observed,B3,none,pearson,c2,qd_early_slope_qc,46,-0.6906869241607958
all_fixed_observed,B3,none,spearman,c2,qd_early_slope_qc,46,-0.18972556535741925
all_fixed_observed,B3,none,pearson,c2,qd_late50_slope_qc,46,0.5199851446863286
all_fixed_observed,B3,none,spearman,c2,qd_late50_slope_qc,46,0.5844689573602637
all_fixed_observed,B3,none,pearson,c2,qd_full_slope_qc,46,-0.4190192672929569
all_fixed_observed,B3,none,spearman,c2,qd_full_slope_qc,46,-0.06592804762754467
all_fixed_observed,B3,none,pearson,c2_active,qd_early_slope,38,-0.7922530710027222
all_fixed_observed,B3,none,spearman,c2_active,qd_early_slope,38,-0.4061904351753478
all_fixed_observed,B3,none,pearson,c2_active,qd_early_slope_qc,38,-0.7922530710027222
all_fixed_observed,B3,none,spearman,c2_active,qd_early_slope_qc,38,-0.4061904351753478
all_fixed_observed,B3,none,pearson,c2_active,qd_late50_slope_qc,38,0.4512432191075556
all_fixed_observed,B3,none,spearman,c2_active,qd_late50_slope_qc,38,0.3811976282692722
all_fixed_observed,B3,none,pearson,c2_active,qd_full_slope_qc,38,-0.7450414993623713
all_fixed_observed,B3,none,spearman,c2_active,qd_full_slope_qc,38,-0.5976490935842756
all_fixed_observed,B3,none,pearson,stage2_soc_span_pct,qd_early_slope,46,-0.2664750397251694
all_fixed_observed,B3,none,spearman,stage2_soc_span_pct,qd_early_slope,46,-0.36560015029142956
all_fixed_observed,B3,none,pearson,stage2_soc_span_pct,qd_early_slope_qc,46,-0.2664750397251694
all_fixed_observed,B3,none,spearman,stage2_soc_span_pct,qd_early_slope_qc,46,-0.36560015029142956
all_fixed_observed,B3,none,pearson,stage2_soc_span_pct,qd_late50_slope_qc,46,-0.22355199799056044
all_fixed_observed,B3,none,spearman,stage2_soc_span_pct,qd_late50_slope_qc,46,-0.20562276599652904
all_fixed_observed,B3,none,pearson,stage2_soc_span_pct,qd_full_slope_qc,46,-0.5928456606057758
all_fixed_observed,B3,none,spearman,stage2_soc_span_pct,qd_full_slope_qc,46,-0.6931104471793114
all_fixed_observed,B3,none,pearson,c_max,qd_early_slope,46,-0.42778395960643356
all_fixed_observed,B3,none,spearman,c_max,qd_early_slope,46,-0.4439943663194766
all_fixed_observed,B3,none,pearson,c_max,qd_early_slope_qc,46,-0.42778395960643356
all_fixed_observed,B3,none,spearman,c_max,qd_early_slope_qc,46,-0.4439943663194766
all_fixed_observed,B3,none,pearson,c_max,qd_late50_slope_qc,46,-0.36629970980758164
all_fixed_observed,B3,none,spearman,c_max,qd_late50_slope_qc,46,-0.3445518360425668
all_fixed_observed,B3,none,pearson,c_max,qd_full_slope_qc,46,-0.695946243176356
all_fixed_observed,B3,none,spearman,c_max,qd_full_slope_qc,46,-0.7313858221069655
all_fixed_observed,B3,none,pearson,c_eff_0_80,qd_early_slope,46,0.26777011180152055
all_fixed_observed,B3,none,spearman,c_eff_0_80,qd_early_slope,46,-0.06612648320386404
all_fixed_observed,B3,none,pearson,c_eff_0_80,qd_early_slope_qc,46,0.26777011180152055
all_fixed_observed,B3,none,spearman,c_eff_0_80,qd_early_slope_qc,46,-0.06612648320386404
all_fixed_observed,B3,none,pearson,c_eff_0_80,qd_late50_slope_qc,46,-0.2365387883436656
all_fixed_observed,B3,none,spearman,c_eff_0_80,qd_late50_slope_qc,46,-0.29041952160639434
all_fixed_observed,B3,none,pearson,c_eff_0_80,qd_full_slope_qc,46,0.10170354379891494
all_fixed_observed,B3,none,spearman,c_eff_0_80,qd_full_slope_qc,46,-0.10590228093838848
eol_compatible_fixed,ALL,none,pearson,c1,qd_early_slope,119,0.12627306543248468
eol_compatible_fixed,ALL,none,spearman,c1,qd_early_slope,119,-0.13533597178775716
eol_compatible_fixed,ALL,within_batch_mean_centered,pearson,c1,qd_early_slope,119,0.22934664793925977
eol_compatible_fixed,ALL,none,pearson,c1,qd_early_slope_qc,119,0.13765194395127311
eol_compatible_fixed,ALL,none,spearman,c1,qd_early_slope_qc,119,-0.13250099664092907
eol_compatible_fixed,ALL,within_batch_mean_centered,pearson,c1,qd_early_slope_qc,119,0.2108811295194296
eol_compatible_fixed,ALL,none,pearson,c1,qd_late50_slope_qc,119,0.19982845422195333
eol_compatible_fixed,ALL,none,spearman,c1,qd_late50_slope_qc,119,0.1702599947357712
eol_compatible_fixed,ALL,within_batch_mean_centered,pearson,c1,qd_late50_slope_qc,119,-0.12917461674929206
eol_compatible_fixed,ALL,none,pearson,c1,qd_full_slope_qc,119,0.2091686594900362
eol_compatible_fixed,ALL,none,spearman,c1,qd_full_slope_qc,119,0.07120811625127849
eol_compatible_fixed,ALL,within_batch_mean_centered,pearson,c1,qd_full_slope_qc,119,0.09012879515609332
eol_compatible_fixed,ALL,none,pearson,switch_soc_pct,qd_early_slope,119,0.05044446881807671
eol_compatible_fixed,ALL,none,spearman,switch_soc_pct,qd_early_slope,119,0.13842969871133262
eol_compatible_fixed,ALL,within_batch_mean_centered,pearson,switch_soc_pct,qd_early_slope,119,0.039906566022246515
eol_compatible_fixed,ALL,none,pearson,switch_soc_pct,qd_early_slope_qc,119,0.09732308675418795
eol_compatible_fixed,ALL,none,spearman,switch_soc_pct,qd_early_slope_qc,119,0.14263298623223444
eol_compatible_fixed,ALL,within_batch_mean_centered,pearson,switch_soc_pct,qd_early_slope_qc,119,0.08634368764218313
eol_compatible_fixed,ALL,none,pearson,switch_soc_pct,qd_late50_slope_qc,119,-0.04121412198306376
eol_compatible_fixed,ALL,none,spearman,switch_soc_pct,qd_late50_slope_qc,119,-0.04378067078531147
eol_compatible_fixed,ALL,within_batch_mean_centered,pearson,switch_soc_pct,qd_late50_slope_qc,119,0.012401666072470646
eol_compatible_fixed,ALL,none,pearson,switch_soc_pct,qd_full_slope_qc,119,0.07514413031086539
eol_compatible_fixed,ALL,none,spearman,switch_soc_pct,qd_full_slope_qc,119,0.10468187492531654
eol_compatible_fixed,ALL,within_batch_mean_centered,pearson,switch_soc_pct,qd_full_slope_qc,119,0.21299394001545305
eol_compatible_fixed,ALL,none,pearson,c2,qd_early_slope,119,-0.2593621281648429
eol_compatible_fixed,ALL,none,spearman,c2,qd_early_slope,119,-0.11366171679107427
eol_compatible_fixed,ALL,within_batch_mean_centered,pearson,c2,qd_early_slope,119,-0.3924970369675398
eol_compatible_fixed,ALL,none,pearson,c2,qd_early_slope_qc,119,-0.35192489888092426
eol_compatible_fixed,ALL,none,spearman,c2,qd_early_slope_qc,119,-0.12310421685035172
eol_compatible_fixed,ALL,within_batch_mean_centered,pearson,c2,qd_early_slope_qc,119,-0.4749461774272085
eol_compatible_fixed,ALL,none,pearson,c2,qd_late50_slope_qc,119,-0.16152359404471855
eol_compatible_fixed,ALL,none,spearman,c2,qd_late50_slope_qc,119,-0.13891708468052139
eol_compatible_fixed,ALL,within_batch_mean_centered,pearson,c2,qd_late50_slope_qc,119,0.21283712956894088
eol_compatible_fixed,ALL,none,pearson,c2,qd_full_slope_qc,119,-0.3170035629242884
eol_compatible_fixed,ALL,none,spearman,c2,qd_full_slope_qc,119,-0.15276680255537947
eol_compatible_fixed,ALL,within_batch_mean_centered,pearson,c2,qd_full_slope_qc,119,-0.30796734970210576
eol_compatible_fixed,ALL,none,pearson,c2_active,qd_early_slope,100,-0.27753858803173087
eol_compatible_fixed,ALL,none,spearman,c2_active,qd_early_slope,100,-0.16703226295612794
eol_compatible_fixed,ALL,within_batch_mean_centered,pearson,c2_active,qd_early_slope,100,-0.41800640157988256
eol_compatible_fixed,ALL,none,pearson,c2_active,qd_early_slope_qc,100,-0.3799927004195501
eol_compatible_fixed,ALL,none,spearman,c2_active,qd_early_slope_qc,100,-0.1768694704205911
eol_compatible_fixed,ALL,within_batch_mean_centered,pearson,c2_active,qd_early_slope_qc,100,-0.5045104678805186
eol_compatible_fixed,ALL,none,pearson,c2_active,qd_late50_slope_qc,100,-0.2059968190048666
eol_compatible_fixed,ALL,none,spearman,c2_active,qd_late50_slope_qc,100,-0.19328504487547868
eol_compatible_fixed,ALL,within_batch_mean_centered,pearson,c2_active,qd_late50_slope_qc,100,0.26551861587384984
eol_compatible_fixed,ALL,none,pearson,c2_active,qd_full_slope_qc,100,-0.3648412022155266
eol_compatible_fixed,ALL,none,spearman,c2_active,qd_full_slope_qc,100,-0.1209351451892791
eol_compatible_fixed,ALL,within_batch_mean_centered,pearson,c2_active,qd_full_slope_qc,100,-0.3701700923774243
eol_compatible_fixed,ALL,none,pearson,stage2_soc_span_pct,qd_early_slope,119,-0.05044446881807671
eol_compatible_fixed,ALL,none,spearman,stage2_soc_span_pct,qd_early_slope,119,-0.13842969871133262
eol_compatible_fixed,ALL,within_batch_mean_centered,pearson,stage2_soc_span_pct,qd_early_slope,119,-0.03990656602224652
eol_compatible_fixed,ALL,none,pearson,stage2_soc_span_pct,qd_early_slope_qc,119,-0.09732308675418795
eol_compatible_fixed,ALL,none,spearman,stage2_soc_span_pct,qd_early_slope_qc,119,-0.14263298623223444
eol_compatible_fixed,ALL,within_batch_mean_centered,pearson,stage2_soc_span_pct,qd_early_slope_qc,119,-0.08634368764218311
eol_compatible_fixed,ALL,none,pearson,stage2_soc_span_pct,qd_late50_slope_qc,119,0.04121412198306376
eol_compatible_fixed,ALL,none,spearman,stage2_soc_span_pct,qd_late50_slope_qc,119,0.04378067078531147
eol_compatible_fixed,ALL,within_batch_mean_centered,pearson,stage2_soc_span_pct,qd_late50_slope_qc,119,-0.01240166607247064
eol_compatible_fixed,ALL,none,pearson,stage2_soc_span_pct,qd_full_slope_qc,119,-0.07514413031086539
eol_compatible_fixed,ALL,none,spearman,stage2_soc_span_pct,qd_full_slope_qc,119,-0.10468187492531654
eol_compatible_fixed,ALL,within_batch_mean_centered,pearson,stage2_soc_span_pct,qd_full_slope_qc,119,-0.21299394001545308
eol_compatible_fixed,ALL,none,pearson,c_max,qd_early_slope,119,-0.15575523186288515
eol_compatible_fixed,ALL,none,spearman,c_max,qd_early_slope,119,-0.34200212474734676
eol_compatible_fixed,ALL,within_batch_mean_centered,pearson,c_max,qd_early_slope,119,-0.1309626447359884
eol_compatible_fixed,ALL,none,pearson,c_max,qd_early_slope_qc,119,-0.18470453913471507
eol_compatible_fixed,ALL,none,spearman,c_max,qd_early_slope_qc,119,-0.34317694532020804
eol_compatible_fixed,ALL,within_batch_mean_centered,pearson,c_max,qd_early_slope_qc,119,-0.19743732866686872
eol_compatible_fixed,ALL,none,pearson,c_max,qd_late50_slope_qc,119,0.18726500937191642
eol_compatible_fixed,ALL,none,spearman,c_max,qd_late50_slope_qc,119,0.13756538145216463
eol_compatible_fixed,ALL,within_batch_mean_centered,pearson,c_max,qd_late50_slope_qc,119,-0.03970628960138783
eol_compatible_fixed,ALL,none,pearson,c_max,qd_full_slope_qc,119,-0.007025267110802029
eol_compatible_fixed,ALL,none,spearman,c_max,qd_full_slope_qc,119,-0.16135998895693573
eol_compatible_fixed,ALL,within_batch_mean_centered,pearson,c_max,qd_full_slope_qc,119,-0.24609669585322155
eol_compatible_fixed,ALL,none,pearson,c_eff_0_80,qd_early_slope,119,-0.16696520621083616
eol_compatible_fixed,ALL,none,spearman,c_eff_0_80,qd_early_slope,119,-0.23364898432401945
eol_compatible_fixed,ALL,within_batch_mean_centered,pearson,c_eff_0_80,qd_early_slope,119,-0.24549525212385465
eol_compatible_fixed,ALL,none,pearson,c_eff_0_80,qd_early_slope_qc,119,-0.15350346441885818
eol_compatible_fixed,ALL,none,spearman,c_eff_0_80,qd_early_slope_qc,119,-0.22936874192887913
eol_compatible_fixed,ALL,within_batch_mean_centered,pearson,c_eff_0_80,qd_early_slope_qc,119,-0.1980521908437584
eol_compatible_fixed,ALL,none,pearson,c_eff_0_80,qd_late50_slope_qc,119,-0.22505115742168005
eol_compatible_fixed,ALL,none,spearman,c_eff_0_80,qd_late50_slope_qc,119,-0.20697978170814504
eol_compatible_fixed,ALL,within_batch_mean_centered,pearson,c_eff_0_80,qd_late50_slope_qc,119,-0.11184579155300146
eol_compatible_fixed,ALL,none,pearson,c_eff_0_80,qd_full_slope_qc,119,-0.19211827720226884
eol_compatible_fixed,ALL,none,spearman,c_eff_0_80,qd_full_slope_qc,119,0.011466468757549869
eol_compatible_fixed,ALL,within_batch_mean_centered,pearson,c_eff_0_80,qd_full_slope_qc,119,-0.21565873528447901
eol_compatible_fixed,B1,none,pearson,c1,qd_early_slope,36,0.09164649936232336
eol_compatible_fixed,B1,none,spearman,c1,qd_early_slope,36,-0.23187474048573992
eol_compatible_fixed,B1,none,pearson,c1,qd_early_slope_qc,36,-0.015725518501935702
eol_compatible_fixed,B1,none,spearman,c1,qd_early_slope_qc,36,-0.23187474048573992
eol_compatible_fixed,B1,none,pearson,c1,qd_late50_slope_qc,36,0.03526102760291311
eol_compatible_fixed,B1,none,spearman,c1,qd_late50_slope_qc,36,-0.08582549032853189
eol_compatible_fixed,B1,none,pearson,c1,qd_full_slope_qc,36,-0.2615119638430222
eol_compatible_fixed,B1,none,spearman,c1,qd_full_slope_qc,36,-0.28971077415380775
eol_compatible_fixed,B1,none,pearson,switch_soc_pct,qd_early_slope,36,-0.30173616674489445
eol_compatible_fixed,B1,none,spearman,switch_soc_pct,qd_early_slope,36,-0.06142547601876431
eol_compatible_fixed,B1,none,pearson,switch_soc_pct,qd_early_slope_qc,36,-0.28911736005864264
eol_compatible_fixed,B1,none,spearman,switch_soc_pct,qd_early_slope_qc,36,-0.06325128634628596
eol_compatible_fixed,B1,none,pearson,switch_soc_pct,qd_late50_slope_qc,36,-0.23551268564000194
eol_compatible_fixed,B1,none,spearman,switch_soc_pct,qd_late50_slope_qc,36,-0.06364253141646918
eol_compatible_fixed,B1,none,pearson,switch_soc_pct,qd_full_slope_qc,36,-0.19374471992767867
eol_compatible_fixed,B1,none,spearman,switch_soc_pct,qd_full_slope_qc,36,-0.06885913235224535
eol_compatible_fixed,B1,none,pearson,c2,qd_early_slope,36,-0.19397533017895074
eol_compatible_fixed,B1,none,spearman,c2,qd_early_slope,36,-0.1523108768230398
eol_compatible_fixed,B1,none,pearson,c2,qd_early_slope_qc,36,-0.5619863781517958
eol_compatible_fixed,B1,none,spearman,c2,qd_early_slope_qc,36,-0.1684329194951164
eol_compatible_fixed,B1,none,pearson,c2,qd_late50_slope_qc,36,-0.45191001047415236
eol_compatible_fixed,B1,none,spearman,c2,qd_late50_slope_qc,36,-0.3849491241525667
eol_compatible_fixed,B1,none,pearson,c2,qd_full_slope_qc,36,-0.413855778155966
eol_compatible_fixed,B1,none,spearman,c2,qd_full_slope_qc,36,-0.13576456987011903
eol_compatible_fixed,B1,none,pearson,c2_active,qd_early_slope,31,0.1522539349523244
eol_compatible_fixed,B1,none,spearman,c2_active,qd_early_slope,31,-0.0950146187582615
eol_compatible_fixed,B1,none,pearson,c2_active,qd_early_slope_qc,31,-0.06985360011694897
eol_compatible_fixed,B1,none,spearman,c2_active,qd_early_slope_qc,31,-0.0950146187582615
eol_compatible_fixed,B1,none,pearson,c2_active,qd_late50_slope_qc,31,-0.37077114298571423
eol_compatible_fixed,B1,none,spearman,c2_active,qd_late50_slope_qc,31,-0.37274965820548744
eol_compatible_fixed,B1,none,pearson,c2_active,qd_full_slope_qc,31,-0.06375241174648989
eol_compatible_fixed,B1,none,spearman,c2_active,qd_full_slope_qc,31,0.02923526731023431
eol_compatible_fixed,B1,none,pearson,stage2_soc_span_pct,qd_early_slope,36,0.30173616674489445
eol_compatible_fixed,B1,none,spearman,stage2_soc_span_pct,qd_early_slope,36,0.06142547601876431
eol_compatible_fixed,B1,none,pearson,stage2_soc_span_pct,qd_early_slope_qc,36,0.28911736005864264
eol_compatible_fixed,B1,none,spearman,stage2_soc_span_pct,qd_early_slope_qc,36,0.06325128634628596
eol_compatible_fixed,B1,none,pearson,stage2_soc_span_pct,qd_late50_slope_qc,36,0.2355126856400019
eol_compatible_fixed,B1,none,spearman,stage2_soc_span_pct,qd_late50_slope_qc,36,0.06364253141646918
eol_compatible_fixed,B1,none,pearson,stage2_soc_span_pct,qd_full_slope_qc,36,0.19374471992767872
eol_compatible_fixed,B1,none,spearman,stage2_soc_span_pct,qd_full_slope_qc,36,0.06885913235224535
eol_compatible_fixed,B1,none,pearson,c_max,qd_early_slope,36,0.09164649936232336
eol_compatible_fixed,B1,none,spearman,c_max,qd_early_slope,36,-0.23187474048573992
eol_compatible_fixed,B1,none,pearson,c_max,qd_early_slope_qc,36,-0.015725518501935702
eol_compatible_fixed,B1,none,spearman,c_max,qd_early_slope_qc,36,-0.23187474048573992
eol_compatible_fixed,B1,none,pearson,c_max,qd_late50_slope_qc,36,0.03526102760291311
eol_compatible_fixed,B1,none,spearman,c_max,qd_late50_slope_qc,36,-0.08582549032853189
eol_compatible_fixed,B1,none,pearson,c_max,qd_full_slope_qc,36,-0.2615119638430222
eol_compatible_fixed,B1,none,spearman,c_max,qd_full_slope_qc,36,-0.28971077415380775
eol_compatible_fixed,B1,none,pearson,c_eff_0_80,qd_early_slope,36,-0.4635599709084513
eol_compatible_fixed,B1,none,spearman,c_eff_0_80,qd_early_slope,36,-0.4625833994790866
eol_compatible_fixed,B1,none,pearson,c_eff_0_80,qd_early_slope_qc,36,-0.6165430273214733
eol_compatible_fixed,B1,none,spearman,c_eff_0_80,qd_early_slope_qc,36,-0.4636194205305515
eol_compatible_fixed,B1,none,pearson,c_eff_0_80,qd_late50_slope_qc,36,-0.45259622318505793
eol_compatible_fixed,B1,none,spearman,c_eff_0_80,qd_late50_slope_qc,36,-0.42101305478905676
eol_compatible_fixed,B1,none,pearson,c_eff_0_80,qd_full_slope_qc,36,-0.6499103654335674
eol_compatible_fixed,B1,none,spearman,c_eff_0_80,qd_full_slope_qc,36,-0.45351821527876857
eol_compatible_fixed,B2,none,pearson,c1,qd_early_slope,39,0.11351199574062198
eol_compatible_fixed,B2,none,spearman,c1,qd_early_slope,39,-0.06963854858664441
eol_compatible_fixed,B2,none,pearson,c1,qd_early_slope_qc,39,0.11351199574062198
eol_compatible_fixed,B2,none,spearman,c1,qd_early_slope_qc,39,-0.06963854858664441
eol_compatible_fixed,B2,none,pearson,c1,qd_late50_slope_qc,39,-0.12981021238768908
eol_compatible_fixed,B2,none,spearman,c1,qd_late50_slope_qc,39,-0.17898146368089798
eol_compatible_fixed,B2,none,pearson,c1,qd_full_slope_qc,39,0.24841981402207552
eol_compatible_fixed,B2,none,spearman,c1,qd_full_slope_qc,39,0.15081422984958362
eol_compatible_fixed,B2,none,pearson,switch_soc_pct,qd_early_slope,39,0.08745613477198878
eol_compatible_fixed,B2,none,spearman,switch_soc_pct,qd_early_slope,39,0.016638495466402142
eol_compatible_fixed,B2,none,pearson,switch_soc_pct,qd_early_slope_qc,39,0.08745613477198878
eol_compatible_fixed,B2,none,spearman,switch_soc_pct,qd_early_slope_qc,39,0.016638495466402142
eol_compatible_fixed,B2,none,pearson,switch_soc_pct,qd_late50_slope_qc,39,0.016645858272806867
eol_compatible_fixed,B2,none,spearman,switch_soc_pct,qd_late50_slope_qc,39,0.04457473476801562
eol_compatible_fixed,B2,none,pearson,switch_soc_pct,qd_full_slope_qc,39,0.23598073809929246
eol_compatible_fixed,B2,none,spearman,switch_soc_pct,qd_full_slope_qc,39,0.2917899112348672
eol_compatible_fixed,B2,none,pearson,c2,qd_early_slope,39,-0.33718563699916293
eol_compatible_fixed,B2,none,spearman,c2,qd_early_slope,39,-0.1344525938642692
eol_compatible_fixed,B2,none,pearson,c2,qd_early_slope_qc,39,-0.33718563699916293
eol_compatible_fixed,B2,none,spearman,c2,qd_early_slope_qc,39,-0.1344525938642692
eol_compatible_fixed,B2,none,pearson,c2,qd_late50_slope_qc,39,0.26062962421242003
eol_compatible_fixed,B2,none,spearman,c2,qd_late50_slope_qc,39,0.33325329457795155
eol_compatible_fixed,B2,none,pearson,c2,qd_full_slope_qc,39,-0.2340645878629471
eol_compatible_fixed,B2,none,spearman,c2,qd_full_slope_qc,39,-0.3452800174236087
eol_compatible_fixed,B2,none,pearson,c2_active,qd_early_slope,31,-0.3678026223994023
eol_compatible_fixed,B2,none,spearman,c2_active,qd_early_slope,31,-0.22122404113796465
eol_compatible_fixed,B2,none,pearson,c2_active,qd_early_slope_qc,31,-0.3678026223994023
eol_compatible_fixed,B2,none,spearman,c2_active,qd_early_slope_qc,31,-0.22122404113796465
eol_compatible_fixed,B2,none,pearson,c2_active,qd_late50_slope_qc,31,0.2435229071747503
eol_compatible_fixed,B2,none,spearman,c2_active,qd_late50_slope_qc,31,0.338949043458354
eol_compatible_fixed,B2,none,pearson,c2_active,qd_full_slope_qc,31,-0.29978124473555
eol_compatible_fixed,B2,none,spearman,c2_active,qd_full_slope_qc,31,-0.4589419530038298
eol_compatible_fixed,B2,none,pearson,stage2_soc_span_pct,qd_early_slope,39,-0.08745613477198878
eol_compatible_fixed,B2,none,spearman,stage2_soc_span_pct,qd_early_slope,39,-0.016638495466402142
eol_compatible_fixed,B2,none,pearson,stage2_soc_span_pct,qd_early_slope_qc,39,-0.08745613477198878
eol_compatible_fixed,B2,none,spearman,stage2_soc_span_pct,qd_early_slope_qc,39,-0.016638495466402142
eol_compatible_fixed,B2,none,pearson,stage2_soc_span_pct,qd_late50_slope_qc,39,-0.016645858272806867
eol_compatible_fixed,B2,none,spearman,stage2_soc_span_pct,qd_late50_slope_qc,39,-0.04457473476801562
eol_compatible_fixed,B2,none,pearson,stage2_soc_span_pct,qd_full_slope_qc,39,-0.23598073809929246
eol_compatible_fixed,B2,none,spearman,stage2_soc_span_pct,qd_full_slope_qc,39,-0.2917899112348672
eol_compatible_fixed,B2,none,pearson,c_max,qd_early_slope,39,-0.4066487762864514
eol_compatible_fixed,B2,none,spearman,c_max,qd_early_slope,39,-0.3806936001931622
eol_compatible_fixed,B2,none,pearson,c_max,qd_early_slope_qc,39,-0.4066487762864514
eol_compatible_fixed,B2,none,spearman,c_max,qd_early_slope_qc,39,-0.3806936001931622
eol_compatible_fixed,B2,none,pearson,c_max,qd_late50_slope_qc,39,-0.004127273409883329
eol_compatible_fixed,B2,none,spearman,c_max,qd_late50_slope_qc,39,-0.05474161664888007
eol_compatible_fixed,B2,none,pearson,c_max,qd_full_slope_qc,39,-0.2890541132606328
eol_compatible_fixed,B2,none,spearman,c_max,qd_full_slope_qc,39,-0.2969160309871765
eol_compatible_fixed,B2,none,pearson,c_eff_0_80,qd_early_slope,39,-0.3333738003370948
eol_compatible_fixed,B2,none,spearman,c_eff_0_80,qd_early_slope,39,-0.43152782788668975
eol_compatible_fixed,B2,none,pearson,c_eff_0_80,qd_early_slope_qc,39,-0.3333738003370948
eol_compatible_fixed,B2,none,spearman,c_eff_0_80,qd_early_slope_qc,39,-0.43152782788668975
eol_compatible_fixed,B2,none,pearson,c_eff_0_80,qd_late50_slope_qc,39,0.2560452069652934
eol_compatible_fixed,B2,none,spearman,c_eff_0_80,qd_late50_slope_qc,39,0.27764648964411304
eol_compatible_fixed,B2,none,pearson,c_eff_0_80,qd_full_slope_qc,39,0.2667351765530227
eol_compatible_fixed,B2,none,spearman,c_eff_0_80,qd_full_slope_qc,39,0.09808388248571749
eol_compatible_fixed,B3,none,pearson,c1,qd_early_slope,44,0.7175265784738442
eol_compatible_fixed,B3,none,spearman,c1,qd_early_slope,44,-0.09251826917665788
eol_compatible_fixed,B3,none,pearson,c1,qd_early_slope_qc,44,0.7175265784738442
eol_compatible_fixed,B3,none,spearman,c1,qd_early_slope_qc,44,-0.09251826917665788
eol_compatible_fixed,B3,none,pearson,c1,qd_late50_slope_qc,44,-0.3764516849788727
eol_compatible_fixed,B3,none,spearman,c1,qd_late50_slope_qc,44,-0.3988031996034711
eol_compatible_fixed,B3,none,pearson,c1,qd_full_slope_qc,44,0.3487523275981113
eol_compatible_fixed,B3,none,spearman,c1,qd_full_slope_qc,44,-0.3127582998896454
eol_compatible_fixed,B3,none,pearson,switch_soc_pct,qd_early_slope,44,0.2636923559033651
eol_compatible_fixed,B3,none,spearman,switch_soc_pct,qd_early_slope,44,0.3837477709501395
eol_compatible_fixed,B3,none,pearson,switch_soc_pct,qd_early_slope_qc,44,0.2636923559033651
eol_compatible_fixed,B3,none,spearman,switch_soc_pct,qd_early_slope_qc,44,0.3837477709501395
eol_compatible_fixed,B3,none,pearson,switch_soc_pct,qd_late50_slope_qc,44,0.10128684261392656
eol_compatible_fixed,B3,none,spearman,switch_soc_pct,qd_late50_slope_qc,44,0.09654346115573424
eol_compatible_fixed,B3,none,pearson,switch_soc_pct,qd_full_slope_qc,44,0.5392068846456581
eol_compatible_fixed,B3,none,spearman,switch_soc_pct,qd_full_slope_qc,44,0.6533273690627514
eol_compatible_fixed,B3,none,pearson,c2,qd_early_slope,44,-0.707520694637618
eol_compatible_fixed,B3,none,spearman,c2,qd_early_slope,44,-0.19936109840768818
eol_compatible_fixed,B3,none,pearson,c2,qd_early_slope_qc,44,-0.707520694637618
eol_compatible_fixed,B3,none,spearman,c2,qd_early_slope_qc,44,-0.19936109840768818
eol_compatible_fixed,B3,none,pearson,c2,qd_late50_slope_qc,44,0.512646319534314
eol_compatible_fixed,B3,none,spearman,c2,qd_late50_slope_qc,44,0.5411022156927592
eol_compatible_fixed,B3,none,pearson,c2,qd_full_slope_qc,44,-0.5277964153189243
eol_compatible_fixed,B3,none,spearman,c2,qd_full_slope_qc,44,-0.17886535296438955
eol_compatible_fixed,B3,none,pearson,c2_active,qd_early_slope,38,-0.7922530710027222
eol_compatible_fixed,B3,none,spearman,c2_active,qd_early_slope,38,-0.4061904351753478
eol_compatible_fixed,B3,none,pearson,c2_active,qd_early_slope_qc,38,-0.7922530710027222
eol_compatible_fixed,B3,none,spearman,c2_active,qd_early_slope_qc,38,-0.4061904351753478
eol_compatible_fixed,B3,none,pearson,c2_active,qd_late50_slope_qc,38,0.4512432191075556
eol_compatible_fixed,B3,none,spearman,c2_active,qd_late50_slope_qc,38,0.3811976282692722
eol_compatible_fixed,B3,none,pearson,c2_active,qd_full_slope_qc,38,-0.7450414993623713
eol_compatible_fixed,B3,none,spearman,c2_active,qd_full_slope_qc,38,-0.5976490935842756
eol_compatible_fixed,B3,none,pearson,stage2_soc_span_pct,qd_early_slope,44,-0.2636923559033651
eol_compatible_fixed,B3,none,spearman,stage2_soc_span_pct,qd_early_slope,44,-0.3837477709501395
eol_compatible_fixed,B3,none,pearson,stage2_soc_span_pct,qd_early_slope_qc,44,-0.2636923559033651
eol_compatible_fixed,B3,none,spearman,stage2_soc_span_pct,qd_early_slope_qc,44,-0.3837477709501395
eol_compatible_fixed,B3,none,pearson,stage2_soc_span_pct,qd_late50_slope_qc,44,-0.10128684261392656
eol_compatible_fixed,B3,none,spearman,stage2_soc_span_pct,qd_late50_slope_qc,44,-0.09654346115573424
eol_compatible_fixed,B3,none,pearson,stage2_soc_span_pct,qd_full_slope_qc,44,-0.5392068846456581
eol_compatible_fixed,B3,none,spearman,stage2_soc_span_pct,qd_full_slope_qc,44,-0.6533273690627514
eol_compatible_fixed,B3,none,pearson,c_max,qd_early_slope,44,-0.434842257546059
eol_compatible_fixed,B3,none,spearman,c_max,qd_early_slope,44,-0.4696602306288915
eol_compatible_fixed,B3,none,pearson,c_max,qd_early_slope_qc,44,-0.434842257546059
eol_compatible_fixed,B3,none,spearman,c_max,qd_early_slope_qc,44,-0.4696602306288915
eol_compatible_fixed,B3,none,pearson,c_max,qd_late50_slope_qc,44,-0.2629067325731907
eol_compatible_fixed,B3,none,spearman,c_max,qd_late50_slope_qc,44,-0.2534431429126592
eol_compatible_fixed,B3,none,pearson,c_max,qd_full_slope_qc,44,-0.6539577232272822
eol_compatible_fixed,B3,none,spearman,c_max,qd_full_slope_qc,44,-0.6963676352693615
eol_compatible_fixed,B3,none,pearson,c_eff_0_80,qd_early_slope,44,0.27003386403167595
eol_compatible_fixed,B3,none,spearman,c_eff_0_80,qd_early_slope,44,-0.06636025046181289
eol_compatible_fixed,B3,none,pearson,c_eff_0_80,qd_early_slope_qc,44,0.27003386403167595
eol_compatible_fixed,B3,none,spearman,c_eff_0_80,qd_early_slope_qc,44,-0.06636025046181289
eol_compatible_fixed,B3,none,pearson,c_eff_0_80,qd_late50_slope_qc,44,-0.24822800792034222
eol_compatible_fixed,B3,none,spearman,c_eff_0_80,qd_late50_slope_qc,44,-0.2772145946711216
eol_compatible_fixed,B3,none,pearson,c_eff_0_80,qd_full_slope_qc,44,0.12539008016997416
eol_compatible_fixed,B3,none,spearman,c_eff_0_80,qd_full_slope_qc,44,-0.0786333290418471
all_fixed_excl_source_issue,ALL,none,pearson,c1,qd_early_slope,130,0.14172730839251096
all_fixed_excl_source_issue,ALL,none,spearman,c1,qd_early_slope,130,-0.15190333365146175
all_fixed_excl_source_issue,ALL,within_batch_mean_centered,pearson,c1,qd_early_slope,130,0.2020752736925819
all_fixed_excl_source_issue,ALL,none,pearson,c1,qd_early_slope_qc,130,0.15610950861775585
all_fixed_excl_source_issue,ALL,none,spearman,c1,qd_early_slope_qc,130,-0.14918944840729498
all_fixed_excl_source_issue,ALL,within_batch_mean_centered,pearson,c1,qd_early_slope_qc,130,0.2023538180921301
all_fixed_excl_source_issue,ALL,none,pearson,c1,qd_late50_slope_qc,130,0.04006941380297489
all_fixed_excl_source_issue,ALL,none,spearman,c1,qd_late50_slope_qc,130,0.02810122309562746
all_fixed_excl_source_issue,ALL,within_batch_mean_centered,pearson,c1,qd_late50_slope_qc,130,-0.33736429152692377
all_fixed_excl_source_issue,ALL,none,pearson,c1,qd_full_slope_qc,130,0.07865126151180618
all_fixed_excl_source_issue,ALL,none,spearman,c1,qd_full_slope_qc,130,-0.05220448353166174
all_fixed_excl_source_issue,ALL,within_batch_mean_centered,pearson,c1,qd_full_slope_qc,130,-0.14699791820842015
all_fixed_excl_source_issue,ALL,none,pearson,switch_soc_pct,qd_early_slope,130,0.02394027190525675
all_fixed_excl_source_issue,ALL,none,spearman,switch_soc_pct,qd_early_slope,130,0.14328840956506522
all_fixed_excl_source_issue,ALL,within_batch_mean_centered,pearson,switch_soc_pct,qd_early_slope,130,0.02036205538579189
all_fixed_excl_source_issue,ALL,none,pearson,switch_soc_pct,qd_early_slope_qc,130,0.06070590025208295
all_fixed_excl_source_issue,ALL,none,spearman,switch_soc_pct,qd_early_slope_qc,130,0.14657485357145322
all_fixed_excl_source_issue,ALL,within_batch_mean_centered,pearson,switch_soc_pct,qd_early_slope_qc,130,0.05448800463871949
all_fixed_excl_source_issue,ALL,none,pearson,switch_soc_pct,qd_late50_slope_qc,130,0.07733984777998326
all_fixed_excl_source_issue,ALL,none,spearman,switch_soc_pct,qd_late50_slope_qc,130,0.06988841452180988
all_fixed_excl_source_issue,ALL,within_batch_mean_centered,pearson,switch_soc_pct,qd_late50_slope_qc,130,0.1500246568219023
all_fixed_excl_source_issue,ALL,none,pearson,switch_soc_pct,qd_full_slope_qc,130,0.15613452566091338
all_fixed_excl_source_issue,ALL,none,spearman,switch_soc_pct,qd_full_slope_qc,130,0.19734862885143084
all_fixed_excl_source_issue,ALL,within_batch_mean_centered,pearson,switch_soc_pct,qd_full_slope_qc,130,0.2902873068576626
all_fixed_excl_source_issue,ALL,none,pearson,c2,qd_early_slope,130,-0.23856076493522743
all_fixed_excl_source_issue,ALL,none,spearman,c2,qd_early_slope,130,-0.13055949836250844
all_fixed_excl_source_issue,ALL,within_batch_mean_centered,pearson,c2,qd_early_slope,130,-0.36784416218461063
all_fixed_excl_source_issue,ALL,none,pearson,c2,qd_early_slope_qc,130,-0.3182967434654371
all_fixed_excl_source_issue,ALL,none,spearman,c2,qd_early_slope_qc,130,-0.1387613377448271
all_fixed_excl_source_issue,ALL,within_batch_mean_centered,pearson,c2,qd_early_slope_qc,130,-0.4407260668269168
all_fixed_excl_source_issue,ALL,none,pearson,c2,qd_late50_slope_qc,130,-0.199905379735785
all_fixed_excl_source_issue,ALL,none,spearman,c2,qd_late50_slope_qc,130,-0.1963975240059205
all_fixed_excl_source_issue,ALL,within_batch_mean_centered,pearson,c2,qd_late50_slope_qc,130,0.2137376336460724
all_fixed_excl_source_issue,ALL,none,pearson,c2,qd_full_slope_qc,130,-0.338978028606367
all_fixed_excl_source_issue,ALL,none,spearman,c2,qd_full_slope_qc,130,-0.19098293155318985
all_fixed_excl_source_issue,ALL,within_batch_mean_centered,pearson,c2,qd_full_slope_qc,130,-0.2560396717754703
all_fixed_excl_source_issue,ALL,none,pearson,c2_active,qd_early_slope,105,-0.2858375531528097
all_fixed_excl_source_issue,ALL,none,spearman,c2_active,qd_early_slope,105,-0.18414075185871492
all_fixed_excl_source_issue,ALL,within_batch_mean_centered,pearson,c2_active,qd_early_slope,105,-0.4137798088608816
all_fixed_excl_source_issue,ALL,none,pearson,c2_active,qd_early_slope_qc,105,-0.38627177988594225
all_fixed_excl_source_issue,ALL,none,spearman,c2_active,qd_early_slope_qc,105,-0.1931654588881205
all_fixed_excl_source_issue,ALL,within_batch_mean_centered,pearson,c2_active,qd_early_slope_qc,105,-0.5015062571337532
all_fixed_excl_source_issue,ALL,none,pearson,c2_active,qd_late50_slope_qc,105,-0.23693607426440272
all_fixed_excl_source_issue,ALL,none,spearman,c2_active,qd_late50_slope_qc,105,-0.23853559940164973
all_fixed_excl_source_issue,ALL,within_batch_mean_centered,pearson,c2_active,qd_late50_slope_qc,105,0.26328044058229993
all_fixed_excl_source_issue,ALL,none,pearson,c2_active,qd_full_slope_qc,105,-0.38595508275920143
all_fixed_excl_source_issue,ALL,none,spearman,c2_active,qd_full_slope_qc,105,-0.16010984593157673
all_fixed_excl_source_issue,ALL,within_batch_mean_centered,pearson,c2_active,qd_full_slope_qc,105,-0.34929739187991377
all_fixed_excl_source_issue,ALL,none,pearson,stage2_soc_span_pct,qd_early_slope,130,-0.02394027190525675
all_fixed_excl_source_issue,ALL,none,spearman,stage2_soc_span_pct,qd_early_slope,130,-0.14328840956506522
all_fixed_excl_source_issue,ALL,within_batch_mean_centered,pearson,stage2_soc_span_pct,qd_early_slope,130,-0.02036205538579189
all_fixed_excl_source_issue,ALL,none,pearson,stage2_soc_span_pct,qd_early_slope_qc,130,-0.06070590025208295
all_fixed_excl_source_issue,ALL,none,spearman,stage2_soc_span_pct,qd_early_slope_qc,130,-0.14657485357145322
all_fixed_excl_source_issue,ALL,within_batch_mean_centered,pearson,stage2_soc_span_pct,qd_early_slope_qc,130,-0.05448800463871949
all_fixed_excl_source_issue,ALL,none,pearson,stage2_soc_span_pct,qd_late50_slope_qc,130,-0.07733984777998326
all_fixed_excl_source_issue,ALL,none,spearman,stage2_soc_span_pct,qd_late50_slope_qc,130,-0.06988841452180988
all_fixed_excl_source_issue,ALL,within_batch_mean_centered,pearson,stage2_soc_span_pct,qd_late50_slope_qc,130,-0.1500246568219023
all_fixed_excl_source_issue,ALL,none,pearson,stage2_soc_span_pct,qd_full_slope_qc,130,-0.15613452566091338
all_fixed_excl_source_issue,ALL,none,spearman,stage2_soc_span_pct,qd_full_slope_qc,130,-0.19734862885143084
all_fixed_excl_source_issue,ALL,within_batch_mean_centered,pearson,stage2_soc_span_pct,qd_full_slope_qc,130,-0.2902873068576626
all_fixed_excl_source_issue,ALL,none,pearson,c_max,qd_early_slope,130,-0.09794414851591196
all_fixed_excl_source_issue,ALL,none,spearman,c_max,qd_early_slope,130,-0.3371286587907946
all_fixed_excl_source_issue,ALL,within_batch_mean_centered,pearson,c_max,qd_early_slope,130,-0.07700502183120594
all_fixed_excl_source_issue,ALL,none,pearson,c_max,qd_early_slope_qc,130,-0.11372324635492308
all_fixed_excl_source_issue,ALL,none,spearman,c_max,qd_early_slope_qc,130,-0.3377588984118718
all_fixed_excl_source_issue,ALL,within_batch_mean_centered,pearson,c_max,qd_early_slope_qc,130,-0.10726431638024062
all_fixed_excl_source_issue,ALL,none,pearson,c_max,qd_late50_slope_qc,130,-0.013896718530283625
all_fixed_excl_source_issue,ALL,none,spearman,c_max,qd_late50_slope_qc,130,-0.020665804867548404
all_fixed_excl_source_issue,ALL,within_batch_mean_centered,pearson,c_max,qd_late50_slope_qc,130,-0.29785331303328977
all_fixed_excl_source_issue,ALL,none,pearson,c_max,qd_full_slope_qc,130,-0.13967627323354542
all_fixed_excl_source_issue,ALL,none,spearman,c_max,qd_full_slope_qc,130,-0.26696565049497906
all_fixed_excl_source_issue,ALL,within_batch_mean_centered,pearson,c_max,qd_full_slope_qc,130,-0.41571052205110753
all_fixed_excl_source_issue,ALL,none,pearson,c_eff_0_80,qd_early_slope,130,-0.07011066718782372
all_fixed_excl_source_issue,ALL,none,spearman,c_eff_0_80,qd_early_slope,130,-0.25154557856194115
all_fixed_excl_source_issue,ALL,within_batch_mean_centered,pearson,c_eff_0_80,qd_early_slope,130,-0.13640521462735883
all_fixed_excl_source_issue,ALL,none,pearson,c_eff_0_80,qd_early_slope_qc,130,-0.04895102420744971
all_fixed_excl_source_issue,ALL,none,spearman,c_eff_0_80,qd_early_slope_qc,130,-0.24754909078617135
all_fixed_excl_source_issue,ALL,within_batch_mean_centered,pearson,c_eff_0_80,qd_early_slope_qc,130,-0.08006114106492257
all_fixed_excl_source_issue,ALL,none,pearson,c_eff_0_80,qd_late50_slope_qc,130,-0.39792328785689535
all_fixed_excl_source_issue,ALL,none,spearman,c_eff_0_80,qd_late50_slope_qc,130,-0.34127043211939273
all_fixed_excl_source_issue,ALL,within_batch_mean_centered,pearson,c_eff_0_80,qd_late50_slope_qc,130,-0.34836471104459477
all_fixed_excl_source_issue,ALL,none,pearson,c_eff_0_80,qd_full_slope_qc,130,-0.33711715416883437
all_fixed_excl_source_issue,ALL,none,spearman,c_eff_0_80,qd_full_slope_qc,130,-0.159042109962036
all_fixed_excl_source_issue,ALL,within_batch_mean_centered,pearson,c_eff_0_80,qd_full_slope_qc,130,-0.38870060528029654
all_fixed_excl_source_issue,B1,none,pearson,c1,qd_early_slope,46,0.10059070351265699
all_fixed_excl_source_issue,B1,none,spearman,c1,qd_early_slope,46,-0.380287079181742
all_fixed_excl_source_issue,B1,none,pearson,c1,qd_early_slope_qc,46,0.09011397049099026
all_fixed_excl_source_issue,B1,none,spearman,c1,qd_early_slope_qc,46,-0.37857835041856897
all_fixed_excl_source_issue,B1,none,pearson,c1,qd_late50_slope_qc,46,-0.5517379227347237
all_fixed_excl_source_issue,B1,none,spearman,c1,qd_late50_slope_qc,46,-0.4292706370593703
all_fixed_excl_source_issue,B1,none,pearson,c1,qd_full_slope_qc,46,-0.6161771253363446
all_fixed_excl_source_issue,B1,none,spearman,c1,qd_full_slope_qc,46,-0.5559697105361298
all_fixed_excl_source_issue,B1,none,pearson,switch_soc_pct,qd_early_slope,46,-0.26606550455922906
all_fixed_excl_source_issue,B1,none,spearman,switch_soc_pct,qd_early_slope,46,0.10199086528584411
all_fixed_excl_source_issue,B1,none,pearson,switch_soc_pct,qd_early_slope_qc,46,-0.2520644964903184
all_fixed_excl_source_issue,B1,none,spearman,switch_soc_pct,qd_early_slope_qc,46,0.09973830629793591
all_fixed_excl_source_issue,B1,none,pearson,switch_soc_pct,qd_late50_slope_qc,46,0.2908904099951869
all_fixed_excl_source_issue,B1,none,spearman,switch_soc_pct,qd_late50_slope_qc,46,0.18596125866842253
all_fixed_excl_source_issue,B1,none,pearson,switch_soc_pct,qd_full_slope_qc,46,0.21662319371092473
all_fixed_excl_source_issue,B1,none,spearman,switch_soc_pct,qd_full_slope_qc,46,0.19134237180620325
all_fixed_excl_source_issue,B1,none,pearson,c2,qd_early_slope,46,-0.15816275688816275
all_fixed_excl_source_issue,B1,none,spearman,c2,qd_early_slope,46,-0.05881068663668768
all_fixed_excl_source_issue,B1,none,pearson,c2,qd_early_slope_qc,46,-0.35891002315442844
all_fixed_excl_source_issue,B1,none,spearman,c2,qd_early_slope_qc,46,-0.07188733523692908
all_fixed_excl_source_issue,B1,none,pearson,c2,qd_late50_slope_qc,46,-0.1480422022905673
all_fixed_excl_source_issue,B1,none,spearman,c2,qd_late50_slope_qc,46,-0.12042840255405546
all_fixed_excl_source_issue,B1,none,pearson,c2,qd_full_slope_qc,46,-0.20384390898807664
all_fixed_excl_source_issue,B1,none,spearman,c2,qd_full_slope_qc,46,0.05470283890886317
all_fixed_excl_source_issue,B1,none,pearson,c2_active,qd_early_slope,36,0.14405108206336487
all_fixed_excl_source_issue,B1,none,spearman,c2_active,qd_early_slope,36,-0.0713056154785618
all_fixed_excl_source_issue,B1,none,pearson,c2_active,qd_early_slope_qc,36,-0.07793306817228021
all_fixed_excl_source_issue,B1,none,spearman,c2_active,qd_early_slope_qc,36,-0.0713056154785618
all_fixed_excl_source_issue,B1,none,pearson,c2_active,qd_late50_slope_qc,36,-0.17760229752588583
all_fixed_excl_source_issue,B1,none,spearman,c2_active,qd_late50_slope_qc,36,-0.23037198846919968
all_fixed_excl_source_issue,B1,none,pearson,c2_active,qd_full_slope_qc,36,0.03560995031422387
all_fixed_excl_source_issue,B1,none,spearman,c2_active,qd_full_slope_qc,36,0.10421589954559032
all_fixed_excl_source_issue,B1,none,pearson,stage2_soc_span_pct,qd_early_slope,46,0.26606550455922906
all_fixed_excl_source_issue,B1,none,spearman,stage2_soc_span_pct,qd_early_slope,46,-0.10199086528584411
all_fixed_excl_source_issue,B1,none,pearson,stage2_soc_span_pct,qd_early_slope_qc,46,0.2520644964903184
all_fixed_excl_source_issue,B1,none,spearman,stage2_soc_span_pct,qd_early_slope_qc,46,-0.09973830629793591
all_fixed_excl_source_issue,B1,none,pearson,stage2_soc_span_pct,qd_late50_slope_qc,46,-0.2908904099951869
all_fixed_excl_source_issue,B1,none,spearman,stage2_soc_span_pct,qd_late50_slope_qc,46,-0.18596125866842253
all_fixed_excl_source_issue,B1,none,pearson,stage2_soc_span_pct,qd_full_slope_qc,46,-0.21662319371092473
all_fixed_excl_source_issue,B1,none,spearman,stage2_soc_span_pct,qd_full_slope_qc,46,-0.19134237180620325
all_fixed_excl_source_issue,B1,none,pearson,c_max,qd_early_slope,46,0.10059070351265699
all_fixed_excl_source_issue,B1,none,spearman,c_max,qd_early_slope,46,-0.380287079181742
all_fixed_excl_source_issue,B1,none,pearson,c_max,qd_early_slope_qc,46,0.09011397049099026
all_fixed_excl_source_issue,B1,none,spearman,c_max,qd_early_slope_qc,46,-0.37857835041856897
all_fixed_excl_source_issue,B1,none,pearson,c_max,qd_late50_slope_qc,46,-0.5517379227347237
all_fixed_excl_source_issue,B1,none,spearman,c_max,qd_late50_slope_qc,46,-0.4292706370593703
all_fixed_excl_source_issue,B1,none,pearson,c_max,qd_full_slope_qc,46,-0.6161771253363446
all_fixed_excl_source_issue,B1,none,spearman,c_max,qd_full_slope_qc,46,-0.5559697105361298
all_fixed_excl_source_issue,B1,none,pearson,c_eff_0_80,qd_early_slope,46,-0.22957548658659876
all_fixed_excl_source_issue,B1,none,spearman,c_eff_0_80,qd_early_slope,46,-0.401462985818362
all_fixed_excl_source_issue,B1,none,pearson,c_eff_0_80,qd_early_slope_qc,46,-0.1734520320032475
all_fixed_excl_source_issue,B1,none,spearman,c_eff_0_80,qd_early_slope_qc,46,-0.3968214375007456
all_fixed_excl_source_issue,B1,none,pearson,c_eff_0_80,qd_late50_slope_qc,46,-0.7152800982141333
all_fixed_excl_source_issue,B1,none,spearman,c_eff_0_80,qd_late50_slope_qc,46,-0.624381079685749
all_fixed_excl_source_issue,B1,none,pearson,c_eff_0_80,qd_full_slope_qc,46,-0.7800628328058942
all_fixed_excl_source_issue,B1,none,spearman,c_eff_0_80,qd_full_slope_qc,46,-0.630446036154101
all_fixed_excl_source_issue,B2,none,pearson,c1,qd_early_slope,39,0.11351199574062198
all_fixed_excl_source_issue,B2,none,spearman,c1,qd_early_slope,39,-0.06963854858664441
all_fixed_excl_source_issue,B2,none,pearson,c1,qd_early_slope_qc,39,0.11351199574062198
all_fixed_excl_source_issue,B2,none,spearman,c1,qd_early_slope_qc,39,-0.06963854858664441
all_fixed_excl_source_issue,B2,none,pearson,c1,qd_late50_slope_qc,39,-0.12981021238768908
all_fixed_excl_source_issue,B2,none,spearman,c1,qd_late50_slope_qc,39,-0.17898146368089798
all_fixed_excl_source_issue,B2,none,pearson,c1,qd_full_slope_qc,39,0.24841981402207552
all_fixed_excl_source_issue,B2,none,spearman,c1,qd_full_slope_qc,39,0.15081422984958362
all_fixed_excl_source_issue,B2,none,pearson,switch_soc_pct,qd_early_slope,39,0.08745613477198878
all_fixed_excl_source_issue,B2,none,spearman,switch_soc_pct,qd_early_slope,39,0.016638495466402142
all_fixed_excl_source_issue,B2,none,pearson,switch_soc_pct,qd_early_slope_qc,39,0.08745613477198878
all_fixed_excl_source_issue,B2,none,spearman,switch_soc_pct,qd_early_slope_qc,39,0.016638495466402142
all_fixed_excl_source_issue,B2,none,pearson,switch_soc_pct,qd_late50_slope_qc,39,0.016645858272806867
all_fixed_excl_source_issue,B2,none,spearman,switch_soc_pct,qd_late50_slope_qc,39,0.04457473476801562
all_fixed_excl_source_issue,B2,none,pearson,switch_soc_pct,qd_full_slope_qc,39,0.23598073809929246
all_fixed_excl_source_issue,B2,none,spearman,switch_soc_pct,qd_full_slope_qc,39,0.2917899112348672
all_fixed_excl_source_issue,B2,none,pearson,c2,qd_early_slope,39,-0.33718563699916293
all_fixed_excl_source_issue,B2,none,spearman,c2,qd_early_slope,39,-0.1344525938642692
all_fixed_excl_source_issue,B2,none,pearson,c2,qd_early_slope_qc,39,-0.33718563699916293
all_fixed_excl_source_issue,B2,none,spearman,c2,qd_early_slope_qc,39,-0.1344525938642692
all_fixed_excl_source_issue,B2,none,pearson,c2,qd_late50_slope_qc,39,0.26062962421242003
all_fixed_excl_source_issue,B2,none,spearman,c2,qd_late50_slope_qc,39,0.33325329457795155
all_fixed_excl_source_issue,B2,none,pearson,c2,qd_full_slope_qc,39,-0.2340645878629471
all_fixed_excl_source_issue,B2,none,spearman,c2,qd_full_slope_qc,39,-0.3452800174236087
all_fixed_excl_source_issue,B2,none,pearson,c2_active,qd_early_slope,31,-0.3678026223994023
all_fixed_excl_source_issue,B2,none,spearman,c2_active,qd_early_slope,31,-0.22122404113796465
all_fixed_excl_source_issue,B2,none,pearson,c2_active,qd_early_slope_qc,31,-0.3678026223994023
all_fixed_excl_source_issue,B2,none,spearman,c2_active,qd_early_slope_qc,31,-0.22122404113796465
all_fixed_excl_source_issue,B2,none,pearson,c2_active,qd_late50_slope_qc,31,0.2435229071747503
all_fixed_excl_source_issue,B2,none,spearman,c2_active,qd_late50_slope_qc,31,0.338949043458354
all_fixed_excl_source_issue,B2,none,pearson,c2_active,qd_full_slope_qc,31,-0.29978124473555
all_fixed_excl_source_issue,B2,none,spearman,c2_active,qd_full_slope_qc,31,-0.4589419530038298
all_fixed_excl_source_issue,B2,none,pearson,stage2_soc_span_pct,qd_early_slope,39,-0.08745613477198878
all_fixed_excl_source_issue,B2,none,spearman,stage2_soc_span_pct,qd_early_slope,39,-0.016638495466402142
all_fixed_excl_source_issue,B2,none,pearson,stage2_soc_span_pct,qd_early_slope_qc,39,-0.08745613477198878
all_fixed_excl_source_issue,B2,none,spearman,stage2_soc_span_pct,qd_early_slope_qc,39,-0.016638495466402142
all_fixed_excl_source_issue,B2,none,pearson,stage2_soc_span_pct,qd_late50_slope_qc,39,-0.016645858272806867
all_fixed_excl_source_issue,B2,none,spearman,stage2_soc_span_pct,qd_late50_slope_qc,39,-0.04457473476801562
all_fixed_excl_source_issue,B2,none,pearson,stage2_soc_span_pct,qd_full_slope_qc,39,-0.23598073809929246
all_fixed_excl_source_issue,B2,none,spearman,stage2_soc_span_pct,qd_full_slope_qc,39,-0.2917899112348672
all_fixed_excl_source_issue,B2,none,pearson,c_max,qd_early_slope,39,-0.4066487762864514
all_fixed_excl_source_issue,B2,none,spearman,c_max,qd_early_slope,39,-0.3806936001931622
all_fixed_excl_source_issue,B2,none,pearson,c_max,qd_early_slope_qc,39,-0.4066487762864514
all_fixed_excl_source_issue,B2,none,spearman,c_max,qd_early_slope_qc,39,-0.3806936001931622
all_fixed_excl_source_issue,B2,none,pearson,c_max,qd_late50_slope_qc,39,-0.004127273409883329
all_fixed_excl_source_issue,B2,none,spearman,c_max,qd_late50_slope_qc,39,-0.05474161664888007
all_fixed_excl_source_issue,B2,none,pearson,c_max,qd_full_slope_qc,39,-0.2890541132606328
all_fixed_excl_source_issue,B2,none,spearman,c_max,qd_full_slope_qc,39,-0.2969160309871765
all_fixed_excl_source_issue,B2,none,pearson,c_eff_0_80,qd_early_slope,39,-0.3333738003370948
all_fixed_excl_source_issue,B2,none,spearman,c_eff_0_80,qd_early_slope,39,-0.43152782788668975
all_fixed_excl_source_issue,B2,none,pearson,c_eff_0_80,qd_early_slope_qc,39,-0.3333738003370948
all_fixed_excl_source_issue,B2,none,spearman,c_eff_0_80,qd_early_slope_qc,39,-0.43152782788668975
all_fixed_excl_source_issue,B2,none,pearson,c_eff_0_80,qd_late50_slope_qc,39,0.2560452069652934
all_fixed_excl_source_issue,B2,none,spearman,c_eff_0_80,qd_late50_slope_qc,39,0.27764648964411304
all_fixed_excl_source_issue,B2,none,pearson,c_eff_0_80,qd_full_slope_qc,39,0.2667351765530227
all_fixed_excl_source_issue,B2,none,spearman,c_eff_0_80,qd_full_slope_qc,39,0.09808388248571749
all_fixed_excl_source_issue,B3,none,pearson,c1,qd_early_slope,45,0.7101325056448322
all_fixed_excl_source_issue,B3,none,spearman,c1,qd_early_slope,45,-0.06762500936358283
all_fixed_excl_source_issue,B3,none,pearson,c1,qd_early_slope_qc,45,0.7101325056448322
all_fixed_excl_source_issue,B3,none,spearman,c1,qd_early_slope_qc,45,-0.06762500936358283
all_fixed_excl_source_issue,B3,none,pearson,c1,qd_late50_slope_qc,45,-0.4018400583380021
all_fixed_excl_source_issue,B3,none,spearman,c1,qd_late50_slope_qc,45,-0.4490680842678081
all_fixed_excl_source_issue,B3,none,pearson,c1,qd_full_slope_qc,45,0.27043339477949635
all_fixed_excl_source_issue,B3,none,spearman,c1,qd_full_slope_qc,45,-0.34009404809456467
all_fixed_excl_source_issue,B3,none,pearson,switch_soc_pct,qd_early_slope,45,0.26098355275191576
all_fixed_excl_source_issue,B3,none,spearman,switch_soc_pct,qd_early_slope,45,0.354945320699666
all_fixed_excl_source_issue,B3,none,pearson,switch_soc_pct,qd_early_slope_qc,45,0.26098355275191576
all_fixed_excl_source_issue,B3,none,spearman,switch_soc_pct,qd_early_slope_qc,45,0.354945320699666
all_fixed_excl_source_issue,B3,none,pearson,switch_soc_pct,qd_late50_slope_qc,45,0.21245948886181398
all_fixed_excl_source_issue,B3,none,spearman,switch_soc_pct,qd_late50_slope_qc,45,0.18447552744368212
all_fixed_excl_source_issue,B3,none,pearson,switch_soc_pct,qd_full_slope_qc,45,0.5810491072479097
all_fixed_excl_source_issue,B3,none,spearman,switch_soc_pct,qd_full_slope_qc,45,0.6751430818193759
all_fixed_excl_source_issue,B3,none,pearson,c2,qd_early_slope,45,-0.701538891281291
all_fixed_excl_source_issue,B3,none,spearman,c2,qd_early_slope,45,-0.21996688659086505
all_fixed_excl_source_issue,B3,none,pearson,c2,qd_early_slope_qc,45,-0.701538891281291
all_fixed_excl_source_issue,B3,none,spearman,c2,qd_early_slope_qc,45,-0.21996688659086505
all_fixed_excl_source_issue,B3,none,pearson,c2,qd_late50_slope_qc,45,0.5162292502921036
all_fixed_excl_source_issue,B3,none,spearman,c2,qd_late50_slope_qc,45,0.580245778570351
all_fixed_excl_source_issue,B3,none,pearson,c2,qd_full_slope_qc,45,-0.44164982748229326
all_fixed_excl_source_issue,B3,none,spearman,c2,qd_full_slope_qc,45,-0.11588631779679134
all_fixed_excl_source_issue,B3,none,pearson,c2_active,qd_early_slope,38,-0.7922530710027222
all_fixed_excl_source_issue,B3,none,spearman,c2_active,qd_early_slope,38,-0.4061904351753478
all_fixed_excl_source_issue,B3,none,pearson,c2_active,qd_early_slope_qc,38,-0.7922530710027222
all_fixed_excl_source_issue,B3,none,spearman,c2_active,qd_early_slope_qc,38,-0.4061904351753478
all_fixed_excl_source_issue,B3,none,pearson,c2_active,qd_late50_slope_qc,38,0.4512432191075556
all_fixed_excl_source_issue,B3,none,spearman,c2_active,qd_late50_slope_qc,38,0.3811976282692722
all_fixed_excl_source_issue,B3,none,pearson,c2_active,qd_full_slope_qc,38,-0.7450414993623713
all_fixed_excl_source_issue,B3,none,spearman,c2_active,qd_full_slope_qc,38,-0.5976490935842756
all_fixed_excl_source_issue,B3,none,pearson,stage2_soc_span_pct,qd_early_slope,45,-0.26098355275191576
all_fixed_excl_source_issue,B3,none,spearman,stage2_soc_span_pct,qd_early_slope,45,-0.354945320699666
all_fixed_excl_source_issue,B3,none,pearson,stage2_soc_span_pct,qd_early_slope_qc,45,-0.26098355275191576
all_fixed_excl_source_issue,B3,none,spearman,stage2_soc_span_pct,qd_early_slope_qc,45,-0.354945320699666
all_fixed_excl_source_issue,B3,none,pearson,stage2_soc_span_pct,qd_late50_slope_qc,45,-0.21245948886181398
all_fixed_excl_source_issue,B3,none,spearman,stage2_soc_span_pct,qd_late50_slope_qc,45,-0.18447552744368212
all_fixed_excl_source_issue,B3,none,pearson,stage2_soc_span_pct,qd_full_slope_qc,45,-0.5810491072479097
all_fixed_excl_source_issue,B3,none,spearman,stage2_soc_span_pct,qd_full_slope_qc,45,-0.6751430818193759
all_fixed_excl_source_issue,B3,none,pearson,c_max,qd_early_slope,45,-0.42682224674518987
all_fixed_excl_source_issue,B3,none,spearman,c_max,qd_early_slope,45,-0.4367421251480096
all_fixed_excl_source_issue,B3,none,pearson,c_max,qd_early_slope_qc,45,-0.42682224674518987
all_fixed_excl_source_issue,B3,none,spearman,c_max,qd_early_slope_qc,45,-0.4367421251480096
all_fixed_excl_source_issue,B3,none,pearson,c_max,qd_late50_slope_qc,45,-0.35909015355528334
all_fixed_excl_source_issue,B3,none,spearman,c_max,qd_late50_slope_qc,45,-0.33087142783282186
all_fixed_excl_source_issue,B3,none,pearson,c_max,qd_full_slope_qc,45,-0.6878354782127013
all_fixed_excl_source_issue,B3,none,spearman,c_max,qd_full_slope_qc,45,-0.715732151534789
all_fixed_excl_source_issue,B3,none,pearson,c_eff_0_80,qd_early_slope,45,0.26956863078489646
all_fixed_excl_source_issue,B3,none,spearman,c_eff_0_80,qd_early_slope,45,-0.05548938497221385
all_fixed_excl_source_issue,B3,none,pearson,c_eff_0_80,qd_early_slope_qc,45,0.26956863078489646
all_fixed_excl_source_issue,B3,none,spearman,c_eff_0_80,qd_early_slope_qc,45,-0.05548938497221385
all_fixed_excl_source_issue,B3,none,pearson,c_eff_0_80,qd_late50_slope_qc,45,-0.2354968802045224
all_fixed_excl_source_issue,B3,none,spearman,c_eff_0_80,qd_late50_slope_qc,45,-0.28931845193445155
all_fixed_excl_source_issue,B3,none,pearson,c_eff_0_80,qd_full_slope_qc,45,0.1063125684375354
all_fixed_excl_source_issue,B3,none,spearman,c_eff_0_80,qd_full_slope_qc,45,-0.0959726261718939
eol_fixed_excl_source_issue,ALL,none,pearson,c1,qd_early_slope,118,0.12749310099868771
eol_fixed_excl_source_issue,ALL,none,spearman,c1,qd_early_slope,118,-0.13319037683916068
eol_fixed_excl_source_issue,ALL,within_batch_mean_centered,pearson,c1,qd_early_slope,118,0.23135388995895156
eol_fixed_excl_source_issue,ALL,none,pearson,c1,qd_early_slope_qc,118,0.13874936298510693
eol_fixed_excl_source_issue,ALL,none,spearman,c1,qd_early_slope_qc,118,-0.13033429934310706
eol_fixed_excl_source_issue,ALL,within_batch_mean_centered,pearson,c1,qd_early_slope_qc,118,0.21305402188901956
eol_fixed_excl_source_issue,ALL,none,pearson,c1,qd_late50_slope_qc,118,0.20724028584800325
eol_fixed_excl_source_issue,ALL,none,spearman,c1,qd_late50_slope_qc,118,0.1888213193041743
eol_fixed_excl_source_issue,ALL,within_batch_mean_centered,pearson,c1,qd_late50_slope_qc,118,-0.12661617132864203
eol_fixed_excl_source_issue,ALL,none,pearson,c1,qd_full_slope_qc,118,0.2185074665401455
eol_fixed_excl_source_issue,ALL,none,spearman,c1,qd_full_slope_qc,118,0.08723550104569987
eol_fixed_excl_source_issue,ALL,within_batch_mean_centered,pearson,c1,qd_full_slope_qc,118,0.0938924510761053
eol_fixed_excl_source_issue,ALL,none,pearson,switch_soc_pct,qd_early_slope,118,0.049091747774961884
eol_fixed_excl_source_issue,ALL,none,spearman,switch_soc_pct,qd_early_slope,118,0.13586796651076666
eol_fixed_excl_source_issue,ALL,within_batch_mean_centered,pearson,switch_soc_pct,qd_early_slope,118,0.03611910346299671
eol_fixed_excl_source_issue,ALL,none,pearson,switch_soc_pct,qd_early_slope_qc,118,0.09674834580753265
eol_fixed_excl_source_issue,ALL,none,spearman,switch_soc_pct,qd_early_slope_qc,118,0.14019275409358625
eol_fixed_excl_source_issue,ALL,within_batch_mean_centered,pearson,switch_soc_pct,qd_early_slope_qc,118,0.08261797936125473
eol_fixed_excl_source_issue,ALL,none,pearson,switch_soc_pct,qd_late50_slope_qc,118,-0.05444127123341354
eol_fixed_excl_source_issue,ALL,none,spearman,switch_soc_pct,qd_late50_slope_qc,118,-0.06220363970814738
eol_fixed_excl_source_issue,ALL,within_batch_mean_centered,pearson,switch_soc_pct,qd_late50_slope_qc,118,0.004558896490313654
eol_fixed_excl_source_issue,ALL,none,pearson,switch_soc_pct,qd_full_slope_qc,118,0.06075033546560761
eol_fixed_excl_source_issue,ALL,none,spearman,switch_soc_pct,qd_full_slope_qc,118,0.08566744488205497
eol_fixed_excl_source_issue,ALL,within_batch_mean_centered,pearson,switch_soc_pct,qd_full_slope_qc,118,0.206432252064361
eol_fixed_excl_source_issue,ALL,none,pearson,c2,qd_early_slope,118,-0.2610597873451304
eol_fixed_excl_source_issue,ALL,none,spearman,c2,qd_early_slope,118,-0.11827818443978681
eol_fixed_excl_source_issue,ALL,within_batch_mean_centered,pearson,c2,qd_early_slope,118,-0.3951351804532063
eol_fixed_excl_source_issue,ALL,none,pearson,c2,qd_early_slope_qc,118,-0.35371664368718825
eol_fixed_excl_source_issue,ALL,none,spearman,c2,qd_early_slope_qc,118,-0.1278963618879293
eol_fixed_excl_source_issue,ALL,within_batch_mean_centered,pearson,c2,qd_early_slope_qc,118,-0.47802083980658
eol_fixed_excl_source_issue,ALL,none,pearson,c2,qd_late50_slope_qc,118,-0.16916138446237336
eol_fixed_excl_source_issue,ALL,none,spearman,c2,qd_late50_slope_qc,118,-0.15672512797053628
eol_fixed_excl_source_issue,ALL,within_batch_mean_centered,pearson,c2,qd_late50_slope_qc,118,0.2102753422066979
eol_fixed_excl_source_issue,ALL,none,pearson,c2,qd_full_slope_qc,118,-0.3278650439969552
eol_fixed_excl_source_issue,ALL,none,spearman,c2,qd_full_slope_qc,118,-0.1694683848880523
eol_fixed_excl_source_issue,ALL,within_batch_mean_centered,pearson,c2,qd_full_slope_qc,118,-0.31298183021583353
eol_fixed_excl_source_issue,ALL,none,pearson,c2_active,qd_early_slope,100,-0.27753858803173087
eol_fixed_excl_source_issue,ALL,none,spearman,c2_active,qd_early_slope,100,-0.16703226295612794
eol_fixed_excl_source_issue,ALL,within_batch_mean_centered,pearson,c2_active,qd_early_slope,100,-0.41800640157988256
eol_fixed_excl_source_issue,ALL,none,pearson,c2_active,qd_early_slope_qc,100,-0.3799927004195501
eol_fixed_excl_source_issue,ALL,none,spearman,c2_active,qd_early_slope_qc,100,-0.1768694704205911
eol_fixed_excl_source_issue,ALL,within_batch_mean_centered,pearson,c2_active,qd_early_slope_qc,100,-0.5045104678805186
eol_fixed_excl_source_issue,ALL,none,pearson,c2_active,qd_late50_slope_qc,100,-0.2059968190048666
eol_fixed_excl_source_issue,ALL,none,spearman,c2_active,qd_late50_slope_qc,100,-0.19328504487547868
eol_fixed_excl_source_issue,ALL,within_batch_mean_centered,pearson,c2_active,qd_late50_slope_qc,100,0.26551861587384984
eol_fixed_excl_source_issue,ALL,none,pearson,c2_active,qd_full_slope_qc,100,-0.3648412022155266
eol_fixed_excl_source_issue,ALL,none,spearman,c2_active,qd_full_slope_qc,100,-0.1209351451892791
eol_fixed_excl_source_issue,ALL,within_batch_mean_centered,pearson,c2_active,qd_full_slope_qc,100,-0.3701700923774243
eol_fixed_excl_source_issue,ALL,none,pearson,stage2_soc_span_pct,qd_early_slope,118,-0.04909174777496189
eol_fixed_excl_source_issue,ALL,none,spearman,stage2_soc_span_pct,qd_early_slope,118,-0.13586796651076666
eol_fixed_excl_source_issue,ALL,within_batch_mean_centered,pearson,stage2_soc_span_pct,qd_early_slope,118,-0.036119103462996724
eol_fixed_excl_source_issue,ALL,none,pearson,stage2_soc_span_pct,qd_early_slope_qc,118,-0.09674834580753264
eol_fixed_excl_source_issue,ALL,none,spearman,stage2_soc_span_pct,qd_early_slope_qc,118,-0.14019275409358625
eol_fixed_excl_source_issue,ALL,within_batch_mean_centered,pearson,stage2_soc_span_pct,qd_early_slope_qc,118,-0.08261797936125471
eol_fixed_excl_source_issue,ALL,none,pearson,stage2_soc_span_pct,qd_late50_slope_qc,118,0.05444127123341355
eol_fixed_excl_source_issue,ALL,none,spearman,stage2_soc_span_pct,qd_late50_slope_qc,118,0.06220363970814738
eol_fixed_excl_source_issue,ALL,within_batch_mean_centered,pearson,stage2_soc_span_pct,qd_late50_slope_qc,118,-0.004558896490313668
eol_fixed_excl_source_issue,ALL,none,pearson,stage2_soc_span_pct,qd_full_slope_qc,118,-0.06075033546560758
eol_fixed_excl_source_issue,ALL,none,spearman,stage2_soc_span_pct,qd_full_slope_qc,118,-0.08566744488205497
eol_fixed_excl_source_issue,ALL,within_batch_mean_centered,pearson,stage2_soc_span_pct,qd_full_slope_qc,118,-0.206432252064361
eol_fixed_excl_source_issue,ALL,none,pearson,c_max,qd_early_slope,118,-0.1552345009669293
eol_fixed_excl_source_issue,ALL,none,spearman,c_max,qd_early_slope,118,-0.3415105199804511
eol_fixed_excl_source_issue,ALL,within_batch_mean_centered,pearson,c_max,qd_early_slope,118,-0.129089846468387
eol_fixed_excl_source_issue,ALL,none,pearson,c_max,qd_early_slope_qc,118,-0.18453684157531014
eol_fixed_excl_source_issue,ALL,none,spearman,c_max,qd_early_slope_qc,118,-0.3427228438194391
eol_fixed_excl_source_issue,ALL,within_batch_mean_centered,pearson,c_max,qd_early_slope_qc,118,-0.19557328166336496
eol_fixed_excl_source_issue,ALL,none,pearson,c_max,qd_late50_slope_qc,118,0.1977767819547721
eol_fixed_excl_source_issue,ALL,none,spearman,c_max,qd_late50_slope_qc,118,0.15979828450320183
eol_fixed_excl_source_issue,ALL,within_batch_mean_centered,pearson,c_max,qd_late50_slope_qc,118,-0.03539624324365866
eol_fixed_excl_source_issue,ALL,none,pearson,c_max,qd_full_slope_qc,118,0.003811801985182675
eol_fixed_excl_source_issue,ALL,none,spearman,c_max,qd_full_slope_qc,118,-0.1431205407486132
eol_fixed_excl_source_issue,ALL,within_batch_mean_centered,pearson,c_max,qd_full_slope_qc,118,-0.24216894298087263
eol_fixed_excl_source_issue,ALL,none,pearson,c_eff_0_80,qd_early_slope,118,-0.16746634058846843
eol_fixed_excl_source_issue,ALL,none,spearman,c_eff_0_80,qd_early_slope,118,-0.23390974520347793
eol_fixed_excl_source_issue,ALL,within_batch_mean_centered,pearson,c_eff_0_80,qd_early_slope,118,-0.24558209324603775
eol_fixed_excl_source_issue,ALL,none,pearson,c_eff_0_80,qd_early_slope_qc,118,-0.15392702085179807
eol_fixed_excl_source_issue,ALL,none,spearman,c_eff_0_80,qd_early_slope_qc,118,-0.22955810664957482
eol_fixed_excl_source_issue,ALL,within_batch_mean_centered,pearson,c_eff_0_80,qd_early_slope_qc,118,-0.1981382182313324
eol_fixed_excl_source_issue,ALL,none,pearson,c_eff_0_80,qd_late50_slope_qc,118,-0.22879927361895158
eol_fixed_excl_source_issue,ALL,none,spearman,c_eff_0_80,qd_late50_slope_qc,118,-0.21001242488174848
eol_fixed_excl_source_issue,ALL,within_batch_mean_centered,pearson,c_eff_0_80,qd_late50_slope_qc,118,-0.11198264088351312
eol_fixed_excl_source_issue,ALL,none,pearson,c_eff_0_80,qd_full_slope_qc,118,-0.1967594109458638
eol_fixed_excl_source_issue,ALL,none,spearman,c_eff_0_80,qd_full_slope_qc,118,0.011400118876034603
eol_fixed_excl_source_issue,ALL,within_batch_mean_centered,pearson,c_eff_0_80,qd_full_slope_qc,118,-0.2160519358454566
eol_fixed_excl_source_issue,B1,none,pearson,c1,qd_early_slope,36,0.09164649936232336
eol_fixed_excl_source_issue,B1,none,spearman,c1,qd_early_slope,36,-0.23187474048573992
eol_fixed_excl_source_issue,B1,none,pearson,c1,qd_early_slope_qc,36,-0.015725518501935702
eol_fixed_excl_source_issue,B1,none,spearman,c1,qd_early_slope_qc,36,-0.23187474048573992
eol_fixed_excl_source_issue,B1,none,pearson,c1,qd_late50_slope_qc,36,0.03526102760291311
eol_fixed_excl_source_issue,B1,none,spearman,c1,qd_late50_slope_qc,36,-0.08582549032853189
eol_fixed_excl_source_issue,B1,none,pearson,c1,qd_full_slope_qc,36,-0.2615119638430222
eol_fixed_excl_source_issue,B1,none,spearman,c1,qd_full_slope_qc,36,-0.28971077415380775
eol_fixed_excl_source_issue,B1,none,pearson,switch_soc_pct,qd_early_slope,36,-0.30173616674489445
eol_fixed_excl_source_issue,B1,none,spearman,switch_soc_pct,qd_early_slope,36,-0.06142547601876431
eol_fixed_excl_source_issue,B1,none,pearson,switch_soc_pct,qd_early_slope_qc,36,-0.28911736005864264
eol_fixed_excl_source_issue,B1,none,spearman,switch_soc_pct,qd_early_slope_qc,36,-0.06325128634628596
eol_fixed_excl_source_issue,B1,none,pearson,switch_soc_pct,qd_late50_slope_qc,36,-0.23551268564000194
eol_fixed_excl_source_issue,B1,none,spearman,switch_soc_pct,qd_late50_slope_qc,36,-0.06364253141646918
eol_fixed_excl_source_issue,B1,none,pearson,switch_soc_pct,qd_full_slope_qc,36,-0.19374471992767867
eol_fixed_excl_source_issue,B1,none,spearman,switch_soc_pct,qd_full_slope_qc,36,-0.06885913235224535
eol_fixed_excl_source_issue,B1,none,pearson,c2,qd_early_slope,36,-0.19397533017895074
eol_fixed_excl_source_issue,B1,none,spearman,c2,qd_early_slope,36,-0.1523108768230398
eol_fixed_excl_source_issue,B1,none,pearson,c2,qd_early_slope_qc,36,-0.5619863781517958
eol_fixed_excl_source_issue,B1,none,spearman,c2,qd_early_slope_qc,36,-0.1684329194951164
eol_fixed_excl_source_issue,B1,none,pearson,c2,qd_late50_slope_qc,36,-0.45191001047415236
eol_fixed_excl_source_issue,B1,none,spearman,c2,qd_late50_slope_qc,36,-0.3849491241525667
eol_fixed_excl_source_issue,B1,none,pearson,c2,qd_full_slope_qc,36,-0.413855778155966
eol_fixed_excl_source_issue,B1,none,spearman,c2,qd_full_slope_qc,36,-0.13576456987011903
eol_fixed_excl_source_issue,B1,none,pearson,c2_active,qd_early_slope,31,0.1522539349523244
eol_fixed_excl_source_issue,B1,none,spearman,c2_active,qd_early_slope,31,-0.0950146187582615
eol_fixed_excl_source_issue,B1,none,pearson,c2_active,qd_early_slope_qc,31,-0.06985360011694897
eol_fixed_excl_source_issue,B1,none,spearman,c2_active,qd_early_slope_qc,31,-0.0950146187582615
eol_fixed_excl_source_issue,B1,none,pearson,c2_active,qd_late50_slope_qc,31,-0.37077114298571423
eol_fixed_excl_source_issue,B1,none,spearman,c2_active,qd_late50_slope_qc,31,-0.37274965820548744
eol_fixed_excl_source_issue,B1,none,pearson,c2_active,qd_full_slope_qc,31,-0.06375241174648989
eol_fixed_excl_source_issue,B1,none,spearman,c2_active,qd_full_slope_qc,31,0.02923526731023431
eol_fixed_excl_source_issue,B1,none,pearson,stage2_soc_span_pct,qd_early_slope,36,0.30173616674489445
eol_fixed_excl_source_issue,B1,none,spearman,stage2_soc_span_pct,qd_early_slope,36,0.06142547601876431
eol_fixed_excl_source_issue,B1,none,pearson,stage2_soc_span_pct,qd_early_slope_qc,36,0.28911736005864264
eol_fixed_excl_source_issue,B1,none,spearman,stage2_soc_span_pct,qd_early_slope_qc,36,0.06325128634628596
eol_fixed_excl_source_issue,B1,none,pearson,stage2_soc_span_pct,qd_late50_slope_qc,36,0.2355126856400019
eol_fixed_excl_source_issue,B1,none,spearman,stage2_soc_span_pct,qd_late50_slope_qc,36,0.06364253141646918
eol_fixed_excl_source_issue,B1,none,pearson,stage2_soc_span_pct,qd_full_slope_qc,36,0.19374471992767872
eol_fixed_excl_source_issue,B1,none,spearman,stage2_soc_span_pct,qd_full_slope_qc,36,0.06885913235224535
eol_fixed_excl_source_issue,B1,none,pearson,c_max,qd_early_slope,36,0.09164649936232336
eol_fixed_excl_source_issue,B1,none,spearman,c_max,qd_early_slope,36,-0.23187474048573992
eol_fixed_excl_source_issue,B1,none,pearson,c_max,qd_early_slope_qc,36,-0.015725518501935702
eol_fixed_excl_source_issue,B1,none,spearman,c_max,qd_early_slope_qc,36,-0.23187474048573992
eol_fixed_excl_source_issue,B1,none,pearson,c_max,qd_late50_slope_qc,36,0.03526102760291311
eol_fixed_excl_source_issue,B1,none,spearman,c_max,qd_late50_slope_qc,36,-0.08582549032853189
eol_fixed_excl_source_issue,B1,none,pearson,c_max,qd_full_slope_qc,36,-0.2615119638430222
eol_fixed_excl_source_issue,B1,none,spearman,c_max,qd_full_slope_qc,36,-0.28971077415380775
eol_fixed_excl_source_issue,B1,none,pearson,c_eff_0_80,qd_early_slope,36,-0.4635599709084513
eol_fixed_excl_source_issue,B1,none,spearman,c_eff_0_80,qd_early_slope,36,-0.4625833994790866
eol_fixed_excl_source_issue,B1,none,pearson,c_eff_0_80,qd_early_slope_qc,36,-0.6165430273214733
eol_fixed_excl_source_issue,B1,none,spearman,c_eff_0_80,qd_early_slope_qc,36,-0.4636194205305515
eol_fixed_excl_source_issue,B1,none,pearson,c_eff_0_80,qd_late50_slope_qc,36,-0.45259622318505793
eol_fixed_excl_source_issue,B1,none,spearman,c_eff_0_80,qd_late50_slope_qc,36,-0.42101305478905676
eol_fixed_excl_source_issue,B1,none,pearson,c_eff_0_80,qd_full_slope_qc,36,-0.6499103654335674
eol_fixed_excl_source_issue,B1,none,spearman,c_eff_0_80,qd_full_slope_qc,36,-0.45351821527876857
eol_fixed_excl_source_issue,B2,none,pearson,c1,qd_early_slope,39,0.11351199574062198
eol_fixed_excl_source_issue,B2,none,spearman,c1,qd_early_slope,39,-0.06963854858664441
eol_fixed_excl_source_issue,B2,none,pearson,c1,qd_early_slope_qc,39,0.11351199574062198
eol_fixed_excl_source_issue,B2,none,spearman,c1,qd_early_slope_qc,39,-0.06963854858664441
eol_fixed_excl_source_issue,B2,none,pearson,c1,qd_late50_slope_qc,39,-0.12981021238768908
eol_fixed_excl_source_issue,B2,none,spearman,c1,qd_late50_slope_qc,39,-0.17898146368089798
eol_fixed_excl_source_issue,B2,none,pearson,c1,qd_full_slope_qc,39,0.24841981402207552
eol_fixed_excl_source_issue,B2,none,spearman,c1,qd_full_slope_qc,39,0.15081422984958362
eol_fixed_excl_source_issue,B2,none,pearson,switch_soc_pct,qd_early_slope,39,0.08745613477198878
eol_fixed_excl_source_issue,B2,none,spearman,switch_soc_pct,qd_early_slope,39,0.016638495466402142
eol_fixed_excl_source_issue,B2,none,pearson,switch_soc_pct,qd_early_slope_qc,39,0.08745613477198878
eol_fixed_excl_source_issue,B2,none,spearman,switch_soc_pct,qd_early_slope_qc,39,0.016638495466402142
eol_fixed_excl_source_issue,B2,none,pearson,switch_soc_pct,qd_late50_slope_qc,39,0.016645858272806867
eol_fixed_excl_source_issue,B2,none,spearman,switch_soc_pct,qd_late50_slope_qc,39,0.04457473476801562
eol_fixed_excl_source_issue,B2,none,pearson,switch_soc_pct,qd_full_slope_qc,39,0.23598073809929246
eol_fixed_excl_source_issue,B2,none,spearman,switch_soc_pct,qd_full_slope_qc,39,0.2917899112348672
eol_fixed_excl_source_issue,B2,none,pearson,c2,qd_early_slope,39,-0.33718563699916293
eol_fixed_excl_source_issue,B2,none,spearman,c2,qd_early_slope,39,-0.1344525938642692
eol_fixed_excl_source_issue,B2,none,pearson,c2,qd_early_slope_qc,39,-0.33718563699916293
eol_fixed_excl_source_issue,B2,none,spearman,c2,qd_early_slope_qc,39,-0.1344525938642692
eol_fixed_excl_source_issue,B2,none,pearson,c2,qd_late50_slope_qc,39,0.26062962421242003
eol_fixed_excl_source_issue,B2,none,spearman,c2,qd_late50_slope_qc,39,0.33325329457795155
eol_fixed_excl_source_issue,B2,none,pearson,c2,qd_full_slope_qc,39,-0.2340645878629471
eol_fixed_excl_source_issue,B2,none,spearman,c2,qd_full_slope_qc,39,-0.3452800174236087
eol_fixed_excl_source_issue,B2,none,pearson,c2_active,qd_early_slope,31,-0.3678026223994023
eol_fixed_excl_source_issue,B2,none,spearman,c2_active,qd_early_slope,31,-0.22122404113796465
eol_fixed_excl_source_issue,B2,none,pearson,c2_active,qd_early_slope_qc,31,-0.3678026223994023
eol_fixed_excl_source_issue,B2,none,spearman,c2_active,qd_early_slope_qc,31,-0.22122404113796465
eol_fixed_excl_source_issue,B2,none,pearson,c2_active,qd_late50_slope_qc,31,0.2435229071747503
eol_fixed_excl_source_issue,B2,none,spearman,c2_active,qd_late50_slope_qc,31,0.338949043458354
eol_fixed_excl_source_issue,B2,none,pearson,c2_active,qd_full_slope_qc,31,-0.29978124473555
eol_fixed_excl_source_issue,B2,none,spearman,c2_active,qd_full_slope_qc,31,-0.4589419530038298
eol_fixed_excl_source_issue,B2,none,pearson,stage2_soc_span_pct,qd_early_slope,39,-0.08745613477198878
eol_fixed_excl_source_issue,B2,none,spearman,stage2_soc_span_pct,qd_early_slope,39,-0.016638495466402142
eol_fixed_excl_source_issue,B2,none,pearson,stage2_soc_span_pct,qd_early_slope_qc,39,-0.08745613477198878
eol_fixed_excl_source_issue,B2,none,spearman,stage2_soc_span_pct,qd_early_slope_qc,39,-0.016638495466402142
eol_fixed_excl_source_issue,B2,none,pearson,stage2_soc_span_pct,qd_late50_slope_qc,39,-0.016645858272806867
eol_fixed_excl_source_issue,B2,none,spearman,stage2_soc_span_pct,qd_late50_slope_qc,39,-0.04457473476801562
eol_fixed_excl_source_issue,B2,none,pearson,stage2_soc_span_pct,qd_full_slope_qc,39,-0.23598073809929246
eol_fixed_excl_source_issue,B2,none,spearman,stage2_soc_span_pct,qd_full_slope_qc,39,-0.2917899112348672
eol_fixed_excl_source_issue,B2,none,pearson,c_max,qd_early_slope,39,-0.4066487762864514
eol_fixed_excl_source_issue,B2,none,spearman,c_max,qd_early_slope,39,-0.3806936001931622
eol_fixed_excl_source_issue,B2,none,pearson,c_max,qd_early_slope_qc,39,-0.4066487762864514
eol_fixed_excl_source_issue,B2,none,spearman,c_max,qd_early_slope_qc,39,-0.3806936001931622
eol_fixed_excl_source_issue,B2,none,pearson,c_max,qd_late50_slope_qc,39,-0.004127273409883329
eol_fixed_excl_source_issue,B2,none,spearman,c_max,qd_late50_slope_qc,39,-0.05474161664888007
eol_fixed_excl_source_issue,B2,none,pearson,c_max,qd_full_slope_qc,39,-0.2890541132606328
eol_fixed_excl_source_issue,B2,none,spearman,c_max,qd_full_slope_qc,39,-0.2969160309871765
eol_fixed_excl_source_issue,B2,none,pearson,c_eff_0_80,qd_early_slope,39,-0.3333738003370948
eol_fixed_excl_source_issue,B2,none,spearman,c_eff_0_80,qd_early_slope,39,-0.43152782788668975
eol_fixed_excl_source_issue,B2,none,pearson,c_eff_0_80,qd_early_slope_qc,39,-0.3333738003370948
eol_fixed_excl_source_issue,B2,none,spearman,c_eff_0_80,qd_early_slope_qc,39,-0.43152782788668975
eol_fixed_excl_source_issue,B2,none,pearson,c_eff_0_80,qd_late50_slope_qc,39,0.2560452069652934
eol_fixed_excl_source_issue,B2,none,spearman,c_eff_0_80,qd_late50_slope_qc,39,0.27764648964411304
eol_fixed_excl_source_issue,B2,none,pearson,c_eff_0_80,qd_full_slope_qc,39,0.2667351765530227
eol_fixed_excl_source_issue,B2,none,spearman,c_eff_0_80,qd_full_slope_qc,39,0.09808388248571749
eol_fixed_excl_source_issue,B3,none,pearson,c1,qd_early_slope,43,0.7317151516028131
eol_fixed_excl_source_issue,B3,none,spearman,c1,qd_early_slope,43,-0.07689374113282253
eol_fixed_excl_source_issue,B3,none,pearson,c1,qd_early_slope_qc,43,0.7317151516028131
eol_fixed_excl_source_issue,B3,none,spearman,c1,qd_early_slope_qc,43,-0.07689374113282253
eol_fixed_excl_source_issue,B3,none,pearson,c1,qd_late50_slope_qc,43,-0.36839368131727956
eol_fixed_excl_source_issue,B3,none,spearman,c1,qd_late50_slope_qc,43,-0.3826732172924832
eol_fixed_excl_source_issue,B3,none,pearson,c1,qd_full_slope_qc,43,0.3792279184225955
eol_fixed_excl_source_issue,B3,none,spearman,c1,qd_full_slope_qc,43,-0.2848581333945882
eol_fixed_excl_source_issue,B3,none,pearson,switch_soc_pct,qd_early_slope,43,0.2578133934999159
eol_fixed_excl_source_issue,B3,none,spearman,switch_soc_pct,qd_early_slope,43,0.3723634687962963
eol_fixed_excl_source_issue,B3,none,pearson,switch_soc_pct,qd_early_slope_qc,43,0.2578133934999159
eol_fixed_excl_source_issue,B3,none,spearman,switch_soc_pct,qd_early_slope_qc,43,0.3723634687962963
eol_fixed_excl_source_issue,B3,none,pearson,switch_soc_pct,qd_late50_slope_qc,43,0.07965460066899814
eol_fixed_excl_source_issue,B3,none,spearman,switch_soc_pct,qd_late50_slope_qc,43,0.06760511530415403
eol_fixed_excl_source_issue,B3,none,pearson,switch_soc_pct,qd_full_slope_qc,43,0.5206217442311892
eol_fixed_excl_source_issue,B3,none,spearman,switch_soc_pct,qd_full_slope_qc,43,0.6311595210465872
eol_fixed_excl_source_issue,B3,none,pearson,c2,qd_early_slope,43,-0.7195860506109967
eol_fixed_excl_source_issue,B3,none,spearman,c2,qd_early_slope,43,-0.2326793149960746
eol_fixed_excl_source_issue,B3,none,pearson,c2,qd_early_slope_qc,43,-0.7195860506109967
eol_fixed_excl_source_issue,B3,none,spearman,c2,qd_early_slope_qc,43,-0.2326793149960746
eol_fixed_excl_source_issue,B3,none,pearson,c2,qd_late50_slope_qc,43,0.5070132997672895
eol_fixed_excl_source_issue,B3,none,spearman,c2,qd_late50_slope_qc,43,0.5335321872521457
eol_fixed_excl_source_issue,B3,none,pearson,c2,qd_full_slope_qc,43,-0.5590454305301276
eol_fixed_excl_source_issue,B3,none,spearman,c2,qd_full_slope_qc,43,-0.23930946644584541
eol_fixed_excl_source_issue,B3,none,pearson,c2_active,qd_early_slope,38,-0.7922530710027222
eol_fixed_excl_source_issue,B3,none,spearman,c2_active,qd_early_slope,38,-0.4061904351753478
eol_fixed_excl_source_issue,B3,none,pearson,c2_active,qd_early_slope_qc,38,-0.7922530710027222
eol_fixed_excl_source_issue,B3,none,spearman,c2_active,qd_early_slope_qc,38,-0.4061904351753478
eol_fixed_excl_source_issue,B3,none,pearson,c2_active,qd_late50_slope_qc,38,0.4512432191075556
eol_fixed_excl_source_issue,B3,none,spearman,c2_active,qd_late50_slope_qc,38,0.3811976282692722
eol_fixed_excl_source_issue,B3,none,pearson,c2_active,qd_full_slope_qc,38,-0.7450414993623713
eol_fixed_excl_source_issue,B3,none,spearman,c2_active,qd_full_slope_qc,38,-0.5976490935842756
eol_fixed_excl_source_issue,B3,none,pearson,stage2_soc_span_pct,qd_early_slope,43,-0.2578133934999159
eol_fixed_excl_source_issue,B3,none,spearman,stage2_soc_span_pct,qd_early_slope,43,-0.3723634687962963
eol_fixed_excl_source_issue,B3,none,pearson,stage2_soc_span_pct,qd_early_slope_qc,43,-0.2578133934999159
eol_fixed_excl_source_issue,B3,none,spearman,stage2_soc_span_pct,qd_early_slope_qc,43,-0.3723634687962963
eol_fixed_excl_source_issue,B3,none,pearson,stage2_soc_span_pct,qd_late50_slope_qc,43,-0.07965460066899814
eol_fixed_excl_source_issue,B3,none,spearman,stage2_soc_span_pct,qd_late50_slope_qc,43,-0.06760511530415403
eol_fixed_excl_source_issue,B3,none,pearson,stage2_soc_span_pct,qd_full_slope_qc,43,-0.5206217442311892
eol_fixed_excl_source_issue,B3,none,spearman,stage2_soc_span_pct,qd_full_slope_qc,43,-0.6311595210465872
eol_fixed_excl_source_issue,B3,none,pearson,c_max,qd_early_slope,43,-0.4348826975930451
eol_fixed_excl_source_issue,B3,none,spearman,c_max,qd_early_slope,43,-0.46222460810061833
eol_fixed_excl_source_issue,B3,none,pearson,c_max,qd_early_slope_qc,43,-0.4348826975930451
eol_fixed_excl_source_issue,B3,none,spearman,c_max,qd_early_slope_qc,43,-0.46222460810061833
eol_fixed_excl_source_issue,B3,none,pearson,c_max,qd_late50_slope_qc,43,-0.2463222032285699
eol_fixed_excl_source_issue,B3,none,spearman,c_max,qd_late50_slope_qc,43,-0.2333409288736669
eol_fixed_excl_source_issue,B3,none,pearson,c_max,qd_full_slope_qc,43,-0.6403182928891025
eol_fixed_excl_source_issue,B3,none,spearman,c_max,qd_full_slope_qc,43,-0.6768763674029693
eol_fixed_excl_source_issue,B3,none,pearson,c_eff_0_80,qd_early_slope,43,0.27197466880748145
eol_fixed_excl_source_issue,B3,none,spearman,c_eff_0_80,qd_early_slope,43,-0.054680607966595164
eol_fixed_excl_source_issue,B3,none,pearson,c_eff_0_80,qd_early_slope_qc,43,0.27197466880748145
eol_fixed_excl_source_issue,B3,none,spearman,c_eff_0_80,qd_early_slope_qc,43,-0.054680607966595164
eol_fixed_excl_source_issue,B3,none,pearson,c_eff_0_80,qd_late50_slope_qc,43,-0.2470931610229569
eol_fixed_excl_source_issue,B3,none,spearman,c_eff_0_80,qd_late50_slope_qc,43,-0.27485609095376645
eol_fixed_excl_source_issue,B3,none,pearson,c_eff_0_80,qd_full_slope_qc,43,0.13168150772626747
eol_fixed_excl_source_issue,B3,none,spearman,c_eff_0_80,qd_full_slope_qc,43,-0.06630501693292029
