batch,filename,batch_date,cell_index,cell_key,cycle_life,life_label_missing,policy,source_collection_issue_index_candidate,n_summary_rows,n_cycles_records,cycles_fields_count_consistent,summary_cycles_count_match,summary_cycle_first,summary_cycle_last,summary_cycle_step_not_one_n,first_all_zero_placeholder,n_observed_nonplaceholder,observed_reaches_100,label_ends_before_100,early100_eligible,early_window_rows_observed,label_minus_last_cycle,qd_endpoint_raw,qd_last_positive,endpoint_status,endpoint_jump_gt_0_10,qc_eol_compatible,qc_qd_high_n,qc_qd_high_early_n,qc_qd_nonpositive_n,qc_qd_nonfinite_n,qd_cycle100_high_qc,qc_qd_valid_total,qd_below_eol_n,qd_first_below_eol_cycle,eol_threshold_crossing_observed,label_matches_first_observed_crossing,life_label_beyond_observation,qd_full_mean_raw_positive,qd_full_slope_raw_positive,qd_full_slope_qc,qd_late50_slope_qc,n_qd_full_slope_qc,n_qd_late50_slope_qc,ir_zero_fraction_full,ir_missing_fraction_full,charge_time_gt60_full_n,charge_time_gt60_early_n,policy_canonical,newstructure_suffix,policy_type,c1,switch_soc_pct,c2,c2_active,stage2_soc_span_pct,c_max,c_eff_0_80,ideal_cc_time_0_80_min,variable_tag_c,qc_eol_compatible_no_qd_high,qd_early_mean,qd_early_std,qd_early_median,qd2,qd100,qd_delta_100_2,qd_early_slope,ir_early_mean,ir_change_100_2,ir_early_slope,ir_zero_fraction_early,tavg_early_mean,ir_missing_fraction_early,tmax_early_mean,chargetime_early_mean,chargetime_early_median,chargetime_early_mean_qc,qd_early_mean_qc,qd_early_std_qc,qd_early_slope_qc,qd2_qc,qd100_qc,qd_delta_100_2_qc,n_qd_early_valid,n_ir_early_valid,n_qd_early_qc_valid,n_tavg_early_mean_valid,n_tmax_early_mean_valid,n_chargetime_early_mean_valid,n_chargetime_early_qc_valid,pooled_iqr_outlier,within_batch_iqr_outlier
B2,2018-02-20_batchdata_updated_struct_errorcorrect.mat,2018-02-20,19,B2c19,392.0,False,6C(60%)-3C,False,411,411,True,True,1.0,411.0,0,False,411,True,False,True,99,-19.0,0.82597393,0.82597393,at_or_below_eol,False,True,0,0,0,0,False,411,20,392.0,True,True,False,1.0522672272262774,-0.00044736649293839267,-0.00044736649293839267,-0.00271392727635054,411,50,0.0,0.0,0,0,6C(60%)-3C,False,constant_two_step,6.0,60.0,3.0,3.0,20.0,6.0,4.8,10.000000000000002,,True,1.094755986868687,0.0028535583597285785,1.0950593,1.0902406,1.0930592,0.0028185999999998934,2.1983457019171042e-05,0.016718258151515154,6.25240000000013e-05,2.473996388373535e-06,0.0,32.770067410122046,0.0,36.54883267067881,10.173763619528666,10.174568333333445,10.173763619528666,1.094755986868687,0.0028535583597285785,2.1983457019171042e-05,1.0902406,1.0930592,0.0028185999999998934,99,99,99,99,99,99,99,False,False
B2,2018-02-20_batchdata_updated_struct_errorcorrect.mat,2018-02-20,6,B2c6,393.0,False,3.6C(9%)-5C,False,409,409,True,True,1.0,409.0,0,False,409,True,False,True,99,-16.0,0.82940364,0.82940364,at_or_below_eol,False,True,0,0,0,0,False,409,17,393.0,True,True,False,1.0461694959902201,-0.0004669785853342828,-0.0004669785853342828,-0.0024034121872749097,409,50,0.0,0.0,0,0,3.6C(9%)-5C,False,constant_two_step,3.6,9.0,5.0,5.0,71.0,5.0,4.790419161676646,10.020000000000001,,True,1.0929755737373739,0.002911002426144214,1.0924507,1.0885617,1.090597,0.002035299999999962,6.243813358070501e-05,0.016037468727272727,-0.0005260630000000002,-9.074707235621525e-07,0.0,33.81904518975318,0.0,39.79713499833347,10.17931370370378,10.179401666667157,10.17931370370378,1.0929755737373739,0.002911002426144214,6.243813358070501e-05,1.0885617,1.090597,0.002035299999999962,99,99,99,99,99,99,99,False,False
B2,2018-02-20_batchdata_updated_struct_errorcorrect.mat,2018-02-20,15,B2c15,396.0,False,3.6C(9%)-5C,False,414,414,True,True,1.0,414.0,0,False,414,True,False,True,99,-18.0,0.82608759,0.82608759,at_or_below_eol,False,True,0,0,0,0,False,414,19,396.0,True,True,False,1.030986740410628,-0.00043223285958149903,-0.00043223285958149903,-0.0025531546689075628,414,50,0.0,0.0,0,0,3.6C(9%)-5C,False,constant_two_step,3.6,9.0,5.0,5.0,71.0,5.0,4.790419161676646,10.020000000000001,,True,1.0750435303030301,0.0030415483252091372,1.0765941,1.0697494,1.0770745,0.007325099999999862,9.204142609771162e-05,0.016303822929292926,-0.0009618189999999992,-4.289364106369826e-06,0.0,32.862747677246595,0.0,36.07268366663823,10.173053501683547,10.174996666668449,10.173053501683547,1.0750435303030301,0.0030415483252091372,9.204142609771162e-05,1.0697494,1.0770745,0.007325099999999862,99,99,99,99,99,99,99,False,False
B2,2018-02-20_batchdata_updated_struct_errorcorrect.mat,2018-02-20,21,B2c21,408.0,False,6C(60%)-3C,False,426,426,True,True,1.0,426.0,0,False,426,True,False,True,99,-18.0,0.82783753,0.82783753,at_or_below_eol,False,True,0,0,0,0,False,426,19,408.0,True,True,False,1.056567300539906,-0.00045609342706111306,-0.00045609342706111306,-0.0025910788432172865,426,50,0.0,0.0,0,0,6C(60%)-3C,False,constant_two_step,6.0,60.0,3.0,3.0,20.0,6.0,4.8,10.000000000000002,,True,1.1011154092929292,0.01110453899947567,1.1025152,1.0985936,1.1000447,0.0014510999999999274,3.5468214471242686e-05,0.017200276171717172,0.00012853800000000096,2.425776648113796e-06,0.0,33.60118814118363,0.0,38.660766342322724,10.174732340067363,10.174735000000025,10.174732340067363,1.1011154092929292,0.01110453899947567,3.5468214471242686e-05,1.0985936,1.1000447,0.0014510999999999274,99,99,99,99,99,99,99,False,False
B2,2018-02-20_batchdata_updated_struct_errorcorrect.mat,2018-02-20,30,B2c30,412.0,False,5.6C(26%)-4.5C,False,429,429,True,True,1.0,429.0,0,False,429,True,False,True,99,-17.0,0.82665932,0.82665932,at_or_below_eol,False,True,0,0,0,0,False,429,17,412.0,True,True,False,1.0461003535897435,-0.00042765057734180616,-0.00042765057734180616,-0.0028622756677070824,429,50,0.0,0.0,1,1,5.6C(26%)-4.5C,False,constant_two_step,5.6,26.0,4.5,4.5,54.0,5.6,4.8068669527897,9.985714285714286,,True,1.0929829222222223,0.003471648455662709,1.0930492,1.0946374,1.092545,-0.0020923999999999943,-8.503881385281397e-05,0.016883249333333333,-0.001062254999999998,-6.726884254792825e-06,0.0,33.81182141567536,0.0,37.34308786098118,49.82939452861952,10.179339999999987,10.201115306122439,1.0929829222222223,0.003471648455662709,-8.503881385281397e-05,1.0946374,1.092545,-0.0020923999999999943,99,99,99,99,99,99,98,False,False
B2,2018-02-20_batchdata_updated_struct_errorcorrect.mat,2018-02-20,5,B2c5,416.0,False,3.6C(30%)-6C,False,445,445,True,True,1.0,445.0,0,False,445,True,False,True,99,-29.0,0.8261537,0.8261537,at_or_below_eol,False,True,0,0,0,0,False,445,30,416.0,True,True,False,1.018963816786517,-0.0005236190279462211,-0.0005236190279462211,-0.0017367055169267714,445,50,0.0,0.0,0,0,3.6C(30%)-6C,False,constant_two_step,3.6,30.0,6.0,6.0,50.0,6.0,4.800000000000001,10.0,,True,1.0879375151515152,0.01296949576213955,1.0874257,1.0989141,1.0760076,-0.02290649999999994,-0.00019484917996289436,0.015297588929292928,-0.0007167039999999986,-3.739637612863329e-06,0.0,33.01307013030371,0.0,37.65087846482749,10.198699713804725,10.201064999999168,10.198699713804725,1.0879375151515152,0.01296949576213955,-0.00019484917996289436,1.0989141,1.0760076,-0.02290649999999994,99,99,99,99,99,99,99,False,False
B2,2018-02-20_batchdata_updated_struct_errorcorrect.mat,2018-02-20,2,B2c2,424.0,False,5.2C(50%)-4.25C,False,439,439,True,True,1.0,439.0,0,False,439,True,False,True,99,-15.0,0.82700932,0.82700932,at_or_below_eol,False,True,0,0,0,0,False,439,16,424.0,True,True,False,1.0411752670387244,-0.0003418207511056204,-0.0003418207511056204,-0.0032166654338535417,439,50,0.0,0.0,0,0,5.2C(50%)-4.25C,False,constant_two_step,5.2,50.0,4.25,4.25,30.0,5.2,4.797829036635006,10.00452488687783,,True,1.0746630466666667,0.011293903158766674,1.0761609,1.0753863,1.0728362,-0.0025500999999998886,-5.396060358689054e-06,0.01646109804040404,-9.869800000000123e-05,8.908579715522646e-07,0.0,33.17566129490617,0.0,37.429077970616994,10.17503702020208,10.174891666667342,10.17503702020208,1.0746630466666667,0.011293903158766674,-5.396060358689054e-06,1.0753863,1.0728362,-0.0025500999999998886,99,99,99,99,99,99,99,False,False
B2,2018-02-20_batchdata_updated_struct_errorcorrect.mat,2018-02-20,31,B2c31,425.0,False,5.6C(26%)-4.5C,False,446,446,True,True,1.0,446.0,0,False,446,True,False,True,99,-21.0,0.82528561,0.82528561,at_or_below_eol,False,True,0,0,0,0,False,446,22,425.0,True,True,False,1.0473955106278028,-0.0004605402924236178,-0.0004605402924236178,-0.002579497927971188,446,50,0.0,0.0,0,0,5.6C(26%)-4.5C,False,constant_two_step,5.6,26.0,4.5,4.5,54.0,5.6,4.8068669527897,9.985714285714286,,True,1.0998533494949494,0.0017860116806856774,1.099452,1.0990092,1.1006228,0.0016135999999999928,3.9791858998144905e-05,0.016325805828282827,-0.0006819260000000028,-3.656670810142243e-06,0.0,33.3758501254003,0.0,35.656391701768925,10.194512441077386,10.178381666667216,10.194512441077386,1.0998533494949494,0.0017860116806856774,3.9791858998144905e-05,1.0990092,1.1006228,0.0016135999999999928,99,99,99,99,99,99,99,False,False
B2,2018-02-20_batchdata_updated_struct_errorcorrect.mat,2018-02-20,14,B2c14,426.0,False,3.6C(30%)-6C,False,461,461,True,True,1.0,461.0,0,False,461,True,False,True,99,-35.0,0.82618046,0.82618046,at_or_below_eol,False,True,0,0,0,0,False,461,36,426.0,True,True,False,1.022039364880694,-0.00046084598195438443,-0.00046084598195438443,-0.0015805784696278512,461,50,0.0,0.0,1,1,3.6C(30%)-6C,False,constant_two_step,3.6,30.0,6.0,6.0,50.0,6.0,4.800000000000001,10.0,,True,1.0792566424242422,0.0035360729254499553,1.0780272,1.0844886,1.0776343,-0.006854300000000091,-0.00010165705627705643,0.016259522828282826,-0.000878801999999998,-4.13502905380334e-06,0.0,32.123877001585356,0.0,35.20046863818076,49.87950749158258,10.241060000000289,10.23842933673479,1.0792566424242422,0.0035360729254499553,-0.00010165705627705643,1.0844886,1.0776343,-0.006854300000000091,99,99,99,99,99,99,98,False,False
B2,2018-02-20_batchdata_updated_struct_errorcorrect.mat,2018-02-20,28,B2c28,437.0,False,4.8C(80%)-4.8C,False,456,456,True,True,1.0,456.0,0,False,456,True,False,True,99,-19.0,0.82741743,0.82741743,at_or_below_eol,False,True,0,0,0,0,False,456,20,437.0,True,True,False,1.0485885444736842,-0.00042896409964905533,-0.00042896409964905533,-0.0024083938319327727,456,50,0.0,0.0,1,1,4.8C(80%)-4.8C,False,constant_two_step,4.8,80.0,4.8,,0.0,4.8,4.8,10.000000000000002,,True,1.095054122222222,0.0024796335011265905,1.0951691,1.0904486,1.0995919,0.009143300000000076,5.740212987012978e-05,0.016274739303030306,-0.0006546150000000008,-2.676349313543602e-06,0.0,32.143914131113334,0.0,35.334859521378185,49.80539951178444,10.17329833333303,10.173453112244816,1.095054122222222,0.0024796335011265905,5.740212987012978e-05,1.0904486,1.0995919,0.009143300000000076,99,99,99,99,99,99,98,False,False
B2,2018-02-20_batchdata_updated_struct_errorcorrect.mat,2018-02-20,41,B2c41,442.0,False,5.6C(26%)-4.5C,False,463,463,True,True,1.0,463.0,0,False,463,True,False,True,99,-21.0,0.82606894,0.82606894,at_or_below_eol,False,True,0,0,0,0,False,463,22,442.0,True,True,False,1.0566019923326135,-0.00044888290740865224,-0.00044888290740865224,-0.0023738864129651863,463,50,1.0,1.0,1,1,5.6C(26%)-4.5C,False,constant_two_step,5.6,26.0,4.5,4.5,54.0,5.6,4.8068669527897,9.985714285714286,,True,1.1059561515151515,0.001773037623849087,1.1059666,1.1049188,1.108752,0.00383319999999987,2.399820408163264e-05,,,,1.0,30.193787010451164,1.0,32.72284623520075,49.81976715488214,10.177141666666527,10.189121445578202,1.1059561515151515,0.001773037623849087,2.399820408163264e-05,1.1049188,1.108752,0.00383319999999987,99,0,99,99,99,99,98,False,False
B2,2018-02-20_batchdata_updated_struct_errorcorrect.mat,2018-02-20,4,B2c4,444.0,False,4.65C(69%)-6C,False,464,464,True,True,1.0,464.0,0,False,464,True,False,True,99,-20.0,0.82712674,0.82712674,at_or_below_eol,False,True,0,0,0,0,False,464,21,444.0,True,True,False,1.0359675119612068,-0.0004138265787442009,-0.0004138265787442009,-0.002276420142617047,464,50,0.0,0.0,0,0,4.65C(69%)-6C,False,constant_two_step,4.65,69.0,6.0,6.0,11.0,6.0,4.798452112221864,10.003225806451614,,True,1.0859254535353535,0.0032305742589696083,1.0866909,1.0899745,1.0813601,-0.008614400000000133,-6.742782807668557e-05,0.016186317888888888,-0.0009035920000000017,-4.879720037105751e-06,0.0,33.04820861652687,0.0,37.435182660123296,10.231960420875373,10.229923333332408,10.231960420875373,1.0859254535353535,0.0032305742589696083,-6.742782807668557e-05,1.0899745,1.0813601,-0.008614400000000133,99,99,99,99,99,99,99,False,False
B2,2018-02-20_batchdata_updated_struct_errorcorrect.mat,2018-02-20,18,B2c18,449.0,False,5.2C(50%)-4.25C,False,467,467,True,True,1.0,467.0,0,False,467,True,False,True,99,-18.0,0.82719898,0.82719898,at_or_below_eol,False,True,0,0,0,0,False,467,19,449.0,True,True,False,1.0435800229764456,-0.0003527059484323441,-0.0003527059484323441,-0.002727957361344538,467,50,0.0,0.0,0,0,5.2C(50%)-4.25C,False,constant_two_step,5.2,50.0,4.25,4.25,30.0,5.2,4.797829036635006,10.00452488687783,,True,1.0825073353535357,0.003542329844150284,1.0825152,1.0756292,1.0858426,0.010213400000000039,0.00011339298701298702,0.016646742727272724,-4.021899999999759e-05,1.74481598021027e-06,0.0,32.88627829858526,0.0,36.40182568496011,10.174147626262663,10.173984999999327,10.174147626262663,1.0825073353535357,0.003542329844150284,0.00011339298701298702,1.0756292,1.0858426,0.010213400000000039,99,99,99,99,99,99,99,False,False
B2,2018-02-20_batchdata_updated_struct_errorcorrect.mat,2018-02-20,11,B2c11,449.0,False,5.2C(50%)-4.25C,False,468,468,True,True,1.0,468.0,0,False,468,True,False,True,99,-19.0,0.82524824,0.82524824,at_or_below_eol,False,True,0,0,0,0,False,468,20,449.0,True,True,False,1.0686505957264958,-0.0003756139179107404,-0.0003756139179107404,-0.0026792372422569026,468,50,0.0,0.0,0,0,5.2C(50%)-4.25C,False,constant_two_step,5.2,50.0,4.25,4.25,30.0,5.2,4.797829036635006,10.00452488687783,,True,1.1010659737373738,0.01436863062561724,1.1020097,1.0959171,1.1086942,0.012777099999999875,0.00011636928385899787,0.01721894155555555,1.5793000000000057e-05,3.4090262585034023e-06,0.0,33.146477466034135,0.0,37.95576609273272,10.173883215488235,10.173753333333298,10.173883215488235,1.1010659737373738,0.01436863062561724,0.00011636928385899787,1.0959171,1.1086942,0.012777099999999875,99,99,99,99,99,99,99,False,False
B2,2018-02-20_batchdata_updated_struct_errorcorrect.mat,2018-02-20,26,B2c26,450.0,False,5.6C(26%)-4.5C,False,476,476,True,True,1.0,476.0,0,False,476,True,False,True,99,-26.0,0.82529837,0.82529837,at_or_below_eol,False,True,0,0,0,0,False,476,27,450.0,True,True,False,1.0484273892857143,-0.00045962973116475995,-0.00045962973116475995,-0.0021930619087635055,476,50,0.0,0.0,1,1,5.6C(26%)-4.5C,False,constant_two_step,5.6,26.0,4.5,4.5,54.0,5.6,4.8068669527897,9.985714285714286,,True,1.10416721010101,0.002163467579712804,1.1048003,1.1043522,1.1065354,0.002183200000000163,-1.2231956709956539e-05,0.017700572575757578,-0.0008291710000000001,-4.611881793444654e-06,0.0,33.75843376995604,0.0,36.91322322353181,49.8213119360269,10.177568333333571,10.19580411564622,1.10416721010101,0.002163467579712804,-1.2231956709956539e-05,1.1043522,1.1065354,0.002183200000000163,99,99,99,99,99,99,98,False,False
B2,2018-02-20_batchdata_updated_struct_errorcorrect.mat,2018-02-20,29,B2c29,452.0,False,5.2C(58%)-4C,False,470,470,True,True,1.0,470.0,0,False,470,True,False,True,99,-18.0,0.82541627,0.82541627,at_or_below_eol,False,True,0,0,0,0,False,470,19,452.0,True,True,False,1.0744338018936168,-0.00038843699043184557,-0.00038843699043184557,-0.0028302484648259304,470,50,0.0,0.0,0,0,5.2C(58%)-4C,False,constant_two_step,5.2,58.0,4.0,4.0,22.0,5.2,4.803695150115473,9.992307692307692,,True,1.1100257606060604,0.0037116416563656935,1.1098274,1.1032062,1.1159806,0.012774400000000075,0.00012008288806431686,0.016732251515151515,0.00011061700000000035,2.398047915893623e-06,0.0,31.797490897448796,0.0,34.43823202248059,10.173048585858563,10.172915000000891,10.173048585858563,1.1100257606060604,0.0037116416563656935,0.00012008288806431686,1.1032062,1.1159806,0.012774400000000075,99,99,99,99,99,99,99,False,False
B2,2018-02-20_batchdata_updated_struct_errorcorrect.mat,2018-02-20,13,B2c13,460.0,False,4.65C(69%)-6C,False,483,483,True,True,1.0,483.0,0,False,483,True,False,True,99,-23.0,0.82574999,0.82574999,at_or_below_eol,False,True,0,0,0,0,False,483,24,460.0,True,True,False,1.0481444808074534,-0.00040754524141726773,-0.00040754524141726773,-0.002206015126530612,483,50,0.0,0.0,0,0,4.65C(69%)-6C,False,constant_two_step,4.65,69.0,6.0,6.0,11.0,6.0,4.798452112221864,10.003225806451614,,True,1.0949361080808082,0.0014655567238952023,1.0952849,1.0954365,1.0951428,-0.0002936999999998413,-1.14459443413729e-05,0.016067178222222225,-0.0010935590000000009,-5.4119840445268995e-06,0.0,31.946988973926523,0.0,35.0716189725971,10.214119579124512,10.21302999999995,10.214119579124512,1.0949361080808082,0.0014655567238952023,-1.14459443413729e-05,1.0954365,1.0951428,-0.0002936999999998413,99,99,99,99,99,99,99,False,False
B2,2018-02-20_batchdata_updated_struct_errorcorrect.mat,2018-02-20,12,B2c12,466.0,False,4.65C(44%)-5C,False,493,493,True,True,1.0,493.0,0,False,493,True,False,True,99,-27.0,0.82528538,0.82528538,at_or_below_eol,False,True,0,0,0,0,False,493,28,466.0,True,True,False,1.04739759168357,-0.00045888935175402205,-0.00045888935175402205,-0.0019146644220888356,493,50,0.0,0.0,0,0,4.65C(44%)-5C,False,constant_two_step,4.65,44.0,5.0,5.0,36.0,5.0,4.80123902942695,9.997419354838708,,True,1.104144308080808,0.0021044591743401993,1.1043751,1.1016457,1.1065857,0.0049399999999999444,3.124443661100793e-05,0.01652292034343434,-0.0010207299999999975,-4.522877996289421e-06,0.0,31.314676947956993,0.0,33.5953920153671,10.174858552188601,10.174634999999155,10.174858552188601,1.104144308080808,0.0021044591743401993,3.124443661100793e-05,1.1016457,1.1065857,0.0049399999999999444,99,99,99,99,99,99,99,False,False
B2,2018-02-20_batchdata_updated_struct_errorcorrect.mat,2018-02-20,17,B2c17,471.0,False,5.6C(26%)-4.5C,False,494,494,True,True,1.0,494.0,0,False,494,True,False,True,99,-23.0,0.8272146,0.8272146,at_or_below_eol,False,True,0,0,0,0,False,494,24,471.0,True,True,False,1.0379657641497975,-0.0004198428949854458,-0.0004198428949854458,-0.002143948485954381,494,50,0.0,0.0,0,0,5.6C(26%)-4.5C,False,constant_two_step,5.6,26.0,4.5,4.5,54.0,5.6,4.8068669527897,9.985714285714286,,True,1.0939235666666667,0.002237246233426176,1.0936327,1.0917177,1.0944375,0.002719799999999939,3.904175881261578e-05,0.017088656323232324,-0.00042510400000000254,-2.0169255411255467e-06,0.0,32.988612809790894,0.0,34.74907966738554,10.181222777777869,10.17710500000006,10.181222777777869,1.0939235666666667,0.002237246233426176,3.904175881261578e-05,1.0917177,1.0944375,0.002719799999999939,99,99,99,99,99,99,99,False,False
B2,2018-02-20_batchdata_updated_struct_errorcorrect.mat,2018-02-20,16,B2c16,472.0,False,4.8C(80%)-4.8C,False,499,499,True,True,1.0,499.0,0,False,499,True,False,True,99,-27.0,0.82648873,0.82648873,at_or_below_eol,False,True,0,0,0,0,False,499,28,472.0,True,True,False,1.0432562763126252,-0.0004179696038109956,-0.0004179696038109956,-0.0020272860941176474,499,50,0.0,0.0,0,0,4.8C(80%)-4.8C,False,constant_two_step,4.8,80.0,4.8,,0.0,4.8,4.8,10.000000000000002,,True,1.0970297515151517,0.0019939284871606953,1.0974309,1.0945363,1.0940695,-0.0004667999999998784,-1.5038863327148822e-05,0.01749052915151515,-0.0002792050000000011,-5.272325664811383e-07,0.0,32.7673986704417,0.0,36.992036254667184,10.171620942760958,10.171568333332349,10.171620942760958,1.0970297515151517,0.0019939284871606953,-1.5038863327148822e-05,1.0945363,1.0940695,-0.0004667999999998784,99,99,99,99,99,99,99,False,False
B2,2018-02-20_batchdata_updated_struct_errorcorrect.mat,2018-02-20,42,B2c42,474.0,False,5.2C(50%)-4.25C,False,497,497,True,True,1.0,497.0,0,False,497,True,False,True,99,-23.0,0.82577723,0.82577723,at_or_below_eol,False,True,0,0,0,0,False,497,24,474.0,True,True,False,1.0665172140643862,-0.0004054030141703309,-0.0004054030141703309,-0.0022178117752701077,497,50,1.0,1.0,0,0,5.2C(50%)-4.25C,False,constant_two_step,5.2,50.0,4.25,4.25,30.0,5.2,4.797829036635006,10.00452488687783,,True,1.107131119191919,0.003431546416368161,1.1068239,1.1024443,1.1133598,0.010915500000000078,8.583347433518891e-05,,,,1.0,31.709620029469267,1.0,35.574378964676875,10.175111565656564,10.175185000000056,10.175111565656564,1.107131119191919,0.003431546416368161,8.583347433518891e-05,1.1024443,1.1133598,0.010915500000000078,99,0,99,99,99,99,99,False,False
B2,2018-02-20_batchdata_updated_struct_errorcorrect.mat,2018-02-20,27,B2c27,474.0,False,5.2C(50%)-4.25C,False,493,493,True,True,1.0,493.0,0,False,493,True,False,True,99,-19.0,0.8266983,0.8266983,at_or_below_eol,False,True,0,0,0,0,False,493,20,474.0,True,True,False,1.0667488572413792,-0.00034293225458182107,-0.00034293225458182107,-0.002706695776710684,493,50,0.0,0.0,0,0,5.2C(50%)-4.25C,False,constant_two_step,5.2,50.0,4.25,4.25,30.0,5.2,4.797829036635006,10.00452488687783,,True,1.0985360303030303,0.0027241230846826517,1.0980722,1.0925682,1.1031471,0.010578899999999836,8.322792949907228e-05,0.01758869122222222,0.00012275900000000006,2.2818888064316657e-06,0.0,33.30411096115286,0.0,38.09066395642736,10.17464639730628,10.174634999999641,10.17464639730628,1.0985360303030303,0.0027241230846826517,8.322792949907228e-05,1.0925682,1.1031471,0.010578899999999836,99,99,99,99,99,99,99,False,False
B2,2018-02-20_batchdata_updated_struct_errorcorrect.mat,2018-02-20,0,B2c0,477.0,False,5.2C(58%)-4C,False,496,496,True,True,1.0,496.0,0,False,496,True,False,True,99,-19.0,0.82661337,0.82661337,at_or_below_eol,False,True,0,0,0,0,False,496,20,477.0,True,True,False,1.0642472576612905,-0.00037721528092602536,-0.00037721528092602536,-0.0024456895803121248,496,50,0.0,0.0,0,0,5.2C(58%)-4C,False,constant_two_step,5.2,58.0,4.0,4.0,22.0,5.2,4.803695150115473,9.992307692307692,,True,1.105088570707071,0.0031105730342623514,1.1058398,1.1020051,1.1052729,0.003267799999999932,1.3737568336425482e-05,0.017335808494949492,6.96420000000017e-05,2.291168620902912e-06,0.0,31.808470926230026,0.0,35.36620380400637,10.17325806397317,10.173188333333625,10.17325806397317,1.105088570707071,0.0031105730342623514,1.3737568336425482e-05,1.1020051,1.1052729,0.003267799999999932,99,99,99,99,99,99,99,False,False
B2,2018-02-20_batchdata_updated_struct_errorcorrect.mat,2018-02-20,20,B2c20,489.0,False,5.2C(58%)-4C,False,506,506,True,True,1.0,506.0,0,False,506,True,False,True,99,-17.0,0.82856864,0.82856864,at_or_below_eol,False,True,0,0,0,0,False,506,18,489.0,True,True,False,1.0733269965612648,-0.0003047481416098389,-0.0003047481416098389,-0.0028689688854741896,506,50,0.0,0.0,1,1,5.2C(58%)-4C,False,constant_two_step,5.2,58.0,4.0,4.0,22.0,5.2,4.803695150115473,9.992307692307692,,True,1.1000841181818182,0.0021209181945641823,1.1002773,1.0977259,1.1038647,0.0061388,2.8384829931972855e-05,0.016610858888888892,0.00019093999999999708,2.7170596413110693e-06,0.0,33.61911118506716,0.0,36.88625705741767,49.79333134680135,10.172901666666924,10.172928639455789,1.1000841181818182,0.0021209181945641823,2.8384829931972855e-05,1.0977259,1.1038647,0.0061388,99,99,99,99,99,99,98,False,False
B2,2018-02-20_batchdata_updated_struct_errorcorrect.mat,2018-02-20,1,B2c1,491.0,False,5.6C(26%)-4.5C,False,513,513,True,True,1.0,513.0,0,False,513,True,False,True,99,-22.0,0.82848173,0.82848173,at_or_below_eol,False,True,0,0,0,0,False,513,23,491.0,True,True,False,1.049763966471735,-0.0004081370467818479,-0.0004081370467818479,-0.0020953985152460984,513,50,0.0,0.0,0,0,5.6C(26%)-4.5C,False,constant_two_step,5.6,26.0,4.5,4.5,54.0,5.6,4.8068669527897,9.985714285714286,,True,1.1049235595959594,0.003436063196507257,1.1061579,1.1057826,1.1015422,-0.004240400000000033,-3.290422139764944e-05,0.01755231991919192,-0.0006942100000000007,-3.6347278416821277e-06,0.0,33.60099815475848,0.0,36.451634705216804,10.198514225589118,10.176856666666572,10.198514225589118,1.1049235595959594,0.003436063196507257,-3.290422139764944e-05,1.1057826,1.1015422,-0.004240400000000033,99,99,99,99,99,99,99,False,False
B2,2018-02-20_batchdata_updated_struct_errorcorrect.mat,2018-02-20,10,B2c10,492.0,False,4.8C(80%)-4.8C,False,519,519,True,True,1.0,519.0,0,False,519,True,False,True,99,-27.0,0.82791102,0.82791102,at_or_below_eol,False,True,0,0,0,0,False,519,28,492.0,True,True,False,1.0638706776878613,-0.0004163283594330212,-0.0004163283594330212,-0.001991002899879952,519,50,0.0,0.0,0,0,4.8C(80%)-4.8C,False,constant_two_step,4.8,80.0,4.8,,0.0,4.8,4.8,10.000000000000002,,True,1.1111783965656563,0.011659720700200233,1.1125798,1.1092782,1.1162933,0.00701509999999983,5.449445590599874e-05,0.01705791890909091,-0.00030304700000000073,2.1348672850958696e-07,0.0,31.720791269063756,0.0,34.35574737651136,10.169499612794551,10.17084500000031,10.169499612794551,1.1111783965656563,0.011659720700200233,5.449445590599874e-05,1.1092782,1.1162933,0.00701509999999983,99,99,99,99,99,99,99,False,False
B2,2018-02-20_batchdata_updated_struct_errorcorrect.mat,2018-02-20,25,B2c25,493.0,False,5.2C(58%)-4C,False,511,511,True,True,1.0,511.0,0,False,511,True,False,True,99,-18.0,0.82751423,0.82751423,at_or_below_eol,False,True,0,0,0,0,False,511,19,493.0,True,True,False,1.0720632908414873,-0.0003145100231281297,-0.0003145100231281297,-0.0028603058881152463,511,50,0.0,0.0,0,0,5.2C(58%)-4C,False,constant_two_step,5.2,58.0,4.0,4.0,22.0,5.2,4.803695150115473,9.992307692307692,,True,1.1022470464646466,0.0024452608617701074,1.1022429,1.098838,1.1063702,0.007532199999999989,3.860060482374758e-05,0.01674041588888889,2.3801000000000377e-05,2.039570191713047e-06,0.0,32.23848796399698,0.0,34.442510549892894,10.172931649831627,10.173028333333786,10.172931649831627,1.1022470464646466,0.0024452608617701074,3.860060482374758e-05,1.098838,1.1063702,0.007532199999999989,99,99,99,99,99,99,99,False,False
B2,2018-02-20_batchdata_updated_struct_errorcorrect.mat,2018-02-20,3,B2c3,499.0,False,4.65C(44%)-5C,False,517,517,True,True,1.0,517.0,0,False,517,True,False,True,99,-18.0,0.82550967,0.82550967,at_or_below_eol,False,True,0,0,0,0,False,517,19,499.0,True,True,False,1.0545933735396518,-0.00037003699338066486,-0.00037003699338066486,-0.0022236980571428574,517,50,0.0,0.0,0,0,4.65C(44%)-5C,False,constant_two_step,4.65,44.0,5.0,5.0,36.0,5.0,4.80123902942695,9.997419354838708,,True,1.1014852565656565,0.0030443226622133123,1.1009089,1.0959566,1.1003293,0.004372700000000007,7.592857884972138e-05,0.01591516953535354,-3.5558000000001505e-05,1.4020918862090317e-06,0.0,33.93805810095692,0.0,38.772733971659186,10.173178956229002,10.173140000000421,10.173178956229002,1.1014852565656565,0.0030443226622133123,7.592857884972138e-05,1.0959566,1.1003293,0.004372700000000007,99,99,99,99,99,99,99,False,False
B2,2018-02-20_batchdata_updated_struct_errorcorrect.mat,2018-02-20,7,B2c7,777.0,False,4.8C(80%)-4.8C-newstructure,False,806,806,True,True,1.0,806.0,0,False,806,True,False,True,99,-29.0,0.8264814,0.8264814,at_or_below_eol,False,True,0,0,0,0,False,806,30,777.0,True,True,False,1.047547119019851,-0.0002237482869821096,-0.0002237482869821096,-0.0017017847500600243,806,50,0.0,0.0,0,0,4.8C(80%)-4.8C,True,constant_two_step,4.8,80.0,4.8,,0.0,4.8,4.8,10.000000000000002,,True,1.0930350373737374,0.0024698310807556184,1.0923721,1.0904776,1.09727,0.006792399999999921,5.346993939393924e-05,0.014790622575757575,1.3403999999999847e-05,-2.819422387136772e-08,0.0,33.769687089746824,0.0,37.14950685044426,10.035777525252517,10.035609999999481,10.035777525252517,1.0930350373737374,0.0024698310807556184,5.346993939393924e-05,1.0904776,1.09727,0.006792399999999921,99,99,99,99,99,99,99,False,True
B2,2018-02-20_batchdata_updated_struct_errorcorrect.mat,2018-02-20,9,B2c9,791.0,False,5.6C(26%)-4.5C-newstructure,False,819,819,True,True,1.0,819.0,0,False,819,True,False,True,99,-28.0,0.82610458,0.82610458,at_or_below_eol,False,True,0,0,0,0,False,819,29,791.0,True,True,False,1.0614169436019536,-0.00020310493263625082,-0.00020310493263625082,-0.001784702710684273,819,50,0.0,0.0,0,0,5.6C(26%)-4.5C,True,constant_two_step,5.6,26.0,4.5,4.5,54.0,5.6,4.8068669527897,9.985714285714286,,True,1.0975024424242423,0.001878552772318587,1.0981479,1.0949715,1.0975486,0.00257710000000011,-3.178960420531827e-05,0.015396235121212121,-5.300199999999991e-05,7.339797526283246e-07,0.0,32.3508526526095,0.0,33.58605048865401,10.039928501683493,10.040233333333406,10.039928501683493,1.0975024424242423,0.001878552772318587,-3.178960420531827e-05,1.0949715,1.0975486,0.00257710000000011,99,99,99,99,99,99,99,False,True
B2,2018-02-20_batchdata_updated_struct_errorcorrect.mat,2018-02-20,32,B2c32,809.0,False,4.8C(80%)-4.8C-newstructure,False,834,834,True,True,1.0,834.0,0,False,834,True,False,True,99,-25.0,0.82744044,0.82744044,at_or_below_eol,False,True,0,0,0,0,False,834,26,809.0,True,True,False,1.0444929432374102,-0.00020916778128991656,-0.00020916778128991656,-0.0018280285757503,834,50,0.0,0.0,1,1,4.8C(80%)-4.8C,True,constant_two_step,4.8,80.0,4.8,,0.0,4.8,4.8,10.000000000000002,,True,1.0900473909090909,0.0030514738774422585,1.09124,1.0881557,1.0874337,-0.0007219999999998894,-5.5682572665429874e-05,0.014811171424242424,-5.889600000000099e-05,-2.904050958565243e-07,0.0,32.16894887045923,0.0,33.94637920302099,49.67143777777785,10.04089833333322,10.040991343537481,1.0900473909090909,0.0030514738774422585,-5.5682572665429874e-05,1.0881557,1.0874337,-0.0007219999999998894,99,99,99,99,99,99,98,False,True
B2,2018-02-20_batchdata_updated_struct_errorcorrect.mat,2018-02-20,44,B2c44,841.0,False,5.2C(58%)-4C-newstructure,False,874,874,True,True,1.0,874.0,0,False,874,True,False,True,99,-33.0,0.82503617,0.82503617,at_or_below_eol,False,True,0,0,0,0,False,874,34,841.0,True,True,False,1.064464921064073,-0.00018261170501879983,-0.00018261170501879983,-0.001609718917647059,874,50,1.0,1.0,1,1,5.2C(58%)-4C,True,constant_two_step,5.2,58.0,4.0,4.0,22.0,5.2,4.803695150115473,9.992307692307692,,True,1.0976287414141412,0.001290630019939643,1.0979879,1.09659,1.0974951,0.000905099999999992,-2.4462076685219143e-05,,,,1.0,33.95995836968299,1.0,36.8790253111546,49.66138013468012,10.04033000000054,10.040506156462564,1.0976287414141412,0.001290630019939643,-2.4462076685219143e-05,1.09659,1.0974951,0.000905099999999992,99,0,99,99,99,99,98,False,True
B2,2018-02-20_batchdata_updated_struct_errorcorrect.mat,2018-02-20,8,B2c8,904.0,False,5.2C(58%)-4C-newstructure,False,947,947,True,True,1.0,947.0,0,False,947,True,False,True,99,-43.0,0.8255862,0.8255862,at_or_below_eol,False,True,0,0,0,0,False,947,44,904.0,True,True,False,1.054392999820486,-0.00018549398953625007,-0.00018549398953625007,-0.0012420080878751503,947,50,0.0,0.0,0,0,5.2C(58%)-4C,True,constant_two_step,5.2,58.0,4.0,4.0,22.0,5.2,4.803695150115473,9.992307692307692,,True,1.0901590962626262,0.01221914851519545,1.0917038,1.0906329,1.0909338,0.00030090000000004835,-4.8129210760667585e-05,0.016466365090909093,3.0228999999999673e-05,5.908662832405671e-07,0.0,33.59868374090274,0.0,35.674109782051225,10.03986983164983,10.039828333334299,10.03986983164983,1.0901590962626262,0.01221914851519545,-4.8129210760667585e-05,1.0906329,1.0909338,0.00030090000000004835,99,99,99,99,99,99,99,False,True
B2,2018-02-20_batchdata_updated_struct_errorcorrect.mat,2018-02-20,45,B2c45,997.0,False,5.6C(26%)-4.5C-newstructure,False,1027,1027,True,True,1.0,1027.0,0,False,1027,True,False,True,99,-30.0,0.82734823,0.82734823,at_or_below_eol,False,True,0,0,0,0,False,1027,31,997.0,True,True,False,1.0632868345277506,-0.00016984362345319955,-0.00016984362345319955,-0.0015052697253301317,1027,50,1.0,1.0,0,0,5.6C(26%)-4.5C,True,constant_two_step,5.6,26.0,4.5,4.5,54.0,5.6,4.8068669527897,9.985714285714286,,True,1.1012188434343433,0.008355580481589457,1.1029439,1.1030351,1.0995457,-0.003489400000000087,-7.610656895485454e-05,,,,1.0,35.271412144027664,1.0,37.86687606904902,10.040190555555519,10.040363333333516,10.040190555555519,1.1012188434343433,0.008355580481589457,-7.610656895485454e-05,1.1030351,1.0995457,-0.003489400000000087,99,0,99,99,99,99,99,False,True
B2,2018-02-20_batchdata_updated_struct_errorcorrect.mat,2018-02-20,43,B2c43,1029.0,False,4.8C(80%)-4.8C-newstructure,False,1061,1061,True,True,1.0,1061.0,0,False,1061,True,False,True,99,-32.0,0.82532436,0.82532436,at_or_below_eol,False,True,0,0,0,0,False,1061,33,1029.0,True,True,False,1.0602723944957588,-0.0001568941633669877,-0.0001568941633669877,-0.0015570627697478992,1061,50,1.0,1.0,0,0,4.8C(80%)-4.8C,True,constant_two_step,4.8,80.0,4.8,,0.0,4.8,4.8,10.000000000000002,,True,1.0986638707070708,0.0032284877935201545,1.1002626,1.0974334,1.0966223,-0.0008110999999999535,-7.295969944341347e-05,,,,1.0,33.92914533704784,1.0,36.97438163334141,10.036751245791278,10.03683833333295,10.036751245791278,1.0986638707070708,0.0032284877935201545,-7.295969944341347e-05,1.0974334,1.0966223,-0.0008110999999999535,99,0,99,99,99,99,99,False,True
B2,2018-02-20_batchdata_updated_struct_errorcorrect.mat,2018-02-20,33,B2c33,1140.0,False,5.2C(58%)-4C-newstructure,False,1190,1190,True,True,1.0,1190.0,0,False,1190,True,False,True,99,-50.0,0.82506907,0.82506907,at_or_below_eol,False,True,0,0,0,0,False,1190,51,1140.0,True,True,False,1.0250763915966385,-0.0001372469894745822,-0.0001372469894745822,-0.0010958099044417768,1190,50,0.0,0.0,0,0,5.2C(58%)-4C,True,constant_two_step,5.2,58.0,4.0,4.0,22.0,5.2,4.803695150115473,9.992307692307692,,True,1.0705903191919193,0.015028060800760778,1.0734634,1.0732747,1.0686773,-0.004597399999999974,-0.00012531416326530605,0.014990987444444446,-8.753799999999985e-05,3.81460235003082e-08,0.0,32.74157143407892,0.0,34.30263809635044,10.03956353535346,10.039278333333398,10.03956353535346,1.0705903191919193,0.015028060800760778,-0.00012531416326530605,1.0732747,1.0686773,-0.004597399999999974,99,99,99,99,99,99,99,False,True
B2,2018-02-20_batchdata_updated_struct_errorcorrect.mat,2018-02-20,34,B2c34,1186.0,False,5.6C(26%)-4.5C-newstructure,False,1252,1252,True,True,1.0,1252.0,0,False,1252,True,False,True,99,-66.0,0.82562441,0.82562441,at_or_below_eol,False,True,0,0,0,0,False,1252,67,1186.0,True,True,False,1.0173759822044728,-0.00013622753121820156,-0.00013622753121820156,-0.0008469826530612247,1252,50,0.0,0.0,1,1,5.6C(26%)-4.5C,True,constant_two_step,5.6,26.0,4.5,4.5,54.0,5.6,4.8068669527897,9.985714285714286,,True,1.0671324676767675,0.0020980947717854693,1.0681078,1.0671737,1.0644548,-0.0027188999999998575,-5.4562957328385595e-05,0.01495288393939394,-0.00011882799999999964,2.2706116264687573e-07,0.0,35.66789148456313,0.0,38.96110461672359,49.6776396632997,10.040186666666704,10.040434234693901,1.0671324676767675,0.0020980947717854693,-5.4562957328385595e-05,1.0671737,1.0644548,-0.0027188999999998575,99,99,99,99,99,99,98,False,True
B3,2018-04-12_batchdata_updated_struct_errorcorrect.mat,2018-04-12,45,B3c45,1801.0,False,4.8C(80%)-4.8C-newstructure,False,1800,1800,True,True,1.0,1800.0,0,False,1800,True,False,True,99,1.0,0.88047254,0.88047254,near_eol_above,False,True,0,0,0,0,False,1800,0,,False,False,True,1.0272923093166668,-7.82162310765425e-05,-7.82162310765425e-05,-0.00045315458055222076,1800,50,0.0,0.0,0,0,4.8C(80%)-4.8C,True,constant_two_step,4.8,80.0,4.8,,0.0,4.8,4.8,10.000000000000002,,True,1.0714658575757574,0.0004595824842337534,1.0714893,1.0695485,1.0711251,0.001576599999999928,-1.258453927026678e-07,0.015618692474747477,-7.953999999999947e-05,-1.1651281385281317e-07,0.0,32.72596355233115,0.0,34.6817726725469,11.038587558922575,11.03800666666648,11.038587558922575,1.0714658575757574,0.0004595824842337534,-1.258453927026678e-07,1.0695485,1.0711251,0.001576599999999928,99,99,99,99,99,99,99,True,True
B3,2018-04-12_batchdata_updated_struct_errorcorrect.mat,2018-04-12,7,B3c7,1836.0,False,4.8C(80%)-4.8C-newstructure,False,1835,1835,True,True,1.0,1835.0,0,False,1835,True,False,True,99,1.0,0.88036358,0.88036358,near_eol_above,False,True,0,0,0,0,False,1835,0,,False,False,True,1.0275107895531337,-7.564072162750049e-05,-7.564072162750049e-05,-0.0004592901200480193,1835,50,0.0,0.0,0,0,4.8C(80%)-4.8C,True,constant_two_step,4.8,80.0,4.8,,0.0,4.8,4.8,10.000000000000002,,True,1.0701774252525253,0.0006324969512459371,1.0703373,1.0675218,1.0684743,0.0009525000000001338,-2.3574483611627117e-06,0.015428265515151515,-3.5402999999999823e-05,2.5414660482374796e-07,0.0,32.79694473003086,0.0,34.27477909930834,11.040740218855252,11.038663333333291,11.040740218855252,1.0701774252525253,0.0006324969512459371,-2.3574483611627117e-06,1.0675218,1.0684743,0.0009525000000001338,99,99,99,99,99,99,99,True,True
B3,2018-04-12_batchdata_updated_struct_errorcorrect.mat,2018-04-12,38,B3c38,1935.0,False,5C(67%)-4C-newstructure,False,1934,1934,True,True,1.0,1934.0,0,False,1934,True,False,True,99,1.0,0.88000458,0.88000458,near_eol_above,False,True,0,0,0,0,False,1934,0,,False,False,True,1.0264910500879008,-7.11770007027589e-05,-7.11770007027589e-05,-0.0005086142453781516,1934,50,0.0,0.0,0,0,5C(67%)-4C,True,constant_two_step,5.0,67.0,4.0,4.0,13.0,5.0,4.804804804804805,9.99,,True,1.0719827515151514,0.0004599846346953916,1.0721067,1.0701473,1.0710695,0.0009221999999999841,-8.787589363017988e-06,0.01583589924242424,-0.00011589700000000022,-2.3402310451453417e-07,0.0,34.745836319764145,0.0,37.739090670595026,10.043707962962927,10.043544999999964,10.043707962962927,1.0719827515151514,0.0004599846346953916,-8.787589363017988e-06,1.0701473,1.0710695,0.0009221999999999841,99,99,99,99,99,99,99,True,True
